{
  "type": "FeatureCollection",
  "features": [
    {
      "type": "Feature",
      "geometry": {
        "type": "Point",
        "coordinates": [
          182,
          15
        ]
      },
      "properties": {
        "id": 0,
        "kind": "junction"
      }
    },
    {
      "type": "Feature",
      "geometry": {
        "type": "Point",
        "coordinates": [
          188,
          15
        ]
      },
      "properties": {
        "id": 1,
        "kind": "junction"
      }
    },
    {
      "type": "Feature",
      "geometry": {
        "type": "Point",
        "coordinates": [
          183,
          17
        ]
      },
      "properties": {
        "id": 2,
        "kind": "junction"
      }
    },
    {
      "type": "Feature",
      "geometry": {
        "type": "Point",
        "coordinates": [
          187,
          17
        ]
      },
      "properties": {
        "id": 3,
        "kind": "junction"
      }
    },
    {
      "type": "Feature",
      "geometry": {
        "type": "Point",
        "coordinates": [
          184,
          18
        ]
      },
      "properties": {
        "id": 4,
        "kind": "junction"
      }
    },
    {
      "type": "Feature",
      "geometry": {
        "type": "Point",
        "coordinates": [
          186,
          18
        ]
      },
      "properties": {
        "id": 5,
        "kind": "junction"
      }
    },
    {
      "type": "Feature",
      "geometry": {
        "type": "Point",
        "coordinates": [
          185,
          20
        ]
      },
      "properties": {
        "id": 6,
        "kind": "junction"
      }
    },
    {
      "type": "Feature",
      "geometry": {
        "type": "Point",
        "coordinates": [
          185,
          21
        ]
      },
      "properties": {
        "id": 7,
        "kind": "junction"
      }
    },
    {
      "type": "Feature",
      "geometry": {
        "type": "Point",
        "coordinates": [
          185,
          22
        ]
      },
      "properties": {
        "id": 8,
        "kind": "junction"
      }
    },
    {
      "type": "Feature",
      "geometry": {
        "type": "Point",
        "coordinates": [
          186,
          22
        ]
      },
      "properties": {
        "id": 9,
        "kind": "junction"
      }
    },
    {
      "type": "Feature",
      "geometry": {
        "type": "Point",
        "coordinates": [
          185,
          23
        ]
      },
      "properties": {
        "id": 10,
        "kind": "junction"
      }
    },
    {
      "type": "Feature",
      "geometry": {
        "type": "Point",
        "coordinates": [
          185,
          24
        ]
      },
      "properties": {
        "id": 11,
        "kind": "junction"
      }
    },
    {
      "type": "Feature",
      "geometry": {
        "type": "Point",
        "coordinates": [
          184,
          25
        ]
      },
      "properties": {
        "id": 12,
        "kind": "junction"
      }
    },
    {
      "type": "Feature",
      "geometry": {
        "type": "Point",
        "coordinates": [
          185,
          25
        ]
      },
      "properties": {
        "id": 13,
        "kind": "junction"
      }
    },
    {
      "type": "Feature",
      "geometry": {
        "type": "Point",
        "coordinates": [
          185,
          26
        ]
      },
      "properties": {
        "id": 14,
        "kind": "junction"
      }
    },
    {
      "type": "Feature",
      "geometry": {
        "type": "Point",
        "coordinates": [
          186,
          28
        ]
      },
      "properties": {
        "id": 15,
        "kind": "junction"
      }
    },
    {
      "type": "Feature",
      "geometry": {
        "type": "Point",
        "coordinates": [
          185,
          29
        ]
      },
      "properties": {
        "id": 16,
        "kind": "junction"
      }
    },
    {
      "type": "Feature",
      "geometry": {
        "type": "Point",
        "coordinates": [
          186,
          29
        ]
      },
      "properties": {
        "id": 17,
        "kind": "junction"
      }
    },
    {
      "type": "Feature",
      "geometry": {
        "type": "Point",
        "coordinates": [
          185,
          30
        ]
      },
      "properties": {
        "id": 18,
        "kind": "junction"
      }
    },
    {
      "type": "Feature",
      "geometry": {
        "type": "Point",
        "coordinates": [
          186,
          30
        ]
      },
      "properties": {
        "id": 19,
        "kind": "junction"
      }
    },
    {
      "type": "Feature",
      "geometry": {
        "type": "Point",
        "coordinates": [
          185,
          31
        ]
      },
      "properties": {
        "id": 20,
        "kind": "junction"
      }
    },
    {
      "type": "Feature",
      "geometry": {
        "type": "Point",
        "coordinates": [
          186,
          31
        ]
      },
      "properties": {
        "id": 21,
        "kind": "junction"
      }
    },
    {
      "type": "Feature",
      "geometry": {
        "type": "Point",
        "coordinates": [
          185,
          32
        ]
      },
      "properties": {
        "id": 22,
        "kind": "junction"
      }
    },
    {
      "type": "Feature",
      "geometry": {
        "type": "Point",
        "coordinates": [
          186,
          32
        ]
      },
      "properties": {
        "id": 23,
        "kind": "junction"
      }
    },
    {
      "type": "Feature",
      "geometry": {
        "type": "Point",
        "coordinates": [
          185,
          33
        ]
      },
      "properties": {
        "id": 24,
        "kind": "junction"
      }
    },
    {
      "type": "Feature",
      "geometry": {
        "type": "Point",
        "coordinates": [
          330,
          35
        ]
      },
      "properties": {
        "id": 25,
        "kind": "junction"
      }
    },
    {
      "type": "Feature",
      "geometry": {
        "type": "Point",
        "coordinates": [
          331,
          36
        ]
      },
      "properties": {
        "id": 26,
        "kind": "junction"
      }
    },
    {
      "type": "Feature",
      "geometry": {
        "type": "Point",
        "coordinates": [
          337,
          38
        ]
      },
      "properties": {
        "id": 27,
        "kind": "junction"
      }
    },
    {
      "type": "Feature",
      "geometry": {
        "type": "Point",
        "coordinates": [
          333,
          42
        ]
      },
      "properties": {
        "id": 28,
        "kind": "junction"
      }
    },
    {
      "type": "Feature",
      "geometry": {
        "type": "Point",
        "coordinates": [
          187,
          43
        ]
      },
      "properties": {
        "id": 29,
        "kind": "junction"
      }
    },
    {
      "type": "Feature",
      "geometry": {
        "type": "Point",
        "coordinates": [
          332,
          43
        ]
      },
      "properties": {
        "id": 30,
        "kind": "junction"
      }
    },
    {
      "type": "Feature",
      "geometry": {
        "type": "Point",
        "coordinates": [
          186,
          44
        ]
      },
      "properties": {
        "id": 31,
        "kind": "junction"
      }
    },
    {
      "type": "Feature",
      "geometry": {
        "type": "Point",
        "coordinates": [
          187,
          44
        ]
      },
      "properties": {
        "id": 32,
        "kind": "junction"
      }
    },
    {
      "type": "Feature",
      "geometry": {
        "type": "Point",
        "coordinates": [
          186,
          45
        ]
      },
      "properties": {
        "id": 33,
        "kind": "junction"
      }
    },
    {
      "type": "Feature",
      "geometry": {
        "type": "Point",
        "coordinates": [
          187,
          45
        ]
      },
      "properties": {
        "id": 34,
        "kind": "junction"
      }
    },
    {
      "type": "Feature",
      "geometry": {
        "type": "Point",
        "coordinates": [
          330,
          45
        ]
      },
      "properties": {
        "id": 35,
        "kind": "junction"
      }
    },
    {
      "type": "Feature",
      "geometry": {
        "type": "Point",
        "coordinates": [
          186,
          46
        ]
      },
      "properties": {
        "id": 36,
        "kind": "junction"
      }
    },
    {
      "type": "Feature",
      "geometry": {
        "type": "Point",
        "coordinates": [
          187,
          46
        ]
      },
      "properties": {
        "id": 37,
        "kind": "junction"
      }
    },
    {
      "type": "Feature",
      "geometry": {
        "type": "Point",
        "coordinates": [
          329,
          46
        ]
      },
      "properties": {
        "id": 38,
        "kind": "junction"
      }
    },
    {
      "type": "Feature",
      "geometry": {
        "type": "Point",
        "coordinates": [
          330,
          46
        ]
      },
      "properties": {
        "id": 39,
        "kind": "junction"
      }
    },
    {
      "type": "Feature",
      "geometry": {
        "type": "Point",
        "coordinates": [
          186,
          47
        ]
      },
      "properties": {
        "id": 40,
        "kind": "junction"
      }
    },
    {
      "type": "Feature",
      "geometry": {
        "type": "Point",
        "coordinates": [
          187,
          47
        ]
      },
      "properties": {
        "id": 41,
        "kind": "junction"
      }
    },
    {
      "type": "Feature",
      "geometry": {
        "type": "Point",
        "coordinates": [
          329,
          47
        ]
      },
      "properties": {
        "id": 42,
        "kind": "junction"
      }
    },
    {
      "type": "Feature",
      "geometry": {
        "type": "Point",
        "coordinates": [
          186,
          48
        ]
      },
      "properties": {
        "id": 43,
        "kind": "junction"
      }
    },
    {
      "type": "Feature",
      "geometry": {
        "type": "Point",
        "coordinates": [
          187,
          48
        ]
      },
      "properties": {
        "id": 44,
        "kind": "junction"
      }
    },
    {
      "type": "Feature",
      "geometry": {
        "type": "Point",
        "coordinates": [
          186,
          49
        ]
      },
      "properties": {
        "id": 45,
        "kind": "junction"
      }
    },
    {
      "type": "Feature",
      "geometry": {
        "type": "Point",
        "coordinates": [
          187,
          49
        ]
      },
      "properties": {
        "id": 46,
        "kind": "junction"
      }
    },
    {
      "type": "Feature",
      "geometry": {
        "type": "Point",
        "coordinates": [
          186,
          50
        ]
      },
      "properties": {
        "id": 47,
        "kind": "junction"
      }
    },
    {
      "type": "Feature",
      "geometry": {
        "type": "Point",
        "coordinates": [
          319,
          57
        ]
      },
      "properties": {
        "id": 48,
        "kind": "junction"
      }
    },
    {
      "type": "Feature",
      "geometry": {
        "type": "Point",
        "coordinates": [
          308,
          58
        ]
      },
      "properties": {
        "id": 49,
        "kind": "junction"
      }
    },
    {
      "type": "Feature",
      "geometry": {
        "type": "Point",
        "coordinates": [
          318,
          58
        ]
      },
      "properties": {
        "id": 50,
        "kind": "junction"
      }
    },
    {
      "type": "Feature",
      "geometry": {
        "type": "Point",
        "coordinates": [
          319,
          58
        ]
      },
      "properties": {
        "id": 51,
        "kind": "junction"
      }
    },
    {
      "type": "Feature",
      "geometry": {
        "type": "Point",
        "coordinates": [
          310,
          59
        ]
      },
      "properties": {
        "id": 52,
        "kind": "junction"
      }
    },
    {
      "type": "Feature",
      "geometry": {
        "type": "Point",
        "coordinates": [
          317,
          59
        ]
      },
      "properties": {
        "id": 53,
        "kind": "junction"
      }
    },
    {
      "type": "Feature",
      "geometry": {
        "type": "Point",
        "coordinates": [
          318,
          59
        ]
      },
      "properties": {
        "id": 54,
        "kind": "junction"
      }
    },
    {
      "type": "Feature",
      "geometry": {
        "type": "Point",
        "coordinates": [
          316,
          60
        ]
      },
      "properties": {
        "id": 55,
        "kind": "junction"
      }
    },
    {
      "type": "Feature",
      "geometry": {
        "type": "Point",
        "coordinates": [
          317,
          60
        ]
      },
      "properties": {
        "id": 56,
        "kind": "junction"
      }
    },
    {
      "type": "Feature",
      "geometry": {
        "type": "Point",
        "coordinates": [
          316,
          61
        ]
      },
      "properties": {
        "id": 57,
        "kind": "junction"
      }
    },
    {
      "type": "Feature",
      "geometry": {
        "type": "Point",
        "coordinates": [
          305,
          63
        ]
      },
      "properties": {
        "id": 58,
        "kind": "junction"
      }
    },
    {
      "type": "Feature",
      "geometry": {
        "type": "Point",
        "coordinates": [
          16,
          67
        ]
      },
      "properties": {
        "id": 59,
        "kind": "junction"
      }
    },
    {
      "type": "Feature",
      "geometry": {
        "type": "Point",
        "coordinates": [
          18,
          68
        ]
      },
      "properties": {
        "id": 60,
        "kind": "junction"
      }
    },
    {
      "type": "Feature",
      "geometry": {
        "type": "Point",
        "coordinates": [
          308,
          69
        ]
      },
      "properties": {
        "id": 61,
        "kind": "junction"
      }
    },
    {
      "type": "Feature",
      "geometry": {
        "type": "Point",
        "coordinates": [
          20,
          70
        ]
      },
      "properties": {
        "id": 62,
        "kind": "junction"
      }
    },
    {
      "type": "Feature",
      "geometry": {
        "type": "Point",
        "coordinates": [
          21,
          70
        ]
      },
      "properties": {
        "id": 63,
        "kind": "junction"
      }
    },
    {
      "type": "Feature",
      "geometry": {
        "type": "Point",
        "coordinates": [
          22,
          70
        ]
      },
      "properties": {
        "id": 64,
        "kind": "junction"
      }
    },
    {
      "type": "Feature",
      "geometry": {
        "type": "Point",
        "coordinates": [
          23,
          70
        ]
      },
      "properties": {
        "id": 65,
        "kind": "junction"
      }
    },
    {
      "type": "Feature",
      "geometry": {
        "type": "Point",
        "coordinates": [
          24,
          70
        ]
      },
      "properties": {
        "id": 66,
        "kind": "junction"
      }
    },
    {
      "type": "Feature",
      "geometry": {
        "type": "Point",
        "coordinates": [
          25,
          70
        ]
      },
      "properties": {
        "id": 67,
        "kind": "junction"
      }
    },
    {
      "type": "Feature",
      "geometry": {
        "type": "Point",
        "coordinates": [
          26,
          70
        ]
      },
      "properties": {
        "id": 68,
        "kind": "junction"
      }
    },
    {
      "type": "Feature",
      "geometry": {
        "type": "Point",
        "coordinates": [
          27,
          70
        ]
      },
      "properties": {
        "id": 69,
        "kind": "junction"
      }
    },
    {
      "type": "Feature",
      "geometry": {
        "type": "Point",
        "coordinates": [
          28,
          70
        ]
      },
      "properties": {
        "id": 70,
        "kind": "junction"
      }
    },
    {
      "type": "Feature",
      "geometry": {
        "type": "Point",
        "coordinates": [
          29,
          70
        ]
      },
      "properties": {
        "id": 71,
        "kind": "junction"
      }
    },
    {
      "type": "Feature",
      "geometry": {
        "type": "Point",
        "coordinates": [
          36,
          70
        ]
      },
      "properties": {
        "id": 72,
        "kind": "junction"
      }
    },
    {
      "type": "Feature",
      "geometry": {
        "type": "Point",
        "coordinates": [
          307,
          70
        ]
      },
      "properties": {
        "id": 73,
        "kind": "junction"
      }
    },
    {
      "type": "Feature",
      "geometry": {
        "type": "Point",
        "coordinates": [
          308,
          70
        ]
      },
      "properties": {
        "id": 74,
        "kind": "junction"
      }
    },
    {
      "type": "Feature",
      "geometry": {
        "type": "Point",
        "coordinates": [
          20,
          71
        ]
      },
      "properties": {
        "id": 75,
        "kind": "junction"
      }
    },
    {
      "type": "Feature",
      "geometry": {
        "type": "Point",
        "coordinates": [
          21,
          71
        ]
      },
      "properties": {
        "id": 76,
        "kind": "junction"
      }
    },
    {
      "type": "Feature",
      "geometry": {
        "type": "Point",
        "coordinates": [
          22,
          71
        ]
      },
      "properties": {
        "id": 77,
        "kind": "junction"
      }
    },
    {
      "type": "Feature",
      "geometry": {
        "type": "Point",
        "coordinates": [
          23,
          71
        ]
      },
      "properties": {
        "id": 78,
        "kind": "junction"
      }
    },
    {
      "type": "Feature",
      "geometry": {
        "type": "Point",
        "coordinates": [
          24,
          71
        ]
      },
      "properties": {
        "id": 79,
        "kind": "junction"
      }
    },
    {
      "type": "Feature",
      "geometry": {
        "type": "Point",
        "coordinates": [
          25,
          71
        ]
      },
      "properties": {
        "id": 80,
        "kind": "junction"
      }
    },
    {
      "type": "Feature",
      "geometry": {
        "type": "Point",
        "coordinates": [
          26,
          71
        ]
      },
      "properties": {
        "id": 81,
        "kind": "junction"
      }
    },
    {
      "type": "Feature",
      "geometry": {
        "type": "Point",
        "coordinates": [
          27,
          71
        ]
      },
      "properties": {
        "id": 82,
        "kind": "junction"
      }
    },
    {
      "type": "Feature",
      "geometry": {
        "type": "Point",
        "coordinates": [
          28,
          71
        ]
      },
      "properties": {
        "id": 83,
        "kind": "junction"
      }
    },
    {
      "type": "Feature",
      "geometry": {
        "type": "Point",
        "coordinates": [
          35,
          71
        ]
      },
      "properties": {
        "id": 84,
        "kind": "junction"
      }
    },
    {
      "type": "Feature",
      "geometry": {
        "type": "Point",
        "coordinates": [
          36,
          71
        ]
      },
      "properties": {
        "id": 85,
        "kind": "junction"
      }
    },
    {
      "type": "Feature",
      "geometry": {
        "type": "Point",
        "coordinates": [
          37,
          71
        ]
      },
      "properties": {
        "id": 86,
        "kind": "junction"
      }
    },
    {
      "type": "Feature",
      "geometry": {
        "type": "Point",
        "coordinates": [
          44,
          71
        ]
      },
      "properties": {
        "id": 87,
        "kind": "junction"
      }
    },
    {
      "type": "Feature",
      "geometry": {
        "type": "Point",
        "coordinates": [
          45,
          71
        ]
      },
      "properties": {
        "id": 88,
        "kind": "junction"
      }
    },
    {
      "type": "Feature",
      "geometry": {
        "type": "Point",
        "coordinates": [
          46,
          71
        ]
      },
      "properties": {
        "id": 89,
        "kind": "junction"
      }
    },
    {
      "type": "Feature",
      "geometry": {
        "type": "Point",
        "coordinates": [
          307,
          71
        ]
      },
      "properties": {
        "id": 90,
        "kind": "junction"
      }
    },
    {
      "type": "Feature",
      "geometry": {
        "type": "Point",
        "coordinates": [
          18,
          72
        ]
      },
      "properties": {
        "id": 91,
        "kind": "junction"
      }
    },
    {
      "type": "Feature",
      "geometry": {
        "type": "Point",
        "coordinates": [
          45,
          72
        ]
      },
      "properties": {
        "id": 92,
        "kind": "junction"
      }
    },
    {
      "type": "Feature",
      "geometry": {
        "type": "Point",
        "coordinates": [
          46,
          72
        ]
      },
      "properties": {
        "id": 93,
        "kind": "junction"
      }
    },
    {
      "type": "Feature",
      "geometry": {
        "type": "Point",
        "coordinates": [
          47,
          72
        ]
      },
      "properties": {
        "id": 94,
        "kind": "junction"
      }
    },
    {
      "type": "Feature",
      "geometry": {
        "type": "Point",
        "coordinates": [
          52,
          72
        ]
      },
      "properties": {
        "id": 95,
        "kind": "junction"
      }
    },
    {
      "type": "Feature",
      "geometry": {
        "type": "Point",
        "coordinates": [
          53,
          72
        ]
      },
      "properties": {
        "id": 96,
        "kind": "junction"
      }
    },
    {
      "type": "Feature",
      "geometry": {
        "type": "Point",
        "coordinates": [
          54,
          72
        ]
      },
      "properties": {
        "id": 97,
        "kind": "junction"
      }
    },
    {
      "type": "Feature",
      "geometry": {
        "type": "Point",
        "coordinates": [
          55,
          72
        ]
      },
      "properties": {
        "id": 98,
        "kind": "junction"
      }
    },
    {
      "type": "Feature",
      "geometry": {
        "type": "Point",
        "coordinates": [
          56,
          72
        ]
      },
      "properties": {
        "id": 99,
        "kind": "junction"
      }
    },
    {
      "type": "Feature",
      "geometry": {
        "type": "Point",
        "coordinates": [
          57,
          72
        ]
      },
      "properties": {
        "id": 100,
        "kind": "junction"
      }
    },
    {
      "type": "Feature",
      "geometry": {
        "type": "Point",
        "coordinates": [
          58,
          72
        ]
      },
      "properties": {
        "id": 101,
        "kind": "junction"
      }
    },
    {
      "type": "Feature",
      "geometry": {
        "type": "Point",
        "coordinates": [
          188,
          72
        ]
      },
      "properties": {
        "id": 102,
        "kind": "junction"
      }
    },
    {
      "type": "Feature",
      "geometry": {
        "type": "Point",
        "coordinates": [
          51,
          73
        ]
      },
      "properties": {
        "id": 103,
        "kind": "junction"
      }
    },
    {
      "type": "Feature",
      "geometry": {
        "type": "Point",
        "coordinates": [
          52,
          73
        ]
      },
      "properties": {
        "id": 104,
        "kind": "junction"
      }
    },
    {
      "type": "Feature",
      "geometry": {
        "type": "Point",
        "coordinates": [
          53,
          73
        ]
      },
      "properties": {
        "id": 105,
        "kind": "junction"
      }
    },
    {
      "type": "Feature",
      "geometry": {
        "type": "Point",
        "coordinates": [
          54,
          73
        ]
      },
      "properties": {
        "id": 106,
        "kind": "junction"
      }
    },
    {
      "type": "Feature",
      "geometry": {
        "type": "Point",
        "coordinates": [
          55,
          73
        ]
      },
      "properties": {
        "id": 107,
        "kind": "junction"
      }
    },
    {
      "type": "Feature",
      "geometry": {
        "type": "Point",
        "coordinates": [
          56,
          73
        ]
      },
      "properties": {
        "id": 108,
        "kind": "junction"
      }
    },
    {
      "type": "Feature",
      "geometry": {
        "type": "Point",
        "coordinates": [
          57,
          73
        ]
      },
      "properties": {
        "id": 109,
        "kind": "junction"
      }
    },
    {
      "type": "Feature",
      "geometry": {
        "type": "Point",
        "coordinates": [
          66,
          73
        ]
      },
      "properties": {
        "id": 110,
        "kind": "junction"
      }
    },
    {
      "type": "Feature",
      "geometry": {
        "type": "Point",
        "coordinates": [
          67,
          73
        ]
      },
      "properties": {
        "id": 111,
        "kind": "junction"
      }
    },
    {
      "type": "Feature",
      "geometry": {
        "type": "Point",
        "coordinates": [
          68,
          73
        ]
      },
      "properties": {
        "id": 112,
        "kind": "junction"
      }
    },
    {
      "type": "Feature",
      "geometry": {
        "type": "Point",
        "coordinates": [
          69,
          73
        ]
      },
      "properties": {
        "id": 113,
        "kind": "junction"
      }
    },
    {
      "type": "Feature",
      "geometry": {
        "type": "Point",
        "coordinates": [
          70,
          73
        ]
      },
      "properties": {
        "id": 114,
        "kind": "junction"
      }
    },
    {
      "type": "Feature",
      "geometry": {
        "type": "Point",
        "coordinates": [
          77,
          73
        ]
      },
      "properties": {
        "id": 115,
        "kind": "junction"
      }
    },
    {
      "type": "Feature",
      "geometry": {
        "type": "Point",
        "coordinates": [
          296,
          73
        ]
      },
      "properties": {
        "id": 116,
        "kind": "junction"
      }
    },
    {
      "type": "Feature",
      "geometry": {
        "type": "Point",
        "coordinates": [
          16,
          74
        ]
      },
      "properties": {
        "id": 117,
        "kind": "junction"
      }
    },
    {
      "type": "Feature",
      "geometry": {
        "type": "Point",
        "coordinates": [
          65,
          74
        ]
      },
      "properties": {
        "id": 118,
        "kind": "junction"
      }
    },
    {
      "type": "Feature",
      "geometry": {
        "type": "Point",
        "coordinates": [
          66,
          74
        ]
      },
      "properties": {
        "id": 119,
        "kind": "junction"
      }
    },
    {
      "type": "Feature",
      "geometry": {
        "type": "Point",
        "coordinates": [
          67,
          74
        ]
      },
      "properties": {
        "id": 120,
        "kind": "junction"
      }
    },
    {
      "type": "Feature",
      "geometry": {
        "type": "Point",
        "coordinates": [
          68,
          74
        ]
      },
      "properties": {
        "id": 121,
        "kind": "junction"
      }
    },
    {
      "type": "Feature",
      "geometry": {
        "type": "Point",
        "coordinates": [
          69,
          74
        ]
      },
      "properties": {
        "id": 122,
        "kind": "junction"
      }
    },
    {
      "type": "Feature",
      "geometry": {
        "type": "Point",
        "coordinates": [
          76,
          74
        ]
      },
      "properties": {
        "id": 123,
        "kind": "junction"
      }
    },
    {
      "type": "Feature",
      "geometry": {
        "type": "Point",
        "coordinates": [
          77,
          74
        ]
      },
      "properties": {
        "id": 124,
        "kind": "junction"
      }
    },
    {
      "type": "Feature",
      "geometry": {
        "type": "Point",
        "coordinates": [
          78,
          74
        ]
      },
      "properties": {
        "id": 125,
        "kind": "junction"
      }
    },
    {
      "type": "Feature",
      "geometry": {
        "type": "Point",
        "coordinates": [
          81,
          74
        ]
      },
      "properties": {
        "id": 126,
        "kind": "junction"
      }
    },
    {
      "type": "Feature",
      "geometry": {
        "type": "Point",
        "coordinates": [
          82,
          74
        ]
      },
      "properties": {
        "id": 127,
        "kind": "junction"
      }
    },
    {
      "type": "Feature",
      "geometry": {
        "type": "Point",
        "coordinates": [
          83,
          74
        ]
      },
      "properties": {
        "id": 128,
        "kind": "junction"
      }
    },
    {
      "type": "Feature",
      "geometry": {
        "type": "Point",
        "coordinates": [
          84,
          74
        ]
      },
      "properties": {
        "id": 129,
        "kind": "junction"
      }
    },
    {
      "type": "Feature",
      "geometry": {
        "type": "Point",
        "coordinates": [
          85,
          74
        ]
      },
      "properties": {
        "id": 130,
        "kind": "junction"
      }
    },
    {
      "type": "Feature",
      "geometry": {
        "type": "Point",
        "coordinates": [
          80,
          75
        ]
      },
      "properties": {
        "id": 131,
        "kind": "junction"
      }
    },
    {
      "type": "Feature",
      "geometry": {
        "type": "Point",
        "coordinates": [
          81,
          75
        ]
      },
      "properties": {
        "id": 132,
        "kind": "junction"
      }
    },
    {
      "type": "Feature",
      "geometry": {
        "type": "Point",
        "coordinates": [
          82,
          75
        ]
      },
      "properties": {
        "id": 133,
        "kind": "junction"
      }
    },
    {
      "type": "Feature",
      "geometry": {
        "type": "Point",
        "coordinates": [
          83,
          75
        ]
      },
      "properties": {
        "id": 134,
        "kind": "junction"
      }
    },
    {
      "type": "Feature",
      "geometry": {
        "type": "Point",
        "coordinates": [
          84,
          75
        ]
      },
      "properties": {
        "id": 135,
        "kind": "junction"
      }
    },
    {
      "type": "Feature",
      "geometry": {
        "type": "Point",
        "coordinates": [
          97,
          76
        ]
      },
      "properties": {
        "id": 136,
        "kind": "junction"
      }
    },
    {
      "type": "Feature",
      "geometry": {
        "type": "Point",
        "coordinates": [
          98,
          76
        ]
      },
      "properties": {
        "id": 137,
        "kind": "junction"
      }
    },
    {
      "type": "Feature",
      "geometry": {
        "type": "Point",
        "coordinates": [
          99,
          76
        ]
      },
      "properties": {
        "id": 138,
        "kind": "junction"
      }
    },
    {
      "type": "Feature",
      "geometry": {
        "type": "Point",
        "coordinates": [
          110,
          76
        ]
      },
      "properties": {
        "id": 139,
        "kind": "junction"
      }
    },
    {
      "type": "Feature",
      "geometry": {
        "type": "Point",
        "coordinates": [
          111,
          76
        ]
      },
      "properties": {
        "id": 140,
        "kind": "junction"
      }
    },
    {
      "type": "Feature",
      "geometry": {
        "type": "Point",
        "coordinates": [
          112,
          76
        ]
      },
      "properties": {
        "id": 141,
        "kind": "junction"
      }
    },
    {
      "type": "Feature",
      "geometry": {
        "type": "Point",
        "coordinates": [
          98,
          77
        ]
      },
      "properties": {
        "id": 142,
        "kind": "junction"
      }
    },
    {
      "type": "Feature",
      "geometry": {
        "type": "Point",
        "coordinates": [
          109,
          77
        ]
      },
      "properties": {
        "id": 143,
        "kind": "junction"
      }
    },
    {
      "type": "Feature",
      "geometry": {
        "type": "Point",
        "coordinates": [
          110,
          77
        ]
      },
      "properties": {
        "id": 144,
        "kind": "junction"
      }
    },
    {
      "type": "Feature",
      "geometry": {
        "type": "Point",
        "coordinates": [
          111,
          77
        ]
      },
      "properties": {
        "id": 145,
        "kind": "junction"
      }
    },
    {
      "type": "Feature",
      "geometry": {
        "type": "Point",
        "coordinates": [
          126,
          77
        ]
      },
      "properties": {
        "id": 146,
        "kind": "junction"
      }
    },
    {
      "type": "Feature",
      "geometry": {
        "type": "Point",
        "coordinates": [
          127,
          77
        ]
      },
      "properties": {
        "id": 147,
        "kind": "junction"
      }
    },
    {
      "type": "Feature",
      "geometry": {
        "type": "Point",
        "coordinates": [
          128,
          77
        ]
      },
      "properties": {
        "id": 148,
        "kind": "junction"
      }
    },
    {
      "type": "Feature",
      "geometry": {
        "type": "Point",
        "coordinates": [
          127,
          78
        ]
      },
      "properties": {
        "id": 149,
        "kind": "junction"
      }
    },
    {
      "type": "Feature",
      "geometry": {
        "type": "Point",
        "coordinates": [
          128,
          78
        ]
      },
      "properties": {
        "id": 150,
        "kind": "junction"
      }
    },
    {
      "type": "Feature",
      "geometry": {
        "type": "Point",
        "coordinates": [
          129,
          78
        ]
      },
      "properties": {
        "id": 151,
        "kind": "junction"
      }
    },
    {
      "type": "Feature",
      "geometry": {
        "type": "Point",
        "coordinates": [
          134,
          78
        ]
      },
      "properties": {
        "id": 152,
        "kind": "junction"
      }
    },
    {
      "type": "Feature",
      "geometry": {
        "type": "Point",
        "coordinates": [
          135,
          78
        ]
      },
      "properties": {
        "id": 153,
        "kind": "junction"
      }
    },
    {
      "type": "Feature",
      "geometry": {
        "type": "Point",
        "coordinates": [
          136,
          78
        ]
      },
      "properties": {
        "id": 154,
        "kind": "junction"
      }
    },
    {
      "type": "Feature",
      "geometry": {
        "type": "Point",
        "coordinates": [
          137,
          78
        ]
      },
      "properties": {
        "id": 155,
        "kind": "junction"
      }
    },
    {
      "type": "Feature",
      "geometry": {
        "type": "Point",
        "coordinates": [
          138,
          78
        ]
      },
      "properties": {
        "id": 156,
        "kind": "junction"
      }
    },
    {
      "type": "Feature",
      "geometry": {
        "type": "Point",
        "coordinates": [
          139,
          78
        ]
      },
      "properties": {
        "id": 157,
        "kind": "junction"
      }
    },
    {
      "type": "Feature",
      "geometry": {
        "type": "Point",
        "coordinates": [
          133,
          79
        ]
      },
      "properties": {
        "id": 158,
        "kind": "junction"
      }
    },
    {
      "type": "Feature",
      "geometry": {
        "type": "Point",
        "coordinates": [
          134,
          79
        ]
      },
      "properties": {
        "id": 159,
        "kind": "junction"
      }
    },
    {
      "type": "Feature",
      "geometry": {
        "type": "Point",
        "coordinates": [
          135,
          79
        ]
      },
      "properties": {
        "id": 160,
        "kind": "junction"
      }
    },
    {
      "type": "Feature",
      "geometry": {
        "type": "Point",
        "coordinates": [
          136,
          79
        ]
      },
      "properties": {
        "id": 161,
        "kind": "junction"
      }
    },
    {
      "type": "Feature",
      "geometry": {
        "type": "Point",
        "coordinates": [
          137,
          79
        ]
      },
      "properties": {
        "id": 162,
        "kind": "junction"
      }
    },
    {
      "type": "Feature",
      "geometry": {
        "type": "Point",
        "coordinates": [
          138,
          79
        ]
      },
      "properties": {
        "id": 163,
        "kind": "junction"
      }
    },
    {
      "type": "Feature",
      "geometry": {
        "type": "Point",
        "coordinates": [
          156,
          80
        ]
      },
      "properties": {
        "id": 164,
        "kind": "junction"
      }
    },
    {
      "type": "Feature",
      "geometry": {
        "type": "Point",
        "coordinates": [
          157,
          80
        ]
      },
      "properties": {
        "id": 165,
        "kind": "junction"
      }
    },
    {
      "type": "Feature",
      "geometry": {
        "type": "Point",
        "coordinates": [
          158,
          80
        ]
      },
      "properties": {
        "id": 166,
        "kind": "junction"
      }
    },
    {
      "type": "Feature",
      "geometry": {
        "type": "Point",
        "coordinates": [
          159,
          80
        ]
      },
      "properties": {
        "id": 167,
        "kind": "junction"
      }
    },
    {
      "type": "Feature",
      "geometry": {
        "type": "Point",
        "coordinates": [
          160,
          80
        ]
      },
      "properties": {
        "id": 168,
        "kind": "junction"
      }
    },
    {
      "type": "Feature",
      "geometry": {
        "type": "Point",
        "coordinates": [
          161,
          80
        ]
      },
      "properties": {
        "id": 169,
        "kind": "junction"
      }
    },
    {
      "type": "Feature",
      "geometry": {
        "type": "Point",
        "coordinates": [
          162,
          80
        ]
      },
      "properties": {
        "id": 170,
        "kind": "junction"
      }
    },
    {
      "type": "Feature",
      "geometry": {
        "type": "Point",
        "coordinates": [
          163,
          80
        ]
      },
      "properties": {
        "id": 171,
        "kind": "junction"
      }
    },
    {
      "type": "Feature",
      "geometry": {
        "type": "Point",
        "coordinates": [
          164,
          80
        ]
      },
      "properties": {
        "id": 172,
        "kind": "junction"
      }
    },
    {
      "type": "Feature",
      "geometry": {
        "type": "Point",
        "coordinates": [
          168,
          80
        ]
      },
      "properties": {
        "id": 173,
        "kind": "junction"
      }
    },
    {
      "type": "Feature",
      "geometry": {
        "type": "Point",
        "coordinates": [
          169,
          80
        ]
      },
      "properties": {
        "id": 174,
        "kind": "junction"
      }
    },
    {
      "type": "Feature",
      "geometry": {
        "type": "Point",
        "coordinates": [
          157,
          81
        ]
      },
      "properties": {
        "id": 175,
        "kind": "junction"
      }
    },
    {
      "type": "Feature",
      "geometry": {
        "type": "Point",
        "coordinates": [
          158,
          81
        ]
      },
      "properties": {
        "id": 176,
        "kind": "junction"
      }
    },
    {
      "type": "Feature",
      "geometry": {
        "type": "Point",
        "coordinates": [
          159,
          81
        ]
      },
      "properties": {
        "id": 177,
        "kind": "junction"
      }
    },
    {
      "type": "Feature",
      "geometry": {
        "type": "Point",
        "coordinates": [
          160,
          81
        ]
      },
      "properties": {
        "id": 178,
        "kind": "junction"
      }
    },
    {
      "type": "Feature",
      "geometry": {
        "type": "Point",
        "coordinates": [
          161,
          81
        ]
      },
      "properties": {
        "id": 179,
        "kind": "junction"
      }
    },
    {
      "type": "Feature",
      "geometry": {
        "type": "Point",
        "coordinates": [
          162,
          81
        ]
      },
      "properties": {
        "id": 180,
        "kind": "junction"
      }
    },
    {
      "type": "Feature",
      "geometry": {
        "type": "Point",
        "coordinates": [
          163,
          81
        ]
      },
      "properties": {
        "id": 181,
        "kind": "junction"
      }
    },
    {
      "type": "Feature",
      "geometry": {
        "type": "Point",
        "coordinates": [
          164,
          81
        ]
      },
      "properties": {
        "id": 182,
        "kind": "junction"
      }
    },
    {
      "type": "Feature",
      "geometry": {
        "type": "Point",
        "coordinates": [
          165,
          81
        ]
      },
      "properties": {
        "id": 183,
        "kind": "junction"
      }
    },
    {
      "type": "Feature",
      "geometry": {
        "type": "Point",
        "coordinates": [
          167,
          81
        ]
      },
      "properties": {
        "id": 184,
        "kind": "junction"
      }
    },
    {
      "type": "Feature",
      "geometry": {
        "type": "Point",
        "coordinates": [
          168,
          81
        ]
      },
      "properties": {
        "id": 185,
        "kind": "junction"
      }
    },
    {
      "type": "Feature",
      "geometry": {
        "type": "Point",
        "coordinates": [
          169,
          81
        ]
      },
      "properties": {
        "id": 186,
        "kind": "junction"
      }
    },
    {
      "type": "Feature",
      "geometry": {
        "type": "Point",
        "coordinates": [
          170,
          81
        ]
      },
      "properties": {
        "id": 187,
        "kind": "junction"
      }
    },
    {
      "type": "Feature",
      "geometry": {
        "type": "Point",
        "coordinates": [
          174,
          81
        ]
      },
      "properties": {
        "id": 188,
        "kind": "junction"
      }
    },
    {
      "type": "Feature",
      "geometry": {
        "type": "Point",
        "coordinates": [
          175,
          81
        ]
      },
      "properties": {
        "id": 189,
        "kind": "junction"
      }
    },
    {
      "type": "Feature",
      "geometry": {
        "type": "Point",
        "coordinates": [
          176,
          81
        ]
      },
      "properties": {
        "id": 190,
        "kind": "junction"
      }
    },
    {
      "type": "Feature",
      "geometry": {
        "type": "Point",
        "coordinates": [
          177,
          81
        ]
      },
      "properties": {
        "id": 191,
        "kind": "junction"
      }
    },
    {
      "type": "Feature",
      "geometry": {
        "type": "Point",
        "coordinates": [
          178,
          81
        ]
      },
      "properties": {
        "id": 192,
        "kind": "junction"
      }
    },
    {
      "type": "Feature",
      "geometry": {
        "type": "Point",
        "coordinates": [
          179,
          81
        ]
      },
      "properties": {
        "id": 193,
        "kind": "junction"
      }
    },
    {
      "type": "Feature",
      "geometry": {
        "type": "Point",
        "coordinates": [
          180,
          81
        ]
      },
      "properties": {
        "id": 194,
        "kind": "junction"
      }
    },
    {
      "type": "Feature",
      "geometry": {
        "type": "Point",
        "coordinates": [
          188,
          81
        ]
      },
      "properties": {
        "id": 195,
        "kind": "junction"
      }
    },
    {
      "type": "Feature",
      "geometry": {
        "type": "Point",
        "coordinates": [
          175,
          82
        ]
      },
      "properties": {
        "id": 196,
        "kind": "junction"
      }
    },
    {
      "type": "Feature",
      "geometry": {
        "type": "Point",
        "coordinates": [
          176,
          82
        ]
      },
      "properties": {
        "id": 197,
        "kind": "junction"
      }
    },
    {
      "type": "Feature",
      "geometry": {
        "type": "Point",
        "coordinates": [
          177,
          82
        ]
      },
      "properties": {
        "id": 198,
        "kind": "junction"
      }
    },
    {
      "type": "Feature",
      "geometry": {
        "type": "Point",
        "coordinates": [
          178,
          82
        ]
      },
      "properties": {
        "id": 199,
        "kind": "junction"
      }
    },
    {
      "type": "Feature",
      "geometry": {
        "type": "Point",
        "coordinates": [
          179,
          82
        ]
      },
      "properties": {
        "id": 200,
        "kind": "junction"
      }
    },
    {
      "type": "Feature",
      "geometry": {
        "type": "Point",
        "coordinates": [
          180,
          82
        ]
      },
      "properties": {
        "id": 201,
        "kind": "junction"
      }
    },
    {
      "type": "Feature",
      "geometry": {
        "type": "Point",
        "coordinates": [
          188,
          82
        ]
      },
      "properties": {
        "id": 202,
        "kind": "junction"
      }
    },
    {
      "type": "Feature",
      "geometry": {
        "type": "Point",
        "coordinates": [
          189,
          82
        ]
      },
      "properties": {
        "id": 203,
        "kind": "junction"
      }
    },
    {
      "type": "Feature",
      "geometry": {
        "type": "Point",
        "coordinates": [
          189,
          83
        ]
      },
      "properties": {
        "id": 204,
        "kind": "junction"
      }
    },
    {
      "type": "Feature",
      "geometry": {
        "type": "Point",
        "coordinates": [
          190,
          83
        ]
      },
      "properties": {
        "id": 205,
        "kind": "junction"
      }
    },
    {
      "type": "Feature",
      "geometry": {
        "type": "Point",
        "coordinates": [
          196,
          83
        ]
      },
      "properties": {
        "id": 206,
        "kind": "junction"
      }
    },
    {
      "type": "Feature",
      "geometry": {
        "type": "Point",
        "coordinates": [
          199,
          83
        ]
      },
      "properties": {
        "id": 207,
        "kind": "junction"
      }
    },
    {
      "type": "Feature",
      "geometry": {
        "type": "Point",
        "coordinates": [
          202,
          83
        ]
      },
      "properties": {
        "id": 208,
        "kind": "junction"
      }
    },
    {
      "type": "Feature",
      "geometry": {
        "type": "Point",
        "coordinates": [
          203,
          83
        ]
      },
      "properties": {
        "id": 209,
        "kind": "junction"
      }
    },
    {
      "type": "Feature",
      "geometry": {
        "type": "Point",
        "coordinates": [
          204,
          83
        ]
      },
      "properties": {
        "id": 210,
        "kind": "junction"
      }
    },
    {
      "type": "Feature",
      "geometry": {
        "type": "Point",
        "coordinates": [
          205,
          83
        ]
      },
      "properties": {
        "id": 211,
        "kind": "junction"
      }
    },
    {
      "type": "Feature",
      "geometry": {
        "type": "Point",
        "coordinates": [
          206,
          83
        ]
      },
      "properties": {
        "id": 212,
        "kind": "junction"
      }
    },
    {
      "type": "Feature",
      "geometry": {
        "type": "Point",
        "coordinates": [
          207,
          83
        ]
      },
      "properties": {
        "id": 213,
        "kind": "junction"
      }
    },
    {
      "type": "Feature",
      "geometry": {
        "type": "Point",
        "coordinates": [
          299,
          83
        ]
      },
      "properties": {
        "id": 214,
        "kind": "junction"
      }
    },
    {
      "type": "Feature",
      "geometry": {
        "type": "Point",
        "coordinates": [
          190,
          84
        ]
      },
      "properties": {
        "id": 215,
        "kind": "junction"
      }
    },
    {
      "type": "Feature",
      "geometry": {
        "type": "Point",
        "coordinates": [
          201,
          84
        ]
      },
      "properties": {
        "id": 216,
        "kind": "junction"
      }
    },
    {
      "type": "Feature",
      "geometry": {
        "type": "Point",
        "coordinates": [
          202,
          84
        ]
      },
      "properties": {
        "id": 217,
        "kind": "junction"
      }
    },
    {
      "type": "Feature",
      "geometry": {
        "type": "Point",
        "coordinates": [
          203,
          84
        ]
      },
      "properties": {
        "id": 218,
        "kind": "junction"
      }
    },
    {
      "type": "Feature",
      "geometry": {
        "type": "Point",
        "coordinates": [
          204,
          84
        ]
      },
      "properties": {
        "id": 219,
        "kind": "junction"
      }
    },
    {
      "type": "Feature",
      "geometry": {
        "type": "Point",
        "coordinates": [
          205,
          84
        ]
      },
      "properties": {
        "id": 220,
        "kind": "junction"
      }
    },
    {
      "type": "Feature",
      "geometry": {
        "type": "Point",
        "coordinates": [
          206,
          84
        ]
      },
      "properties": {
        "id": 221,
        "kind": "junction"
      }
    },
    {
      "type": "Feature",
      "geometry": {
        "type": "Point",
        "coordinates": [
          216,
          84
        ]
      },
      "properties": {
        "id": 222,
        "kind": "junction"
      }
    },
    {
      "type": "Feature",
      "geometry": {
        "type": "Point",
        "coordinates": [
          217,
          84
        ]
      },
      "properties": {
        "id": 223,
        "kind": "junction"
      }
    },
    {
      "type": "Feature",
      "geometry": {
        "type": "Point",
        "coordinates": [
          218,
          84
        ]
      },
      "properties": {
        "id": 224,
        "kind": "junction"
      }
    },
    {
      "type": "Feature",
      "geometry": {
        "type": "Point",
        "coordinates": [
          219,
          84
        ]
      },
      "properties": {
        "id": 225,
        "kind": "junction"
      }
    },
    {
      "type": "Feature",
      "geometry": {
        "type": "Point",
        "coordinates": [
          220,
          84
        ]
      },
      "properties": {
        "id": 226,
        "kind": "junction"
      }
    },
    {
      "type": "Feature",
      "geometry": {
        "type": "Point",
        "coordinates": [
          215,
          85
        ]
      },
      "properties": {
        "id": 227,
        "kind": "junction"
      }
    },
    {
      "type": "Feature",
      "geometry": {
        "type": "Point",
        "coordinates": [
          216,
          85
        ]
      },
      "properties": {
        "id": 228,
        "kind": "junction"
      }
    },
    {
      "type": "Feature",
      "geometry": {
        "type": "Point",
        "coordinates": [
          217,
          85
        ]
      },
      "properties": {
        "id": 229,
        "kind": "junction"
      }
    },
    {
      "type": "Feature",
      "geometry": {
        "type": "Point",
        "coordinates": [
          218,
          85
        ]
      },
      "properties": {
        "id": 230,
        "kind": "junction"
      }
    },
    {
      "type": "Feature",
      "geometry": {
        "type": "Point",
        "coordinates": [
          219,
          85
        ]
      },
      "properties": {
        "id": 231,
        "kind": "junction"
      }
    },
    {
      "type": "Feature",
      "geometry": {
        "type": "Point",
        "coordinates": [
          224,
          85
        ]
      },
      "properties": {
        "id": 232,
        "kind": "junction"
      }
    },
    {
      "type": "Feature",
      "geometry": {
        "type": "Point",
        "coordinates": [
          225,
          85
        ]
      },
      "properties": {
        "id": 233,
        "kind": "junction"
      }
    },
    {
      "type": "Feature",
      "geometry": {
        "type": "Point",
        "coordinates": [
          226,
          85
        ]
      },
      "properties": {
        "id": 234,
        "kind": "junction"
      }
    },
    {
      "type": "Feature",
      "geometry": {
        "type": "Point",
        "coordinates": [
          234,
          85
        ]
      },
      "properties": {
        "id": 235,
        "kind": "junction"
      }
    },
    {
      "type": "Feature",
      "geometry": {
        "type": "Point",
        "coordinates": [
          235,
          85
        ]
      },
      "properties": {
        "id": 236,
        "kind": "junction"
      }
    },
    {
      "type": "Feature",
      "geometry": {
        "type": "Point",
        "coordinates": [
          225,
          86
        ]
      },
      "properties": {
        "id": 237,
        "kind": "junction"
      }
    },
    {
      "type": "Feature",
      "geometry": {
        "type": "Point",
        "coordinates": [
          235,
          86
        ]
      },
      "properties": {
        "id": 238,
        "kind": "junction"
      }
    },
    {
      "type": "Feature",
      "geometry": {
        "type": "Point",
        "coordinates": [
          236,
          86
        ]
      },
      "properties": {
        "id": 239,
        "kind": "junction"
      }
    },
    {
      "type": "Feature",
      "geometry": {
        "type": "Point",
        "coordinates": [
          255,
          87
        ]
      },
      "properties": {
        "id": 240,
        "kind": "junction"
      }
    },
    {
      "type": "Feature",
      "geometry": {
        "type": "Point",
        "coordinates": [
          256,
          87
        ]
      },
      "properties": {
        "id": 241,
        "kind": "junction"
      }
    },
    {
      "type": "Feature",
      "geometry": {
        "type": "Point",
        "coordinates": [
          257,
          87
        ]
      },
      "properties": {
        "id": 242,
        "kind": "junction"
      }
    },
    {
      "type": "Feature",
      "geometry": {
        "type": "Point",
        "coordinates": [
          258,
          87
        ]
      },
      "properties": {
        "id": 243,
        "kind": "junction"
      }
    },
    {
      "type": "Feature",
      "geometry": {
        "type": "Point",
        "coordinates": [
          259,
          87
        ]
      },
      "properties": {
        "id": 244,
        "kind": "junction"
      }
    },
    {
      "type": "Feature",
      "geometry": {
        "type": "Point",
        "coordinates": [
          260,
          87
        ]
      },
      "properties": {
        "id": 245,
        "kind": "junction"
      }
    },
    {
      "type": "Feature",
      "geometry": {
        "type": "Point",
        "coordinates": [
          261,
          87
        ]
      },
      "properties": {
        "id": 246,
        "kind": "junction"
      }
    },
    {
      "type": "Feature",
      "geometry": {
        "type": "Point",
        "coordinates": [
          262,
          87
        ]
      },
      "properties": {
        "id": 247,
        "kind": "junction"
      }
    },
    {
      "type": "Feature",
      "geometry": {
        "type": "Point",
        "coordinates": [
          254,
          88
        ]
      },
      "properties": {
        "id": 248,
        "kind": "junction"
      }
    },
    {
      "type": "Feature",
      "geometry": {
        "type": "Point",
        "coordinates": [
          255,
          88
        ]
      },
      "properties": {
        "id": 249,
        "kind": "junction"
      }
    },
    {
      "type": "Feature",
      "geometry": {
        "type": "Point",
        "coordinates": [
          256,
          88
        ]
      },
      "properties": {
        "id": 250,
        "kind": "junction"
      }
    },
    {
      "type": "Feature",
      "geometry": {
        "type": "Point",
        "coordinates": [
          257,
          88
        ]
      },
      "properties": {
        "id": 251,
        "kind": "junction"
      }
    },
    {
      "type": "Feature",
      "geometry": {
        "type": "Point",
        "coordinates": [
          258,
          88
        ]
      },
      "properties": {
        "id": 252,
        "kind": "junction"
      }
    },
    {
      "type": "Feature",
      "geometry": {
        "type": "Point",
        "coordinates": [
          259,
          88
        ]
      },
      "properties": {
        "id": 253,
        "kind": "junction"
      }
    },
    {
      "type": "Feature",
      "geometry": {
        "type": "Point",
        "coordinates": [
          260,
          88
        ]
      },
      "properties": {
        "id": 254,
        "kind": "junction"
      }
    },
    {
      "type": "Feature",
      "geometry": {
        "type": "Point",
        "coordinates": [
          261,
          88
        ]
      },
      "properties": {
        "id": 255,
        "kind": "junction"
      }
    },
    {
      "type": "Feature",
      "geometry": {
        "type": "Point",
        "coordinates": [
          310,
          91
        ]
      },
      "properties": {
        "id": 256,
        "kind": "junction"
      }
    },
    {
      "type": "Feature",
      "geometry": {
        "type": "Point",
        "coordinates": [
          364,
          91
        ]
      },
      "properties": {
        "id": 257,
        "kind": "junction"
      }
    },
    {
      "type": "Feature",
      "geometry": {
        "type": "Point",
        "coordinates": [
          312,
          92
        ]
      },
      "properties": {
        "id": 258,
        "kind": "junction"
      }
    },
    {
      "type": "Feature",
      "geometry": {
        "type": "Point",
        "coordinates": [
          313,
          92
        ]
      },
      "properties": {
        "id": 259,
        "kind": "junction"
      }
    },
    {
      "type": "Feature",
      "geometry": {
        "type": "Point",
        "coordinates": [
          314,
          92
        ]
      },
      "properties": {
        "id": 260,
        "kind": "junction"
      }
    },
    {
      "type": "Feature",
      "geometry": {
        "type": "Point",
        "coordinates": [
          315,
          92
        ]
      },
      "properties": {
        "id": 261,
        "kind": "junction"
      }
    },
    {
      "type": "Feature",
      "geometry": {
        "type": "Point",
        "coordinates": [
          324,
          92
        ]
      },
      "properties": {
        "id": 262,
        "kind": "junction"
      }
    },
    {
      "type": "Feature",
      "geometry": {
        "type": "Point",
        "coordinates": [
          325,
          92
        ]
      },
      "properties": {
        "id": 263,
        "kind": "junction"
      }
    },
    {
      "type": "Feature",
      "geometry": {
        "type": "Point",
        "coordinates": [
          326,
          92
        ]
      },
      "properties": {
        "id": 264,
        "kind": "junction"
      }
    },
    {
      "type": "Feature",
      "geometry": {
        "type": "Point",
        "coordinates": [
          327,
          92
        ]
      },
      "properties": {
        "id": 265,
        "kind": "junction"
      }
    },
    {
      "type": "Feature",
      "geometry": {
        "type": "Point",
        "coordinates": [
          328,
          92
        ]
      },
      "properties": {
        "id": 266,
        "kind": "junction"
      }
    },
    {
      "type": "Feature",
      "geometry": {
        "type": "Point",
        "coordinates": [
          329,
          92
        ]
      },
      "properties": {
        "id": 267,
        "kind": "junction"
      }
    },
    {
      "type": "Feature",
      "geometry": {
        "type": "Point",
        "coordinates": [
          330,
          92
        ]
      },
      "properties": {
        "id": 268,
        "kind": "junction"
      }
    },
    {
      "type": "Feature",
      "geometry": {
        "type": "Point",
        "coordinates": [
          190,
          93
        ]
      },
      "properties": {
        "id": 269,
        "kind": "junction"
      }
    },
    {
      "type": "Feature",
      "geometry": {
        "type": "Point",
        "coordinates": [
          191,
          93
        ]
      },
      "properties": {
        "id": 270,
        "kind": "junction"
      }
    },
    {
      "type": "Feature",
      "geometry": {
        "type": "Point",
        "coordinates": [
          314,
          93
        ]
      },
      "properties": {
        "id": 271,
        "kind": "junction"
      }
    },
    {
      "type": "Feature",
      "geometry": {
        "type": "Point",
        "coordinates": [
          323,
          93
        ]
      },
      "properties": {
        "id": 272,
        "kind": "junction"
      }
    },
    {
      "type": "Feature",
      "geometry": {
        "type": "Point",
        "coordinates": [
          324,
          93
        ]
      },
      "properties": {
        "id": 273,
        "kind": "junction"
      }
    },
    {
      "type": "Feature",
      "geometry": {
        "type": "Point",
        "coordinates": [
          325,
          93
        ]
      },
      "properties": {
        "id": 274,
        "kind": "junction"
      }
    },
    {
      "type": "Feature",
      "geometry": {
        "type": "Point",
        "coordinates": [
          326,
          93
        ]
      },
      "properties": {
        "id": 275,
        "kind": "junction"
      }
    },
    {
      "type": "Feature",
      "geometry": {
        "type": "Point",
        "coordinates": [
          327,
          93
        ]
      },
      "properties": {
        "id": 276,
        "kind": "junction"
      }
    },
    {
      "type": "Feature",
      "geometry": {
        "type": "Point",
        "coordinates": [
          328,
          93
        ]
      },
      "properties": {
        "id": 277,
        "kind": "junction"
      }
    },
    {
      "type": "Feature",
      "geometry": {
        "type": "Point",
        "coordinates": [
          329,
          93
        ]
      },
      "properties": {
        "id": 278,
        "kind": "junction"
      }
    },
    {
      "type": "Feature",
      "geometry": {
        "type": "Point",
        "coordinates": [
          362,
          93
        ]
      },
      "properties": {
        "id": 279,
        "kind": "junction"
      }
    },
    {
      "type": "Feature",
      "geometry": {
        "type": "Point",
        "coordinates": [
          190,
          94
        ]
      },
      "properties": {
        "id": 280,
        "kind": "junction"
      }
    },
    {
      "type": "Feature",
      "geometry": {
        "type": "Point",
        "coordinates": [
          191,
          94
        ]
      },
      "properties": {
        "id": 281,
        "kind": "junction"
      }
    },
    {
      "type": "Feature",
      "geometry": {
        "type": "Point",
        "coordinates": [
          359,
          94
        ]
      },
      "properties": {
        "id": 282,
        "kind": "junction"
      }
    },
    {
      "type": "Feature",
      "geometry": {
        "type": "Point",
        "coordinates": [
          190,
          95
        ]
      },
      "properties": {
        "id": 283,
        "kind": "junction"
      }
    },
    {
      "type": "Feature",
      "geometry": {
        "type": "Point",
        "coordinates": [
          191,
          95
        ]
      },
      "properties": {
        "id": 284,
        "kind": "junction"
      }
    },
    {
      "type": "Feature",
      "geometry": {
        "type": "Point",
        "coordinates": [
          360,
          95
        ]
      },
      "properties": {
        "id": 285,
        "kind": "junction"
      }
    },
    {
      "type": "Feature",
      "geometry": {
        "type": "Point",
        "coordinates": [
          190,
          96
        ]
      },
      "properties": {
        "id": 286,
        "kind": "junction"
      }
    },
    {
      "type": "Feature",
      "geometry": {
        "type": "Point",
        "coordinates": [
          191,
          96
        ]
      },
      "properties": {
        "id": 287,
        "kind": "junction"
      }
    },
    {
      "type": "Feature",
      "geometry": {
        "type": "Point",
        "coordinates": [
          190,
          97
        ]
      },
      "properties": {
        "id": 288,
        "kind": "junction"
      }
    },
    {
      "type": "Feature",
      "geometry": {
        "type": "Point",
        "coordinates": [
          191,
          97
        ]
      },
      "properties": {
        "id": 289,
        "kind": "junction"
      }
    },
    {
      "type": "Feature",
      "geometry": {
        "type": "Point",
        "coordinates": [
          279,
          97
        ]
      },
      "properties": {
        "id": 290,
        "kind": "junction"
      }
    },
    {
      "type": "Feature",
      "geometry": {
        "type": "Point",
        "coordinates": [
          362,
          97
        ]
      },
      "properties": {
        "id": 291,
        "kind": "junction"
      }
    },
    {
      "type": "Feature",
      "geometry": {
        "type": "Point",
        "coordinates": [
          190,
          98
        ]
      },
      "properties": {
        "id": 292,
        "kind": "junction"
      }
    },
    {
      "type": "Feature",
      "geometry": {
        "type": "Point",
        "coordinates": [
          364,
          99
        ]
      },
      "properties": {
        "id": 293,
        "kind": "junction"
      }
    },
    {
      "type": "Feature",
      "geometry": {
        "type": "Point",
        "coordinates": [
          190,
          100
        ]
      },
      "properties": {
        "id": 294,
        "kind": "junction"
      }
    },
    {
      "type": "Feature",
      "geometry": {
        "type": "Point",
        "coordinates": [
          189,
          101
        ]
      },
      "properties": {
        "id": 295,
        "kind": "junction"
      }
    },
    {
      "type": "Feature",
      "geometry": {
        "type": "Point",
        "coordinates": [
          190,
          101
        ]
      },
      "properties": {
        "id": 296,
        "kind": "junction"
      }
    },
    {
      "type": "Feature",
      "geometry": {
        "type": "Point",
        "coordinates": [
          190,
          102
        ]
      },
      "properties": {
        "id": 297,
        "kind": "junction"
      }
    },
    {
      "type": "Feature",
      "geometry": {
        "type": "Point",
        "coordinates": [
          275,
          105
        ]
      },
      "properties": {
        "id": 298,
        "kind": "junction"
      }
    },
    {
      "type": "Feature",
      "geometry": {
        "type": "Point",
        "coordinates": [
          274,
          106
        ]
      },
      "properties": {
        "id": 299,
        "kind": "junction"
      }
    },
    {
      "type": "Feature",
      "geometry": {
        "type": "Point",
        "coordinates": [
          275,
          106
        ]
      },
      "properties": {
        "id": 300,
        "kind": "junction"
      }
    },
    {
      "type": "Feature",
      "geometry": {
        "type": "Point",
        "coordinates": [
          274,
          107
        ]
      },
      "properties": {
        "id": 301,
        "kind": "junction"
      }
    },
    {
      "type": "Feature",
      "geometry": {
        "type": "Point",
        "coordinates": [
          282,
          108
        ]
      },
      "properties": {
        "id": 302,
        "kind": "junction"
      }
    },
    {
      "type": "Feature",
      "geometry": {
        "type": "Point",
        "coordinates": [
          191,
          110
        ]
      },
      "properties": {
        "id": 303,
        "kind": "junction"
      }
    },
    {
      "type": "Feature",
      "geometry": {
        "type": "Point",
        "coordinates": [
          190,
          111
        ]
      },
      "properties": {
        "id": 304,
        "kind": "junction"
      }
    },
    {
      "type": "Feature",
      "geometry": {
        "type": "Point",
        "coordinates": [
          191,
          111
        ]
      },
      "properties": {
        "id": 305,
        "kind": "junction"
      }
    },
    {
      "type": "Feature",
      "geometry": {
        "type": "Point",
        "coordinates": [
          279,
          111
        ]
      },
      "properties": {
        "id": 306,
        "kind": "junction"
      }
    },
    {
      "type": "Feature",
      "geometry": {
        "type": "Point",
        "coordinates": [
          190,
          112
        ]
      },
      "properties": {
        "id": 307,
        "kind": "junction"
      }
    },
    {
      "type": "Feature",
      "geometry": {
        "type": "Point",
        "coordinates": [
          191,
          112
        ]
      },
      "properties": {
        "id": 308,
        "kind": "junction"
      }
    },
    {
      "type": "Feature",
      "geometry": {
        "type": "Point",
        "coordinates": [
          190,
          113
        ]
      },
      "properties": {
        "id": 309,
        "kind": "junction"
      }
    },
    {
      "type": "Feature",
      "geometry": {
        "type": "Point",
        "coordinates": [
          191,
          113
        ]
      },
      "properties": {
        "id": 310,
        "kind": "junction"
      }
    },
    {
      "type": "Feature",
      "geometry": {
        "type": "Point",
        "coordinates": [
          190,
          114
        ]
      },
      "properties": {
        "id": 311,
        "kind": "junction"
      }
    },
    {
      "type": "Feature",
      "geometry": {
        "type": "Point",
        "coordinates": [
          191,
          114
        ]
      },
      "properties": {
        "id": 312,
        "kind": "junction"
      }
    },
    {
      "type": "Feature",
      "geometry": {
        "type": "Point",
        "coordinates": [
          276,
          114
        ]
      },
      "properties": {
        "id": 313,
        "kind": "junction"
      }
    },
    {
      "type": "Feature",
      "geometry": {
        "type": "Point",
        "coordinates": [
          190,
          115
        ]
      },
      "properties": {
        "id": 314,
        "kind": "junction"
      }
    },
    {
      "type": "Feature",
      "geometry": {
        "type": "Point",
        "coordinates": [
          191,
          115
        ]
      },
      "properties": {
        "id": 315,
        "kind": "junction"
      }
    },
    {
      "type": "Feature",
      "geometry": {
        "type": "Point",
        "coordinates": [
          190,
          116
        ]
      },
      "properties": {
        "id": 316,
        "kind": "junction"
      }
    },
    {
      "type": "Feature",
      "geometry": {
        "type": "Point",
        "coordinates": [
          191,
          116
        ]
      },
      "properties": {
        "id": 317,
        "kind": "junction"
      }
    },
    {
      "type": "Feature",
      "geometry": {
        "type": "Point",
        "coordinates": [
          265,
          116
        ]
      },
      "properties": {
        "id": 318,
        "kind": "junction"
      }
    },
    {
      "type": "Feature",
      "geometry": {
        "type": "Point",
        "coordinates": [
          190,
          117
        ]
      },
      "properties": {
        "id": 319,
        "kind": "junction"
      }
    },
    {
      "type": "Feature",
      "geometry": {
        "type": "Point",
        "coordinates": [
          191,
          117
        ]
      },
      "properties": {
        "id": 320,
        "kind": "junction"
      }
    },
    {
      "type": "Feature",
      "geometry": {
        "type": "Point",
        "coordinates": [
          264,
          117
        ]
      },
      "properties": {
        "id": 321,
        "kind": "junction"
      }
    },
    {
      "type": "Feature",
      "geometry": {
        "type": "Point",
        "coordinates": [
          265,
          117
        ]
      },
      "properties": {
        "id": 322,
        "kind": "junction"
      }
    },
    {
      "type": "Feature",
      "geometry": {
        "type": "Point",
        "coordinates": [
          190,
          118
        ]
      },
      "properties": {
        "id": 323,
        "kind": "junction"
      }
    },
    {
      "type": "Feature",
      "geometry": {
        "type": "Point",
        "coordinates": [
          254,
          118
        ]
      },
      "properties": {
        "id": 324,
        "kind": "junction"
      }
    },
    {
      "type": "Feature",
      "geometry": {
        "type": "Point",
        "coordinates": [
          263,
          118
        ]
      },
      "properties": {
        "id": 325,
        "kind": "junction"
      }
    },
    {
      "type": "Feature",
      "geometry": {
        "type": "Point",
        "coordinates": [
          264,
          118
        ]
      },
      "properties": {
        "id": 326,
        "kind": "junction"
      }
    },
    {
      "type": "Feature",
      "geometry": {
        "type": "Point",
        "coordinates": [
          262,
          119
        ]
      },
      "properties": {
        "id": 327,
        "kind": "junction"
      }
    },
    {
      "type": "Feature",
      "geometry": {
        "type": "Point",
        "coordinates": [
          263,
          119
        ]
      },
      "properties": {
        "id": 328,
        "kind": "junction"
      }
    },
    {
      "type": "Feature",
      "geometry": {
        "type": "Point",
        "coordinates": [
          262,
          120
        ]
      },
      "properties": {
        "id": 329,
        "kind": "junction"
      }
    },
    {
      "type": "Feature",
      "geometry": {
        "type": "Point",
        "coordinates": [
          249,
          123
        ]
      },
      "properties": {
        "id": 330,
        "kind": "junction"
      }
    },
    {
      "type": "Feature",
      "geometry": {
        "type": "Point",
        "coordinates": [
          251,
          124
        ]
      },
      "properties": {
        "id": 331,
        "kind": "junction"
      }
    },
    {
      "type": "Feature",
      "geometry": {
        "type": "Point",
        "coordinates": [
          192,
          127
        ]
      },
      "properties": {
        "id": 332,
        "kind": "junction"
      }
    },
    {
      "type": "Feature",
      "geometry": {
        "type": "Point",
        "coordinates": [
          191,
          128
        ]
      },
      "properties": {
        "id": 333,
        "kind": "junction"
      }
    },
    {
      "type": "Feature",
      "geometry": {
        "type": "Point",
        "coordinates": [
          192,
          128
        ]
      },
      "properties": {
        "id": 334,
        "kind": "junction"
      }
    },
    {
      "type": "Feature",
      "geometry": {
        "type": "Point",
        "coordinates": [
          191,
          129
        ]
      },
      "properties": {
        "id": 335,
        "kind": "junction"
      }
    },
    {
      "type": "Feature",
      "geometry": {
        "type": "Point",
        "coordinates": [
          192,
          129
        ]
      },
      "properties": {
        "id": 336,
        "kind": "junction"
      }
    },
    {
      "type": "Feature",
      "geometry": {
        "type": "Point",
        "coordinates": [
          253,
          129
        ]
      },
      "properties": {
        "id": 337,
        "kind": "junction"
      }
    },
    {
      "type": "Feature",
      "geometry": {
        "type": "Point",
        "coordinates": [
          191,
          130
        ]
      },
      "properties": {
        "id": 338,
        "kind": "junction"
      }
    },
    {
      "type": "Feature",
      "geometry": {
        "type": "Point",
        "coordinates": [
          192,
          130
        ]
      },
      "properties": {
        "id": 339,
        "kind": "junction"
      }
    },
    {
      "type": "Feature",
      "geometry": {
        "type": "Point",
        "coordinates": [
          252,
          130
        ]
      },
      "properties": {
        "id": 340,
        "kind": "junction"
      }
    },
    {
      "type": "Feature",
      "geometry": {
        "type": "Point",
        "coordinates": [
          253,
          130
        ]
      },
      "properties": {
        "id": 341,
        "kind": "junction"
      }
    },
    {
      "type": "Feature",
      "geometry": {
        "type": "Point",
        "coordinates": [
          191,
          131
        ]
      },
      "properties": {
        "id": 342,
        "kind": "junction"
      }
    },
    {
      "type": "Feature",
      "geometry": {
        "type": "Point",
        "coordinates": [
          192,
          131
        ]
      },
      "properties": {
        "id": 343,
        "kind": "junction"
      }
    },
    {
      "type": "Feature",
      "geometry": {
        "type": "Point",
        "coordinates": [
          252,
          131
        ]
      },
      "properties": {
        "id": 344,
        "kind": "junction"
      }
    },
    {
      "type": "Feature",
      "geometry": {
        "type": "Point",
        "coordinates": [
          191,
          132
        ]
      },
      "properties": {
        "id": 345,
        "kind": "junction"
      }
    },
    {
      "type": "Feature",
      "geometry": {
        "type": "Point",
        "coordinates": [
          192,
          132
        ]
      },
      "properties": {
        "id": 346,
        "kind": "junction"
      }
    },
    {
      "type": "Feature",
      "geometry": {
        "type": "Point",
        "coordinates": [
          191,
          133
        ]
      },
      "properties": {
        "id": 347,
        "kind": "junction"
      }
    },
    {
      "type": "Feature",
      "geometry": {
        "type": "Point",
        "coordinates": [
          192,
          133
        ]
      },
      "properties": {
        "id": 348,
        "kind": "junction"
      }
    },
    {
      "type": "Feature",
      "geometry": {
        "type": "Point",
        "coordinates": [
          191,
          134
        ]
      },
      "properties": {
        "id": 349,
        "kind": "junction"
      }
    },
    {
      "type": "Feature",
      "geometry": {
        "type": "Point",
        "coordinates": [
          192,
          134
        ]
      },
      "properties": {
        "id": 350,
        "kind": "junction"
      }
    },
    {
      "type": "Feature",
      "geometry": {
        "type": "Point",
        "coordinates": [
          191,
          135
        ]
      },
      "properties": {
        "id": 351,
        "kind": "junction"
      }
    },
    {
      "type": "Feature",
      "geometry": {
        "type": "Point",
        "coordinates": [
          192,
          135
        ]
      },
      "properties": {
        "id": 352,
        "kind": "junction"
      }
    },
    {
      "type": "Feature",
      "geometry": {
        "type": "Point",
        "coordinates": [
          239,
          135
        ]
      },
      "properties": {
        "id": 353,
        "kind": "junction"
      }
    },
    {
      "type": "Feature",
      "geometry": {
        "type": "Point",
        "coordinates": [
          191,
          136
        ]
      },
      "properties": {
        "id": 354,
        "kind": "junction"
      }
    },
    {
      "type": "Feature",
      "geometry": {
        "type": "Point",
        "coordinates": [
          255,
          137
        ]
      },
      "properties": {
        "id": 355,
        "kind": "junction"
      }
    },
    {
      "type": "Feature",
      "geometry": {
        "type": "Point",
        "coordinates": [
          243,
          140
        ]
      },
      "properties": {
        "id": 356,
        "kind": "junction"
      }
    },
    {
      "type": "Feature",
      "geometry": {
        "type": "Point",
        "coordinates": [
          242,
          141
        ]
      },
      "properties": {
        "id": 357,
        "kind": "junction"
      }
    },
    {
      "type": "Feature",
      "geometry": {
        "type": "Point",
        "coordinates": [
          243,
          141
        ]
      },
      "properties": {
        "id": 358,
        "kind": "junction"
      }
    },
    {
      "type": "Feature",
      "geometry": {
        "type": "Point",
        "coordinates": [
          234,
          142
        ]
      },
      "properties": {
        "id": 359,
        "kind": "junction"
      }
    },
    {
      "type": "Feature",
      "geometry": {
        "type": "Point",
        "coordinates": [
          241,
          142
        ]
      },
      "properties": {
        "id": 360,
        "kind": "junction"
      }
    },
    {
      "type": "Feature",
      "geometry": {
        "type": "Point",
        "coordinates": [
          242,
          142
        ]
      },
      "properties": {
        "id": 361,
        "kind": "junction"
      }
    },
    {
      "type": "Feature",
      "geometry": {
        "type": "Point",
        "coordinates": [
          249,
          142
        ]
      },
      "properties": {
        "id": 362,
        "kind": "junction"
      }
    },
    {
      "type": "Feature",
      "geometry": {
        "type": "Point",
        "coordinates": [
          236,
          143
        ]
      },
      "properties": {
        "id": 363,
        "kind": "junction"
      }
    },
    {
      "type": "Feature",
      "geometry": {
        "type": "Point",
        "coordinates": [
          240,
          143
        ]
      },
      "properties": {
        "id": 364,
        "kind": "junction"
      }
    },
    {
      "type": "Feature",
      "geometry": {
        "type": "Point",
        "coordinates": [
          241,
          143
        ]
      },
      "properties": {
        "id": 365,
        "kind": "junction"
      }
    },
    {
      "type": "Feature",
      "geometry": {
        "type": "Point",
        "coordinates": [
          251,
          143
        ]
      },
      "properties": {
        "id": 366,
        "kind": "junction"
      }
    },
    {
      "type": "Feature",
      "geometry": {
        "type": "Point",
        "coordinates": [
          192,
          144
        ]
      },
      "properties": {
        "id": 367,
        "kind": "junction"
      }
    },
    {
      "type": "Feature",
      "geometry": {
        "type": "Point",
        "coordinates": [
          239,
          144
        ]
      },
      "properties": {
        "id": 368,
        "kind": "junction"
      }
    },
    {
      "type": "Feature",
      "geometry": {
        "type": "Point",
        "coordinates": [
          240,
          144
        ]
      },
      "properties": {
        "id": 369,
        "kind": "junction"
      }
    },
    {
      "type": "Feature",
      "geometry": {
        "type": "Point",
        "coordinates": [
          191,
          145
        ]
      },
      "properties": {
        "id": 370,
        "kind": "junction"
      }
    },
    {
      "type": "Feature",
      "geometry": {
        "type": "Point",
        "coordinates": [
          239,
          145
        ]
      },
      "properties": {
        "id": 371,
        "kind": "junction"
      }
    },
    {
      "type": "Feature",
      "geometry": {
        "type": "Point",
        "coordinates": [
          190,
          147
        ]
      },
      "properties": {
        "id": 372,
        "kind": "junction"
      }
    },
    {
      "type": "Feature",
      "geometry": {
        "type": "Point",
        "coordinates": [
          188,
          149
        ]
      },
      "properties": {
        "id": 373,
        "kind": "junction"
      }
    },
    {
      "type": "Feature",
      "geometry": {
        "type": "Point",
        "coordinates": [
          197,
          149
        ]
      },
      "properties": {
        "id": 374,
        "kind": "junction"
      }
    },
    {
      "type": "Feature",
      "geometry": {
        "type": "Point",
        "coordinates": [
          231,
          153
        ]
      },
      "properties": {
        "id": 375,
        "kind": "junction"
      }
    },
    {
      "type": "Feature",
      "geometry": {
        "type": "Point",
        "coordinates": [
          230,
          154
        ]
      },
      "properties": {
        "id": 376,
        "kind": "junction"
      }
    },
    {
      "type": "Feature",
      "geometry": {
        "type": "Point",
        "coordinates": [
          231,
          154
        ]
      },
      "properties": {
        "id": 377,
        "kind": "junction"
      }
    },
    {
      "type": "Feature",
      "geometry": {
        "type": "Point",
        "coordinates": [
          230,
          155
        ]
      },
      "properties": {
        "id": 378,
        "kind": "junction"
      }
    },
    {
      "type": "Feature",
      "geometry": {
        "type": "Point",
        "coordinates": [
          221,
          171
        ]
      },
      "properties": {
        "id": 379,
        "kind": "junction"
      }
    },
    {
      "type": "Feature",
      "geometry": {
        "type": "Point",
        "coordinates": [
          221,
          173
        ]
      },
      "properties": {
        "id": 380,
        "kind": "junction"
      }
    },
    {
      "type": "Feature",
      "geometry": {
        "type": "Point",
        "coordinates": [
          190,
          186
        ]
      },
      "properties": {
        "id": 381,
        "kind": "junction"
      }
    },
    {
      "type": "Feature",
      "geometry": {
        "type": "Point",
        "coordinates": [
          208,
          186
        ]
      },
      "properties": {
        "id": 382,
        "kind": "junction"
      }
    },
    {
      "type": "Feature",
      "geometry": {
        "type": "Point",
        "coordinates": [
          206,
          187
        ]
      },
      "properties": {
        "id": 383,
        "kind": "junction"
      }
    },
    {
      "type": "Feature",
      "geometry": {
        "type": "Point",
        "coordinates": [
          192,
          188
        ]
      },
      "properties": {
        "id": 384,
        "kind": "junction"
      }
    },
    {
      "type": "Feature",
      "geometry": {
        "type": "Point",
        "coordinates": [
          194,
          190
        ]
      },
      "properties": {
        "id": 385,
        "kind": "junction"
      }
    },
    {
      "type": "Feature",
      "geometry": {
        "type": "Point",
        "coordinates": [
          195,
          193
        ]
      },
      "properties": {
        "id": 386,
        "kind": "junction"
      }
    },
    {
      "type": "Feature",
      "geometry": {
        "type": "Point",
        "coordinates": [
          194,
          194
        ]
      },
      "properties": {
        "id": 387,
        "kind": "junction"
      }
    },
    {
      "type": "Feature",
      "geometry": {
        "type": "Point",
        "coordinates": [
          195,
          194
        ]
      },
      "properties": {
        "id": 388,
        "kind": "junction"
      }
    },
    {
      "type": "Feature",
      "geometry": {
        "type": "Point",
        "coordinates": [
          193,
          195
        ]
      },
      "properties": {
        "id": 389,
        "kind": "junction"
      }
    },
    {
      "type": "Feature",
      "geometry": {
        "type": "Point",
        "coordinates": [
          194,
          195
        ]
      },
      "properties": {
        "id": 390,
        "kind": "junction"
      }
    },
    {
      "type": "Feature",
      "geometry": {
        "type": "Point",
        "coordinates": [
          193,
          196
        ]
      },
      "properties": {
        "id": 391,
        "kind": "junction"
      }
    },
    {
      "type": "Feature",
      "geometry": {
        "type": "Point",
        "coordinates": [
          190,
          201
        ]
      },
      "properties": {
        "id": 392,
        "kind": "junction"
      }
    },
    {
      "type": "Feature",
      "geometry": {
        "type": "Point",
        "coordinates": [
          189,
          202
        ]
      },
      "properties": {
        "id": 393,
        "kind": "junction"
      }
    },
    {
      "type": "Feature",
      "geometry": {
        "type": "Point",
        "coordinates": [
          190,
          202
        ]
      },
      "properties": {
        "id": 394,
        "kind": "junction"
      }
    },
    {
      "type": "Feature",
      "geometry": {
        "type": "Point",
        "coordinates": [
          189,
          203
        ]
      },
      "properties": {
        "id": 395,
        "kind": "junction"
      }
    },
    {
      "type": "Feature",
      "geometry": {
        "type": "Point",
        "coordinates": [
          190,
          203
        ]
      },
      "properties": {
        "id": 396,
        "kind": "junction"
      }
    },
    {
      "type": "Feature",
      "geometry": {
        "type": "Point",
        "coordinates": [
          188,
          204
        ]
      },
      "properties": {
        "id": 397,
        "kind": "junction"
      }
    },
    {
      "type": "Feature",
      "geometry": {
        "type": "Point",
        "coordinates": [
          189,
          204
        ]
      },
      "properties": {
        "id": 398,
        "kind": "junction"
      }
    },
    {
      "type": "Feature",
      "geometry": {
        "type": "Point",
        "coordinates": [
          190,
          204
        ]
      },
      "properties": {
        "id": 399,
        "kind": "junction"
      }
    },
    {
      "type": "Feature",
      "geometry": {
        "type": "Point",
        "coordinates": [
          182,
          207
        ]
      },
      "properties": {
        "id": 400,
        "kind": "junction"
      }
    },
    {
      "type": "Feature",
      "geometry": {
        "type": "Point",
        "coordinates": [
          183,
          207
        ]
      },
      "properties": {
        "id": 401,
        "kind": "junction"
      }
    },
    {
      "type": "Feature",
      "geometry": {
        "type": "Point",
        "coordinates": [
          181,
          208
        ]
      },
      "properties": {
        "id": 402,
        "kind": "junction"
      }
    },
    {
      "type": "Feature",
      "geometry": {
        "type": "Point",
        "coordinates": [
          182,
          208
        ]
      },
      "properties": {
        "id": 403,
        "kind": "junction"
      }
    },
    {
      "type": "Feature",
      "geometry": {
        "type": "Point",
        "coordinates": [
          180,
          209
        ]
      },
      "properties": {
        "id": 404,
        "kind": "junction"
      }
    },
    {
      "type": "Feature",
      "geometry": {
        "type": "Point",
        "coordinates": [
          181,
          209
        ]
      },
      "properties": {
        "id": 405,
        "kind": "junction"
      }
    },
    {
      "type": "Feature",
      "geometry": {
        "type": "Point",
        "coordinates": [
          179,
          210
        ]
      },
      "properties": {
        "id": 406,
        "kind": "junction"
      }
    },
    {
      "type": "Feature",
      "geometry": {
        "type": "Point",
        "coordinates": [
          180,
          210
        ]
      },
      "properties": {
        "id": 407,
        "kind": "junction"
      }
    },
    {
      "type": "Feature",
      "geometry": {
        "type": "Point",
        "coordinates": [
          178,
          211
        ]
      },
      "properties": {
        "id": 408,
        "kind": "junction"
      }
    },
    {
      "type": "Feature",
      "geometry": {
        "type": "Point",
        "coordinates": [
          179,
          211
        ]
      },
      "properties": {
        "id": 409,
        "kind": "junction"
      }
    },
    {
      "type": "Feature",
      "geometry": {
        "type": "Point",
        "coordinates": [
          177,
          212
        ]
      },
      "properties": {
        "id": 410,
        "kind": "junction"
      }
    },
    {
      "type": "Feature",
      "geometry": {
        "type": "Point",
        "coordinates": [
          178,
          212
        ]
      },
      "properties": {
        "id": 411,
        "kind": "junction"
      }
    },
    {
      "type": "Feature",
      "geometry": {
        "type": "Point",
        "coordinates": [
          176,
          213
        ]
      },
      "properties": {
        "id": 412,
        "kind": "junction"
      }
    },
    {
      "type": "Feature",
      "geometry": {
        "type": "Point",
        "coordinates": [
          177,
          213
        ]
      },
      "properties": {
        "id": 413,
        "kind": "junction"
      }
    },
    {
      "type": "Feature",
      "geometry": {
        "type": "Point",
        "coordinates": [
          175,
          214
        ]
      },
      "properties": {
        "id": 414,
        "kind": "junction"
      }
    },
    {
      "type": "Feature",
      "geometry": {
        "type": "Point",
        "coordinates": [
          176,
          214
        ]
      },
      "properties": {
        "id": 415,
        "kind": "junction"
      }
    },
    {
      "type": "Feature",
      "geometry": {
        "type": "Point",
        "coordinates": [
          174,
          215
        ]
      },
      "properties": {
        "id": 416,
        "kind": "junction"
      }
    },
    {
      "type": "Feature",
      "geometry": {
        "type": "Point",
        "coordinates": [
          175,
          215
        ]
      },
      "properties": {
        "id": 417,
        "kind": "junction"
      }
    },
    {
      "type": "Feature",
      "geometry": {
        "type": "Point",
        "coordinates": [
          173,
          216
        ]
      },
      "properties": {
        "id": 418,
        "kind": "junction"
      }
    },
    {
      "type": "Feature",
      "geometry": {
        "type": "Point",
        "coordinates": [
          174,
          216
        ]
      },
      "properties": {
        "id": 419,
        "kind": "junction"
      }
    },
    {
      "type": "Feature",
      "geometry": {
        "type": "Point",
        "coordinates": [
          173,
          217
        ]
      },
      "properties": {
        "id": 420,
        "kind": "junction"
      }
    },
    {
      "type": "Feature",
      "geometry": {
        "type": "Point",
        "coordinates": [
          176,
          221
        ]
      },
      "properties": {
        "id": 421,
        "kind": "junction"
      }
    },
    {
      "type": "Feature",
      "geometry": {
        "type": "Point",
        "coordinates": [
          178,
          222
        ]
      },
      "properties": {
        "id": 422,
        "kind": "junction"
      }
    },
    {
      "type": "Feature",
      "geometry": {
        "type": "Point",
        "coordinates": [
          165,
          225
        ]
      },
      "properties": {
        "id": 423,
        "kind": "junction"
      }
    },
    {
      "type": "Feature",
      "geometry": {
        "type": "Point",
        "coordinates": [
          164,
          226
        ]
      },
      "properties": {
        "id": 424,
        "kind": "junction"
      }
    },
    {
      "type": "Feature",
      "geometry": {
        "type": "Point",
        "coordinates": [
          165,
          226
        ]
      },
      "properties": {
        "id": 425,
        "kind": "junction"
      }
    },
    {
      "type": "Feature",
      "geometry": {
        "type": "Point",
        "coordinates": [
          164,
          227
        ]
      },
      "properties": {
        "id": 426,
        "kind": "junction"
      }
    },
    {
      "type": "Feature",
      "geometry": {
        "type": "Point",
        "coordinates": [
          198,
          228
        ]
      },
      "properties": {
        "id": 427,
        "kind": "junction"
      }
    },
    {
      "type": "Feature",
      "geometry": {
        "type": "Point",
        "coordinates": [
          197,
          229
        ]
      },
      "properties": {
        "id": 428,
        "kind": "junction"
      }
    },
    {
      "type": "Feature",
      "geometry": {
        "type": "Point",
        "coordinates": [
          198,
          229
        ]
      },
      "properties": {
        "id": 429,
        "kind": "junction"
      }
    },
    {
      "type": "Feature",
      "geometry": {
        "type": "Point",
        "coordinates": [
          197,
          230
        ]
      },
      "properties": {
        "id": 430,
        "kind": "junction"
      }
    },
    {
      "type": "Feature",
      "geometry": {
        "type": "Point",
        "coordinates": [
          198,
          230
        ]
      },
      "properties": {
        "id": 431,
        "kind": "junction"
      }
    },
    {
      "type": "Feature",
      "geometry": {
        "type": "Point",
        "coordinates": [
          150,
          231
        ]
      },
      "properties": {
        "id": 432,
        "kind": "junction"
      }
    },
    {
      "type": "Feature",
      "geometry": {
        "type": "Point",
        "coordinates": [
          197,
          231
        ]
      },
      "properties": {
        "id": 433,
        "kind": "junction"
      }
    },
    {
      "type": "Feature",
      "geometry": {
        "type": "Point",
        "coordinates": [
          198,
          231
        ]
      },
      "properties": {
        "id": 434,
        "kind": "junction"
      }
    },
    {
      "type": "Feature",
      "geometry": {
        "type": "Point",
        "coordinates": [
          152,
          232
        ]
      },
      "properties": {
        "id": 435,
        "kind": "junction"
      }
    },
    {
      "type": "Feature",
      "geometry": {
        "type": "Point",
        "coordinates": [
          197,
          232
        ]
      },
      "properties": {
        "id": 436,
        "kind": "junction"
      }
    },
    {
      "type": "Feature",
      "geometry": {
        "type": "Point",
        "coordinates": [
          198,
          232
        ]
      },
      "properties": {
        "id": 437,
        "kind": "junction"
      }
    },
    {
      "type": "Feature",
      "geometry": {
        "type": "Point",
        "coordinates": [
          197,
          233
        ]
      },
      "properties": {
        "id": 438,
        "kind": "junction"
      }
    },
    {
      "type": "Feature",
      "geometry": {
        "type": "Point",
        "coordinates": [
          198,
          238
        ]
      },
      "properties": {
        "id": 439,
        "kind": "junction"
      }
    },
    {
      "type": "Feature",
      "geometry": {
        "type": "Point",
        "coordinates": [
          198,
          239
        ]
      },
      "properties": {
        "id": 440,
        "kind": "junction"
      }
    },
    {
      "type": "Feature",
      "geometry": {
        "type": "Point",
        "coordinates": [
          199,
          239
        ]
      },
      "properties": {
        "id": 441,
        "kind": "junction"
      }
    },
    {
      "type": "Feature",
      "geometry": {
        "type": "Point",
        "coordinates": [
          198,
          240
        ]
      },
      "properties": {
        "id": 442,
        "kind": "junction"
      }
    },
    {
      "type": "Feature",
      "geometry": {
        "type": "Point",
        "coordinates": [
          199,
          240
        ]
      },
      "properties": {
        "id": 443,
        "kind": "junction"
      }
    },
    {
      "type": "Feature",
      "geometry": {
        "type": "Point",
        "coordinates": [
          198,
          241
        ]
      },
      "properties": {
        "id": 444,
        "kind": "junction"
      }
    },
    {
      "type": "Feature",
      "geometry": {
        "type": "Point",
        "coordinates": [
          199,
          241
        ]
      },
      "properties": {
        "id": 445,
        "kind": "junction"
      }
    },
    {
      "type": "Feature",
      "geometry": {
        "type": "Point",
        "coordinates": [
          27,
          242
        ]
      },
      "properties": {
        "id": 446,
        "kind": "junction"
      }
    },
    {
      "type": "Feature",
      "geometry": {
        "type": "Point",
        "coordinates": [
          198,
          242
        ]
      },
      "properties": {
        "id": 447,
        "kind": "junction"
      }
    },
    {
      "type": "Feature",
      "geometry": {
        "type": "Point",
        "coordinates": [
          199,
          242
        ]
      },
      "properties": {
        "id": 448,
        "kind": "junction"
      }
    },
    {
      "type": "Feature",
      "geometry": {
        "type": "Point",
        "coordinates": [
          28,
          243
        ]
      },
      "properties": {
        "id": 449,
        "kind": "junction"
      }
    },
    {
      "type": "Feature",
      "geometry": {
        "type": "Point",
        "coordinates": [
          152,
          243
        ]
      },
      "properties": {
        "id": 450,
        "kind": "junction"
      }
    },
    {
      "type": "Feature",
      "geometry": {
        "type": "Point",
        "coordinates": [
          30,
          245
        ]
      },
      "properties": {
        "id": 451,
        "kind": "junction"
      }
    },
    {
      "type": "Feature",
      "geometry": {
        "type": "Point",
        "coordinates": [
          31,
          245
        ]
      },
      "properties": {
        "id": 452,
        "kind": "junction"
      }
    },
    {
      "type": "Feature",
      "geometry": {
        "type": "Point",
        "coordinates": [
          32,
          245
        ]
      },
      "properties": {
        "id": 453,
        "kind": "junction"
      }
    },
    {
      "type": "Feature",
      "geometry": {
        "type": "Point",
        "coordinates": [
          33,
          245
        ]
      },
      "properties": {
        "id": 454,
        "kind": "junction"
      }
    },
    {
      "type": "Feature",
      "geometry": {
        "type": "Point",
        "coordinates": [
          34,
          245
        ]
      },
      "properties": {
        "id": 455,
        "kind": "junction"
      }
    },
    {
      "type": "Feature",
      "geometry": {
        "type": "Point",
        "coordinates": [
          35,
          245
        ]
      },
      "properties": {
        "id": 456,
        "kind": "junction"
      }
    },
    {
      "type": "Feature",
      "geometry": {
        "type": "Point",
        "coordinates": [
          36,
          245
        ]
      },
      "properties": {
        "id": 457,
        "kind": "junction"
      }
    },
    {
      "type": "Feature",
      "geometry": {
        "type": "Point",
        "coordinates": [
          37,
          245
        ]
      },
      "properties": {
        "id": 458,
        "kind": "junction"
      }
    },
    {
      "type": "Feature",
      "geometry": {
        "type": "Point",
        "coordinates": [
          38,
          245
        ]
      },
      "properties": {
        "id": 459,
        "kind": "junction"
      }
    },
    {
      "type": "Feature",
      "geometry": {
        "type": "Point",
        "coordinates": [
          39,
          245
        ]
      },
      "properties": {
        "id": 460,
        "kind": "junction"
      }
    },
    {
      "type": "Feature",
      "geometry": {
        "type": "Point",
        "coordinates": [
          40,
          245
        ]
      },
      "properties": {
        "id": 461,
        "kind": "junction"
      }
    },
    {
      "type": "Feature",
      "geometry": {
        "type": "Point",
        "coordinates": [
          41,
          245
        ]
      },
      "properties": {
        "id": 462,
        "kind": "junction"
      }
    },
    {
      "type": "Feature",
      "geometry": {
        "type": "Point",
        "coordinates": [
          30,
          246
        ]
      },
      "properties": {
        "id": 463,
        "kind": "junction"
      }
    },
    {
      "type": "Feature",
      "geometry": {
        "type": "Point",
        "coordinates": [
          31,
          246
        ]
      },
      "properties": {
        "id": 464,
        "kind": "junction"
      }
    },
    {
      "type": "Feature",
      "geometry": {
        "type": "Point",
        "coordinates": [
          32,
          246
        ]
      },
      "properties": {
        "id": 465,
        "kind": "junction"
      }
    },
    {
      "type": "Feature",
      "geometry": {
        "type": "Point",
        "coordinates": [
          33,
          246
        ]
      },
      "properties": {
        "id": 466,
        "kind": "junction"
      }
    },
    {
      "type": "Feature",
      "geometry": {
        "type": "Point",
        "coordinates": [
          34,
          246
        ]
      },
      "properties": {
        "id": 467,
        "kind": "junction"
      }
    },
    {
      "type": "Feature",
      "geometry": {
        "type": "Point",
        "coordinates": [
          35,
          246
        ]
      },
      "properties": {
        "id": 468,
        "kind": "junction"
      }
    },
    {
      "type": "Feature",
      "geometry": {
        "type": "Point",
        "coordinates": [
          36,
          246
        ]
      },
      "properties": {
        "id": 469,
        "kind": "junction"
      }
    },
    {
      "type": "Feature",
      "geometry": {
        "type": "Point",
        "coordinates": [
          37,
          246
        ]
      },
      "properties": {
        "id": 470,
        "kind": "junction"
      }
    },
    {
      "type": "Feature",
      "geometry": {
        "type": "Point",
        "coordinates": [
          38,
          246
        ]
      },
      "properties": {
        "id": 471,
        "kind": "junction"
      }
    },
    {
      "type": "Feature",
      "geometry": {
        "type": "Point",
        "coordinates": [
          39,
          246
        ]
      },
      "properties": {
        "id": 472,
        "kind": "junction"
      }
    },
    {
      "type": "Feature",
      "geometry": {
        "type": "Point",
        "coordinates": [
          40,
          246
        ]
      },
      "properties": {
        "id": 473,
        "kind": "junction"
      }
    },
    {
      "type": "Feature",
      "geometry": {
        "type": "Point",
        "coordinates": [
          41,
          246
        ]
      },
      "properties": {
        "id": 474,
        "kind": "junction"
      }
    },
    {
      "type": "Feature",
      "geometry": {
        "type": "Point",
        "coordinates": [
          42,
          246
        ]
      },
      "properties": {
        "id": 475,
        "kind": "junction"
      }
    },
    {
      "type": "Feature",
      "geometry": {
        "type": "Point",
        "coordinates": [
          70,
          246
        ]
      },
      "properties": {
        "id": 476,
        "kind": "junction"
      }
    },
    {
      "type": "Feature",
      "geometry": {
        "type": "Point",
        "coordinates": [
          71,
          246
        ]
      },
      "properties": {
        "id": 477,
        "kind": "junction"
      }
    },
    {
      "type": "Feature",
      "geometry": {
        "type": "Point",
        "coordinates": [
          72,
          246
        ]
      },
      "properties": {
        "id": 478,
        "kind": "junction"
      }
    },
    {
      "type": "Feature",
      "geometry": {
        "type": "Point",
        "coordinates": [
          29,
          247
        ]
      },
      "properties": {
        "id": 479,
        "kind": "junction"
      }
    },
    {
      "type": "Feature",
      "geometry": {
        "type": "Point",
        "coordinates": [
          71,
          247
        ]
      },
      "properties": {
        "id": 480,
        "kind": "junction"
      }
    },
    {
      "type": "Feature",
      "geometry": {
        "type": "Point",
        "coordinates": [
          72,
          247
        ]
      },
      "properties": {
        "id": 481,
        "kind": "junction"
      }
    },
    {
      "type": "Feature",
      "geometry": {
        "type": "Point",
        "coordinates": [
          73,
          247
        ]
      },
      "properties": {
        "id": 482,
        "kind": "junction"
      }
    },
    {
      "type": "Feature",
      "geometry": {
        "type": "Point",
        "coordinates": [
          77,
          247
        ]
      },
      "properties": {
        "id": 483,
        "kind": "junction"
      }
    },
    {
      "type": "Feature",
      "geometry": {
        "type": "Point",
        "coordinates": [
          79,
          248
        ]
      },
      "properties": {
        "id": 484,
        "kind": "junction"
      }
    },
    {
      "type": "Feature",
      "geometry": {
        "type": "Point",
        "coordinates": [
          80,
          248
        ]
      },
      "properties": {
        "id": 485,
        "kind": "junction"
      }
    },
    {
      "type": "Feature",
      "geometry": {
        "type": "Point",
        "coordinates": [
          81,
          248
        ]
      },
      "properties": {
        "id": 486,
        "kind": "junction"
      }
    },
    {
      "type": "Feature",
      "geometry": {
        "type": "Point",
        "coordinates": [
          82,
          248
        ]
      },
      "properties": {
        "id": 487,
        "kind": "junction"
      }
    },
    {
      "type": "Feature",
      "geometry": {
        "type": "Point",
        "coordinates": [
          103,
          248
        ]
      },
      "properties": {
        "id": 488,
        "kind": "junction"
      }
    },
    {
      "type": "Feature",
      "geometry": {
        "type": "Point",
        "coordinates": [
          104,
          248
        ]
      },
      "properties": {
        "id": 489,
        "kind": "junction"
      }
    },
    {
      "type": "Feature",
      "geometry": {
        "type": "Point",
        "coordinates": [
          105,
          248
        ]
      },
      "properties": {
        "id": 490,
        "kind": "junction"
      }
    },
    {
      "type": "Feature",
      "geometry": {
        "type": "Point",
        "coordinates": [
          106,
          248
        ]
      },
      "properties": {
        "id": 491,
        "kind": "junction"
      }
    },
    {
      "type": "Feature",
      "geometry": {
        "type": "Point",
        "coordinates": [
          107,
          248
        ]
      },
      "properties": {
        "id": 492,
        "kind": "junction"
      }
    },
    {
      "type": "Feature",
      "geometry": {
        "type": "Point",
        "coordinates": [
          108,
          248
        ]
      },
      "properties": {
        "id": 493,
        "kind": "junction"
      }
    },
    {
      "type": "Feature",
      "geometry": {
        "type": "Point",
        "coordinates": [
          109,
          248
        ]
      },
      "properties": {
        "id": 494,
        "kind": "junction"
      }
    },
    {
      "type": "Feature",
      "geometry": {
        "type": "Point",
        "coordinates": [
          110,
          248
        ]
      },
      "properties": {
        "id": 495,
        "kind": "junction"
      }
    },
    {
      "type": "Feature",
      "geometry": {
        "type": "Point",
        "coordinates": [
          111,
          248
        ]
      },
      "properties": {
        "id": 496,
        "kind": "junction"
      }
    },
    {
      "type": "Feature",
      "geometry": {
        "type": "Point",
        "coordinates": [
          120,
          248
        ]
      },
      "properties": {
        "id": 497,
        "kind": "junction"
      }
    },
    {
      "type": "Feature",
      "geometry": {
        "type": "Point",
        "coordinates": [
          81,
          249
        ]
      },
      "properties": {
        "id": 498,
        "kind": "junction"
      }
    },
    {
      "type": "Feature",
      "geometry": {
        "type": "Point",
        "coordinates": [
          102,
          249
        ]
      },
      "properties": {
        "id": 499,
        "kind": "junction"
      }
    },
    {
      "type": "Feature",
      "geometry": {
        "type": "Point",
        "coordinates": [
          103,
          249
        ]
      },
      "properties": {
        "id": 500,
        "kind": "junction"
      }
    },
    {
      "type": "Feature",
      "geometry": {
        "type": "Point",
        "coordinates": [
          104,
          249
        ]
      },
      "properties": {
        "id": 501,
        "kind": "junction"
      }
    },
    {
      "type": "Feature",
      "geometry": {
        "type": "Point",
        "coordinates": [
          105,
          249
        ]
      },
      "properties": {
        "id": 502,
        "kind": "junction"
      }
    },
    {
      "type": "Feature",
      "geometry": {
        "type": "Point",
        "coordinates": [
          106,
          249
        ]
      },
      "properties": {
        "id": 503,
        "kind": "junction"
      }
    },
    {
      "type": "Feature",
      "geometry": {
        "type": "Point",
        "coordinates": [
          107,
          249
        ]
      },
      "properties": {
        "id": 504,
        "kind": "junction"
      }
    },
    {
      "type": "Feature",
      "geometry": {
        "type": "Point",
        "coordinates": [
          108,
          249
        ]
      },
      "properties": {
        "id": 505,
        "kind": "junction"
      }
    },
    {
      "type": "Feature",
      "geometry": {
        "type": "Point",
        "coordinates": [
          109,
          249
        ]
      },
      "properties": {
        "id": 506,
        "kind": "junction"
      }
    },
    {
      "type": "Feature",
      "geometry": {
        "type": "Point",
        "coordinates": [
          110,
          249
        ]
      },
      "properties": {
        "id": 507,
        "kind": "junction"
      }
    },
    {
      "type": "Feature",
      "geometry": {
        "type": "Point",
        "coordinates": [
          119,
          249
        ]
      },
      "properties": {
        "id": 508,
        "kind": "junction"
      }
    },
    {
      "type": "Feature",
      "geometry": {
        "type": "Point",
        "coordinates": [
          120,
          249
        ]
      },
      "properties": {
        "id": 509,
        "kind": "junction"
      }
    },
    {
      "type": "Feature",
      "geometry": {
        "type": "Point",
        "coordinates": [
          121,
          249
        ]
      },
      "properties": {
        "id": 510,
        "kind": "junction"
      }
    },
    {
      "type": "Feature",
      "geometry": {
        "type": "Point",
        "coordinates": [
          122,
          249
        ]
      },
      "properties": {
        "id": 511,
        "kind": "junction"
      }
    },
    {
      "type": "Feature",
      "geometry": {
        "type": "Point",
        "coordinates": [
          143,
          249
        ]
      },
      "properties": {
        "id": 512,
        "kind": "junction"
      }
    },
    {
      "type": "Feature",
      "geometry": {
        "type": "Point",
        "coordinates": [
          144,
          249
        ]
      },
      "properties": {
        "id": 513,
        "kind": "junction"
      }
    },
    {
      "type": "Feature",
      "geometry": {
        "type": "Point",
        "coordinates": [
          28,
          250
        ]
      },
      "properties": {
        "id": 514,
        "kind": "junction"
      }
    },
    {
      "type": "Feature",
      "geometry": {
        "type": "Point",
        "coordinates": [
          122,
          250
        ]
      },
      "properties": {
        "id": 515,
        "kind": "junction"
      }
    },
    {
      "type": "Feature",
      "geometry": {
        "type": "Point",
        "coordinates": [
          123,
          250
        ]
      },
      "properties": {
        "id": 516,
        "kind": "junction"
      }
    },
    {
      "type": "Feature",
      "geometry": {
        "type": "Point",
        "coordinates": [
          142,
          250
        ]
      },
      "properties": {
        "id": 517,
        "kind": "junction"
      }
    },
    {
      "type": "Feature",
      "geometry": {
        "type": "Point",
        "coordinates": [
          143,
          250
        ]
      },
      "properties": {
        "id": 518,
        "kind": "junction"
      }
    },
    {
      "type": "Feature",
      "geometry": {
        "type": "Point",
        "coordinates": [
          141,
          251
        ]
      },
      "properties": {
        "id": 519,
        "kind": "junction"
      }
    },
    {
      "type": "Feature",
      "geometry": {
        "type": "Point",
        "coordinates": [
          142,
          251
        ]
      },
      "properties": {
        "id": 520,
        "kind": "junction"
      }
    },
    {
      "type": "Feature",
      "geometry": {
        "type": "Point",
        "coordinates": [
          168,
          251
        ]
      },
      "properties": {
        "id": 521,
        "kind": "junction"
      }
    },
    {
      "type": "Feature",
      "geometry": {
        "type": "Point",
        "coordinates": [
          169,
          251
        ]
      },
      "properties": {
        "id": 522,
        "kind": "junction"
      }
    },
    {
      "type": "Feature",
      "geometry": {
        "type": "Point",
        "coordinates": [
          170,
          251
        ]
      },
      "properties": {
        "id": 523,
        "kind": "junction"
      }
    },
    {
      "type": "Feature",
      "geometry": {
        "type": "Point",
        "coordinates": [
          171,
          251
        ]
      },
      "properties": {
        "id": 524,
        "kind": "junction"
      }
    },
    {
      "type": "Feature",
      "geometry": {
        "type": "Point",
        "coordinates": [
          172,
          251
        ]
      },
      "properties": {
        "id": 525,
        "kind": "junction"
      }
    },
    {
      "type": "Feature",
      "geometry": {
        "type": "Point",
        "coordinates": [
          173,
          251
        ]
      },
      "properties": {
        "id": 526,
        "kind": "junction"
      }
    },
    {
      "type": "Feature",
      "geometry": {
        "type": "Point",
        "coordinates": [
          174,
          251
        ]
      },
      "properties": {
        "id": 527,
        "kind": "junction"
      }
    },
    {
      "type": "Feature",
      "geometry": {
        "type": "Point",
        "coordinates": [
          175,
          251
        ]
      },
      "properties": {
        "id": 528,
        "kind": "junction"
      }
    },
    {
      "type": "Feature",
      "geometry": {
        "type": "Point",
        "coordinates": [
          176,
          251
        ]
      },
      "properties": {
        "id": 529,
        "kind": "junction"
      }
    },
    {
      "type": "Feature",
      "geometry": {
        "type": "Point",
        "coordinates": [
          177,
          251
        ]
      },
      "properties": {
        "id": 530,
        "kind": "junction"
      }
    },
    {
      "type": "Feature",
      "geometry": {
        "type": "Point",
        "coordinates": [
          26,
          252
        ]
      },
      "properties": {
        "id": 531,
        "kind": "junction"
      }
    },
    {
      "type": "Feature",
      "geometry": {
        "type": "Point",
        "coordinates": [
          167,
          252
        ]
      },
      "properties": {
        "id": 532,
        "kind": "junction"
      }
    },
    {
      "type": "Feature",
      "geometry": {
        "type": "Point",
        "coordinates": [
          168,
          252
        ]
      },
      "properties": {
        "id": 533,
        "kind": "junction"
      }
    },
    {
      "type": "Feature",
      "geometry": {
        "type": "Point",
        "coordinates": [
          169,
          252
        ]
      },
      "properties": {
        "id": 534,
        "kind": "junction"
      }
    },
    {
      "type": "Feature",
      "geometry": {
        "type": "Point",
        "coordinates": [
          170,
          252
        ]
      },
      "properties": {
        "id": 535,
        "kind": "junction"
      }
    },
    {
      "type": "Feature",
      "geometry": {
        "type": "Point",
        "coordinates": [
          171,
          252
        ]
      },
      "properties": {
        "id": 536,
        "kind": "junction"
      }
    },
    {
      "type": "Feature",
      "geometry": {
        "type": "Point",
        "coordinates": [
          172,
          252
        ]
      },
      "properties": {
        "id": 537,
        "kind": "junction"
      }
    },
    {
      "type": "Feature",
      "geometry": {
        "type": "Point",
        "coordinates": [
          173,
          252
        ]
      },
      "properties": {
        "id": 538,
        "kind": "junction"
      }
    },
    {
      "type": "Feature",
      "geometry": {
        "type": "Point",
        "coordinates": [
          174,
          252
        ]
      },
      "properties": {
        "id": 539,
        "kind": "junction"
      }
    },
    {
      "type": "Feature",
      "geometry": {
        "type": "Point",
        "coordinates": [
          175,
          252
        ]
      },
      "properties": {
        "id": 540,
        "kind": "junction"
      }
    },
    {
      "type": "Feature",
      "geometry": {
        "type": "Point",
        "coordinates": [
          176,
          252
        ]
      },
      "properties": {
        "id": 541,
        "kind": "junction"
      }
    },
    {
      "type": "Feature",
      "geometry": {
        "type": "Point",
        "coordinates": [
          183,
          252
        ]
      },
      "properties": {
        "id": 542,
        "kind": "junction"
      }
    },
    {
      "type": "Feature",
      "geometry": {
        "type": "Point",
        "coordinates": [
          184,
          252
        ]
      },
      "properties": {
        "id": 543,
        "kind": "junction"
      }
    },
    {
      "type": "Feature",
      "geometry": {
        "type": "Point",
        "coordinates": [
          190,
          252
        ]
      },
      "properties": {
        "id": 544,
        "kind": "junction"
      }
    },
    {
      "type": "Feature",
      "geometry": {
        "type": "Point",
        "coordinates": [
          184,
          253
        ]
      },
      "properties": {
        "id": 545,
        "kind": "junction"
      }
    },
    {
      "type": "Feature",
      "geometry": {
        "type": "Point",
        "coordinates": [
          185,
          253
        ]
      },
      "properties": {
        "id": 546,
        "kind": "junction"
      }
    },
    {
      "type": "Feature",
      "geometry": {
        "type": "Point",
        "coordinates": [
          207,
          253
        ]
      },
      "properties": {
        "id": 547,
        "kind": "junction"
      }
    },
    {
      "type": "Feature",
      "geometry": {
        "type": "Point",
        "coordinates": [
          209,
          253
        ]
      },
      "properties": {
        "id": 548,
        "kind": "junction"
      }
    },
    {
      "type": "Feature",
      "geometry": {
        "type": "Point",
        "coordinates": [
          211,
          253
        ]
      },
      "properties": {
        "id": 549,
        "kind": "junction"
      }
    },
    {
      "type": "Feature",
      "geometry": {
        "type": "Point",
        "coordinates": [
          212,
          253
        ]
      },
      "properties": {
        "id": 550,
        "kind": "junction"
      }
    },
    {
      "type": "Feature",
      "geometry": {
        "type": "Point",
        "coordinates": [
          213,
          253
        ]
      },
      "properties": {
        "id": 551,
        "kind": "junction"
      }
    },
    {
      "type": "Feature",
      "geometry": {
        "type": "Point",
        "coordinates": [
          214,
          253
        ]
      },
      "properties": {
        "id": 552,
        "kind": "junction"
      }
    },
    {
      "type": "Feature",
      "geometry": {
        "type": "Point",
        "coordinates": [
          215,
          253
        ]
      },
      "properties": {
        "id": 553,
        "kind": "junction"
      }
    },
    {
      "type": "Feature",
      "geometry": {
        "type": "Point",
        "coordinates": [
          216,
          253
        ]
      },
      "properties": {
        "id": 554,
        "kind": "junction"
      }
    },
    {
      "type": "Feature",
      "geometry": {
        "type": "Point",
        "coordinates": [
          217,
          253
        ]
      },
      "properties": {
        "id": 555,
        "kind": "junction"
      }
    },
    {
      "type": "Feature",
      "geometry": {
        "type": "Point",
        "coordinates": [
          218,
          253
        ]
      },
      "properties": {
        "id": 556,
        "kind": "junction"
      }
    },
    {
      "type": "Feature",
      "geometry": {
        "type": "Point",
        "coordinates": [
          219,
          253
        ]
      },
      "properties": {
        "id": 557,
        "kind": "junction"
      }
    },
    {
      "type": "Feature",
      "geometry": {
        "type": "Point",
        "coordinates": [
          220,
          253
        ]
      },
      "properties": {
        "id": 558,
        "kind": "junction"
      }
    },
    {
      "type": "Feature",
      "geometry": {
        "type": "Point",
        "coordinates": [
          210,
          254
        ]
      },
      "properties": {
        "id": 559,
        "kind": "junction"
      }
    },
    {
      "type": "Feature",
      "geometry": {
        "type": "Point",
        "coordinates": [
          211,
          254
        ]
      },
      "properties": {
        "id": 560,
        "kind": "junction"
      }
    },
    {
      "type": "Feature",
      "geometry": {
        "type": "Point",
        "coordinates": [
          212,
          254
        ]
      },
      "properties": {
        "id": 561,
        "kind": "junction"
      }
    },
    {
      "type": "Feature",
      "geometry": {
        "type": "Point",
        "coordinates": [
          213,
          254
        ]
      },
      "properties": {
        "id": 562,
        "kind": "junction"
      }
    },
    {
      "type": "Feature",
      "geometry": {
        "type": "Point",
        "coordinates": [
          214,
          254
        ]
      },
      "properties": {
        "id": 563,
        "kind": "junction"
      }
    },
    {
      "type": "Feature",
      "geometry": {
        "type": "Point",
        "coordinates": [
          215,
          254
        ]
      },
      "properties": {
        "id": 564,
        "kind": "junction"
      }
    },
    {
      "type": "Feature",
      "geometry": {
        "type": "Point",
        "coordinates": [
          216,
          254
        ]
      },
      "properties": {
        "id": 565,
        "kind": "junction"
      }
    },
    {
      "type": "Feature",
      "geometry": {
        "type": "Point",
        "coordinates": [
          217,
          254
        ]
      },
      "properties": {
        "id": 566,
        "kind": "junction"
      }
    },
    {
      "type": "Feature",
      "geometry": {
        "type": "Point",
        "coordinates": [
          218,
          254
        ]
      },
      "properties": {
        "id": 567,
        "kind": "junction"
      }
    },
    {
      "type": "Feature",
      "geometry": {
        "type": "Point",
        "coordinates": [
          219,
          254
        ]
      },
      "properties": {
        "id": 568,
        "kind": "junction"
      }
    },
    {
      "type": "Feature",
      "geometry": {
        "type": "Point",
        "coordinates": [
          225,
          254
        ]
      },
      "properties": {
        "id": 569,
        "kind": "junction"
      }
    },
    {
      "type": "Feature",
      "geometry": {
        "type": "Point",
        "coordinates": [
          226,
          254
        ]
      },
      "properties": {
        "id": 570,
        "kind": "junction"
      }
    },
    {
      "type": "Feature",
      "geometry": {
        "type": "Point",
        "coordinates": [
          227,
          254
        ]
      },
      "properties": {
        "id": 571,
        "kind": "junction"
      }
    },
    {
      "type": "Feature",
      "geometry": {
        "type": "Point",
        "coordinates": [
          236,
          254
        ]
      },
      "properties": {
        "id": 572,
        "kind": "junction"
      }
    },
    {
      "type": "Feature",
      "geometry": {
        "type": "Point",
        "coordinates": [
          237,
          254
        ]
      },
      "properties": {
        "id": 573,
        "kind": "junction"
      }
    },
    {
      "type": "Feature",
      "geometry": {
        "type": "Point",
        "coordinates": [
          238,
          254
        ]
      },
      "properties": {
        "id": 574,
        "kind": "junction"
      }
    },
    {
      "type": "Feature",
      "geometry": {
        "type": "Point",
        "coordinates": [
          239,
          254
        ]
      },
      "properties": {
        "id": 575,
        "kind": "junction"
      }
    },
    {
      "type": "Feature",
      "geometry": {
        "type": "Point",
        "coordinates": [
          240,
          254
        ]
      },
      "properties": {
        "id": 576,
        "kind": "junction"
      }
    },
    {
      "type": "Feature",
      "geometry": {
        "type": "Point",
        "coordinates": [
          241,
          254
        ]
      },
      "properties": {
        "id": 577,
        "kind": "junction"
      }
    },
    {
      "type": "Feature",
      "geometry": {
        "type": "Point",
        "coordinates": [
          242,
          254
        ]
      },
      "properties": {
        "id": 578,
        "kind": "junction"
      }
    },
    {
      "type": "Feature",
      "geometry": {
        "type": "Point",
        "coordinates": [
          132,
          255
        ]
      },
      "properties": {
        "id": 579,
        "kind": "junction"
      }
    },
    {
      "type": "Feature",
      "geometry": {
        "type": "Point",
        "coordinates": [
          133,
          255
        ]
      },
      "properties": {
        "id": 580,
        "kind": "junction"
      }
    },
    {
      "type": "Feature",
      "geometry": {
        "type": "Point",
        "coordinates": [
          134,
          255
        ]
      },
      "properties": {
        "id": 581,
        "kind": "junction"
      }
    },
    {
      "type": "Feature",
      "geometry": {
        "type": "Point",
        "coordinates": [
          135,
          255
        ]
      },
      "properties": {
        "id": 582,
        "kind": "junction"
      }
    },
    {
      "type": "Feature",
      "geometry": {
        "type": "Point",
        "coordinates": [
          226,
          255
        ]
      },
      "properties": {
        "id": 583,
        "kind": "junction"
      }
    },
    {
      "type": "Feature",
      "geometry": {
        "type": "Point",
        "coordinates": [
          235,
          255
        ]
      },
      "properties": {
        "id": 584,
        "kind": "junction"
      }
    },
    {
      "type": "Feature",
      "geometry": {
        "type": "Point",
        "coordinates": [
          236,
          255
        ]
      },
      "properties": {
        "id": 585,
        "kind": "junction"
      }
    },
    {
      "type": "Feature",
      "geometry": {
        "type": "Point",
        "coordinates": [
          237,
          255
        ]
      },
      "properties": {
        "id": 586,
        "kind": "junction"
      }
    },
    {
      "type": "Feature",
      "geometry": {
        "type": "Point",
        "coordinates": [
          238,
          255
        ]
      },
      "properties": {
        "id": 587,
        "kind": "junction"
      }
    },
    {
      "type": "Feature",
      "geometry": {
        "type": "Point",
        "coordinates": [
          239,
          255
        ]
      },
      "properties": {
        "id": 588,
        "kind": "junction"
      }
    },
    {
      "type": "Feature",
      "geometry": {
        "type": "Point",
        "coordinates": [
          240,
          255
        ]
      },
      "properties": {
        "id": 589,
        "kind": "junction"
      }
    },
    {
      "type": "Feature",
      "geometry": {
        "type": "Point",
        "coordinates": [
          241,
          255
        ]
      },
      "properties": {
        "id": 590,
        "kind": "junction"
      }
    },
    {
      "type": "Feature",
      "geometry": {
        "type": "Point",
        "coordinates": [
          244,
          255
        ]
      },
      "properties": {
        "id": 591,
        "kind": "junction"
      }
    },
    {
      "type": "Feature",
      "geometry": {
        "type": "Point",
        "coordinates": [
          245,
          255
        ]
      },
      "properties": {
        "id": 592,
        "kind": "junction"
      }
    },
    {
      "type": "Feature",
      "geometry": {
        "type": "Point",
        "coordinates": [
          246,
          255
        ]
      },
      "properties": {
        "id": 593,
        "kind": "junction"
      }
    },
    {
      "type": "Feature",
      "geometry": {
        "type": "Point",
        "coordinates": [
          247,
          255
        ]
      },
      "properties": {
        "id": 594,
        "kind": "junction"
      }
    },
    {
      "type": "Feature",
      "geometry": {
        "type": "Point",
        "coordinates": [
          248,
          255
        ]
      },
      "properties": {
        "id": 595,
        "kind": "junction"
      }
    },
    {
      "type": "Feature",
      "geometry": {
        "type": "Point",
        "coordinates": [
          249,
          255
        ]
      },
      "properties": {
        "id": 596,
        "kind": "junction"
      }
    },
    {
      "type": "Feature",
      "geometry": {
        "type": "Point",
        "coordinates": [
          250,
          255
        ]
      },
      "properties": {
        "id": 597,
        "kind": "junction"
      }
    },
    {
      "type": "Feature",
      "geometry": {
        "type": "Point",
        "coordinates": [
          251,
          255
        ]
      },
      "properties": {
        "id": 598,
        "kind": "junction"
      }
    },
    {
      "type": "Feature",
      "geometry": {
        "type": "Point",
        "coordinates": [
          252,
          255
        ]
      },
      "properties": {
        "id": 599,
        "kind": "junction"
      }
    },
    {
      "type": "Feature",
      "geometry": {
        "type": "Point",
        "coordinates": [
          253,
          255
        ]
      },
      "properties": {
        "id": 600,
        "kind": "junction"
      }
    },
    {
      "type": "Feature",
      "geometry": {
        "type": "Point",
        "coordinates": [
          254,
          255
        ]
      },
      "properties": {
        "id": 601,
        "kind": "junction"
      }
    },
    {
      "type": "Feature",
      "geometry": {
        "type": "Point",
        "coordinates": [
          256,
          255
        ]
      },
      "properties": {
        "id": 602,
        "kind": "junction"
      }
    },
    {
      "type": "Feature",
      "geometry": {
        "type": "Point",
        "coordinates": [
          257,
          255
        ]
      },
      "properties": {
        "id": 603,
        "kind": "junction"
      }
    },
    {
      "type": "Feature",
      "geometry": {
        "type": "Point",
        "coordinates": [
          258,
          255
        ]
      },
      "properties": {
        "id": 604,
        "kind": "junction"
      }
    },
    {
      "type": "Feature",
      "geometry": {
        "type": "Point",
        "coordinates": [
          259,
          255
        ]
      },
      "properties": {
        "id": 605,
        "kind": "junction"
      }
    },
    {
      "type": "Feature",
      "geometry": {
        "type": "Point",
        "coordinates": [
          260,
          255
        ]
      },
      "properties": {
        "id": 606,
        "kind": "junction"
      }
    },
    {
      "type": "Feature",
      "geometry": {
        "type": "Point",
        "coordinates": [
          261,
          255
        ]
      },
      "properties": {
        "id": 607,
        "kind": "junction"
      }
    },
    {
      "type": "Feature",
      "geometry": {
        "type": "Point",
        "coordinates": [
          262,
          255
        ]
      },
      "properties": {
        "id": 608,
        "kind": "junction"
      }
    },
    {
      "type": "Feature",
      "geometry": {
        "type": "Point",
        "coordinates": [
          263,
          255
        ]
      },
      "properties": {
        "id": 609,
        "kind": "junction"
      }
    },
    {
      "type": "Feature",
      "geometry": {
        "type": "Point",
        "coordinates": [
          264,
          255
        ]
      },
      "properties": {
        "id": 610,
        "kind": "junction"
      }
    },
    {
      "type": "Feature",
      "geometry": {
        "type": "Point",
        "coordinates": [
          265,
          255
        ]
      },
      "properties": {
        "id": 611,
        "kind": "junction"
      }
    },
    {
      "type": "Feature",
      "geometry": {
        "type": "Point",
        "coordinates": [
          266,
          255
        ]
      },
      "properties": {
        "id": 612,
        "kind": "junction"
      }
    },
    {
      "type": "Feature",
      "geometry": {
        "type": "Point",
        "coordinates": [
          267,
          255
        ]
      },
      "properties": {
        "id": 613,
        "kind": "junction"
      }
    },
    {
      "type": "Feature",
      "geometry": {
        "type": "Point",
        "coordinates": [
          268,
          255
        ]
      },
      "properties": {
        "id": 614,
        "kind": "junction"
      }
    },
    {
      "type": "Feature",
      "geometry": {
        "type": "Point",
        "coordinates": [
          269,
          255
        ]
      },
      "properties": {
        "id": 615,
        "kind": "junction"
      }
    },
    {
      "type": "Feature",
      "geometry": {
        "type": "Point",
        "coordinates": [
          133,
          256
        ]
      },
      "properties": {
        "id": 616,
        "kind": "junction"
      }
    },
    {
      "type": "Feature",
      "geometry": {
        "type": "Point",
        "coordinates": [
          134,
          256
        ]
      },
      "properties": {
        "id": 617,
        "kind": "junction"
      }
    },
    {
      "type": "Feature",
      "geometry": {
        "type": "Point",
        "coordinates": [
          245,
          256
        ]
      },
      "properties": {
        "id": 618,
        "kind": "junction"
      }
    },
    {
      "type": "Feature",
      "geometry": {
        "type": "Point",
        "coordinates": [
          246,
          256
        ]
      },
      "properties": {
        "id": 619,
        "kind": "junction"
      }
    },
    {
      "type": "Feature",
      "geometry": {
        "type": "Point",
        "coordinates": [
          247,
          256
        ]
      },
      "properties": {
        "id": 620,
        "kind": "junction"
      }
    },
    {
      "type": "Feature",
      "geometry": {
        "type": "Point",
        "coordinates": [
          248,
          256
        ]
      },
      "properties": {
        "id": 621,
        "kind": "junction"
      }
    },
    {
      "type": "Feature",
      "geometry": {
        "type": "Point",
        "coordinates": [
          249,
          256
        ]
      },
      "properties": {
        "id": 622,
        "kind": "junction"
      }
    },
    {
      "type": "Feature",
      "geometry": {
        "type": "Point",
        "coordinates": [
          250,
          256
        ]
      },
      "properties": {
        "id": 623,
        "kind": "junction"
      }
    },
    {
      "type": "Feature",
      "geometry": {
        "type": "Point",
        "coordinates": [
          251,
          256
        ]
      },
      "properties": {
        "id": 624,
        "kind": "junction"
      }
    },
    {
      "type": "Feature",
      "geometry": {
        "type": "Point",
        "coordinates": [
          252,
          256
        ]
      },
      "properties": {
        "id": 625,
        "kind": "junction"
      }
    },
    {
      "type": "Feature",
      "geometry": {
        "type": "Point",
        "coordinates": [
          253,
          256
        ]
      },
      "properties": {
        "id": 626,
        "kind": "junction"
      }
    },
    {
      "type": "Feature",
      "geometry": {
        "type": "Point",
        "coordinates": [
          254,
          256
        ]
      },
      "properties": {
        "id": 627,
        "kind": "junction"
      }
    },
    {
      "type": "Feature",
      "geometry": {
        "type": "Point",
        "coordinates": [
          256,
          256
        ]
      },
      "properties": {
        "id": 628,
        "kind": "junction"
      }
    },
    {
      "type": "Feature",
      "geometry": {
        "type": "Point",
        "coordinates": [
          257,
          256
        ]
      },
      "properties": {
        "id": 629,
        "kind": "junction"
      }
    },
    {
      "type": "Feature",
      "geometry": {
        "type": "Point",
        "coordinates": [
          258,
          256
        ]
      },
      "properties": {
        "id": 630,
        "kind": "junction"
      }
    },
    {
      "type": "Feature",
      "geometry": {
        "type": "Point",
        "coordinates": [
          259,
          256
        ]
      },
      "properties": {
        "id": 631,
        "kind": "junction"
      }
    },
    {
      "type": "Feature",
      "geometry": {
        "type": "Point",
        "coordinates": [
          260,
          256
        ]
      },
      "properties": {
        "id": 632,
        "kind": "junction"
      }
    },
    {
      "type": "Feature",
      "geometry": {
        "type": "Point",
        "coordinates": [
          261,
          256
        ]
      },
      "properties": {
        "id": 633,
        "kind": "junction"
      }
    },
    {
      "type": "Feature",
      "geometry": {
        "type": "Point",
        "coordinates": [
          262,
          256
        ]
      },
      "properties": {
        "id": 634,
        "kind": "junction"
      }
    },
    {
      "type": "Feature",
      "geometry": {
        "type": "Point",
        "coordinates": [
          263,
          256
        ]
      },
      "properties": {
        "id": 635,
        "kind": "junction"
      }
    },
    {
      "type": "Feature",
      "geometry": {
        "type": "Point",
        "coordinates": [
          264,
          256
        ]
      },
      "properties": {
        "id": 636,
        "kind": "junction"
      }
    },
    {
      "type": "Feature",
      "geometry": {
        "type": "Point",
        "coordinates": [
          265,
          256
        ]
      },
      "properties": {
        "id": 637,
        "kind": "junction"
      }
    },
    {
      "type": "Feature",
      "geometry": {
        "type": "Point",
        "coordinates": [
          266,
          256
        ]
      },
      "properties": {
        "id": 638,
        "kind": "junction"
      }
    },
    {
      "type": "Feature",
      "geometry": {
        "type": "Point",
        "coordinates": [
          267,
          256
        ]
      },
      "properties": {
        "id": 639,
        "kind": "junction"
      }
    },
    {
      "type": "Feature",
      "geometry": {
        "type": "Point",
        "coordinates": [
          268,
          256
        ]
      },
      "properties": {
        "id": 640,
        "kind": "junction"
      }
    },
    {
      "type": "Feature",
      "geometry": {
        "type": "Point",
        "coordinates": [
          280,
          256
        ]
      },
      "properties": {
        "id": 641,
        "kind": "junction"
      }
    },
    {
      "type": "Feature",
      "geometry": {
        "type": "Point",
        "coordinates": [
          281,
          256
        ]
      },
      "properties": {
        "id": 642,
        "kind": "junction"
      }
    },
    {
      "type": "Feature",
      "geometry": {
        "type": "Point",
        "coordinates": [
          282,
          256
        ]
      },
      "properties": {
        "id": 643,
        "kind": "junction"
      }
    },
    {
      "type": "Feature",
      "geometry": {
        "type": "Point",
        "coordinates": [
          283,
          256
        ]
      },
      "properties": {
        "id": 644,
        "kind": "junction"
      }
    },
    {
      "type": "Feature",
      "geometry": {
        "type": "Point",
        "coordinates": [
          284,
          256
        ]
      },
      "properties": {
        "id": 645,
        "kind": "junction"
      }
    },
    {
      "type": "Feature",
      "geometry": {
        "type": "Point",
        "coordinates": [
          285,
          256
        ]
      },
      "properties": {
        "id": 646,
        "kind": "junction"
      }
    },
    {
      "type": "Feature",
      "geometry": {
        "type": "Point",
        "coordinates": [
          286,
          256
        ]
      },
      "properties": {
        "id": 647,
        "kind": "junction"
      }
    },
    {
      "type": "Feature",
      "geometry": {
        "type": "Point",
        "coordinates": [
          287,
          256
        ]
      },
      "properties": {
        "id": 648,
        "kind": "junction"
      }
    },
    {
      "type": "Feature",
      "geometry": {
        "type": "Point",
        "coordinates": [
          288,
          256
        ]
      },
      "properties": {
        "id": 649,
        "kind": "junction"
      }
    },
    {
      "type": "Feature",
      "geometry": {
        "type": "Point",
        "coordinates": [
          289,
          256
        ]
      },
      "properties": {
        "id": 650,
        "kind": "junction"
      }
    },
    {
      "type": "Feature",
      "geometry": {
        "type": "Point",
        "coordinates": [
          290,
          256
        ]
      },
      "properties": {
        "id": 651,
        "kind": "junction"
      }
    },
    {
      "type": "Feature",
      "geometry": {
        "type": "Point",
        "coordinates": [
          133,
          257
        ]
      },
      "properties": {
        "id": 652,
        "kind": "junction"
      }
    },
    {
      "type": "Feature",
      "geometry": {
        "type": "Point",
        "coordinates": [
          279,
          257
        ]
      },
      "properties": {
        "id": 653,
        "kind": "junction"
      }
    },
    {
      "type": "Feature",
      "geometry": {
        "type": "Point",
        "coordinates": [
          280,
          257
        ]
      },
      "properties": {
        "id": 654,
        "kind": "junction"
      }
    },
    {
      "type": "Feature",
      "geometry": {
        "type": "Point",
        "coordinates": [
          281,
          257
        ]
      },
      "properties": {
        "id": 655,
        "kind": "junction"
      }
    },
    {
      "type": "Feature",
      "geometry": {
        "type": "Point",
        "coordinates": [
          282,
          257
        ]
      },
      "properties": {
        "id": 656,
        "kind": "junction"
      }
    },
    {
      "type": "Feature",
      "geometry": {
        "type": "Point",
        "coordinates": [
          283,
          257
        ]
      },
      "properties": {
        "id": 657,
        "kind": "junction"
      }
    },
    {
      "type": "Feature",
      "geometry": {
        "type": "Point",
        "coordinates": [
          284,
          257
        ]
      },
      "properties": {
        "id": 658,
        "kind": "junction"
      }
    },
    {
      "type": "Feature",
      "geometry": {
        "type": "Point",
        "coordinates": [
          285,
          257
        ]
      },
      "properties": {
        "id": 659,
        "kind": "junction"
      }
    },
    {
      "type": "Feature",
      "geometry": {
        "type": "Point",
        "coordinates": [
          286,
          257
        ]
      },
      "properties": {
        "id": 660,
        "kind": "junction"
      }
    },
    {
      "type": "Feature",
      "geometry": {
        "type": "Point",
        "coordinates": [
          287,
          257
        ]
      },
      "properties": {
        "id": 661,
        "kind": "junction"
      }
    },
    {
      "type": "Feature",
      "geometry": {
        "type": "Point",
        "coordinates": [
          288,
          257
        ]
      },
      "properties": {
        "id": 662,
        "kind": "junction"
      }
    },
    {
      "type": "Feature",
      "geometry": {
        "type": "Point",
        "coordinates": [
          289,
          257
        ]
      },
      "properties": {
        "id": 663,
        "kind": "junction"
      }
    },
    {
      "type": "Feature",
      "geometry": {
        "type": "Point",
        "coordinates": [
          299,
          257
        ]
      },
      "properties": {
        "id": 664,
        "kind": "junction"
      }
    },
    {
      "type": "Feature",
      "geometry": {
        "type": "Point",
        "coordinates": [
          300,
          257
        ]
      },
      "properties": {
        "id": 665,
        "kind": "junction"
      }
    },
    {
      "type": "Feature",
      "geometry": {
        "type": "Point",
        "coordinates": [
          301,
          257
        ]
      },
      "properties": {
        "id": 666,
        "kind": "junction"
      }
    },
    {
      "type": "Feature",
      "geometry": {
        "type": "Point",
        "coordinates": [
          300,
          258
        ]
      },
      "properties": {
        "id": 667,
        "kind": "junction"
      }
    },
    {
      "type": "Feature",
      "geometry": {
        "type": "Point",
        "coordinates": [
          331,
          258
        ]
      },
      "properties": {
        "id": 668,
        "kind": "junction"
      }
    },
    {
      "type": "Feature",
      "geometry": {
        "type": "Point",
        "coordinates": [
          332,
          258
        ]
      },
      "properties": {
        "id": 669,
        "kind": "junction"
      }
    },
    {
      "type": "Feature",
      "geometry": {
        "type": "Point",
        "coordinates": [
          330,
          259
        ]
      },
      "properties": {
        "id": 670,
        "kind": "junction"
      }
    },
    {
      "type": "Feature",
      "geometry": {
        "type": "Point",
        "coordinates": [
          331,
          259
        ]
      },
      "properties": {
        "id": 671,
        "kind": "junction"
      }
    },
    {
      "type": "Feature",
      "geometry": {
        "type": "Point",
        "coordinates": [
          337,
          259
        ]
      },
      "properties": {
        "id": 672,
        "kind": "junction"
      }
    },
    {
      "type": "Feature",
      "geometry": {
        "type": "Point",
        "coordinates": [
          338,
          259
        ]
      },
      "properties": {
        "id": 673,
        "kind": "junction"
      }
    },
    {
      "type": "Feature",
      "geometry": {
        "type": "Point",
        "coordinates": [
          339,
          259
        ]
      },
      "properties": {
        "id": 674,
        "kind": "junction"
      }
    },
    {
      "type": "Feature",
      "geometry": {
        "type": "Point",
        "coordinates": [
          341,
          259
        ]
      },
      "properties": {
        "id": 675,
        "kind": "junction"
      }
    },
    {
      "type": "Feature",
      "geometry": {
        "type": "Point",
        "coordinates": [
          342,
          259
        ]
      },
      "properties": {
        "id": 676,
        "kind": "junction"
      }
    },
    {
      "type": "Feature",
      "geometry": {
        "type": "Point",
        "coordinates": [
          343,
          259
        ]
      },
      "properties": {
        "id": 677,
        "kind": "junction"
      }
    },
    {
      "type": "Feature",
      "geometry": {
        "type": "Point",
        "coordinates": [
          344,
          259
        ]
      },
      "properties": {
        "id": 678,
        "kind": "junction"
      }
    },
    {
      "type": "Feature",
      "geometry": {
        "type": "Point",
        "coordinates": [
          345,
          259
        ]
      },
      "properties": {
        "id": 679,
        "kind": "junction"
      }
    },
    {
      "type": "Feature",
      "geometry": {
        "type": "Point",
        "coordinates": [
          362,
          259
        ]
      },
      "properties": {
        "id": 680,
        "kind": "junction"
      }
    },
    {
      "type": "Feature",
      "geometry": {
        "type": "Point",
        "coordinates": [
          363,
          259
        ]
      },
      "properties": {
        "id": 681,
        "kind": "junction"
      }
    },
    {
      "type": "Feature",
      "geometry": {
        "type": "Point",
        "coordinates": [
          131,
          260
        ]
      },
      "properties": {
        "id": 682,
        "kind": "junction"
      }
    },
    {
      "type": "Feature",
      "geometry": {
        "type": "Point",
        "coordinates": [
          338,
          260
        ]
      },
      "properties": {
        "id": 683,
        "kind": "junction"
      }
    },
    {
      "type": "Feature",
      "geometry": {
        "type": "Point",
        "coordinates": [
          342,
          260
        ]
      },
      "properties": {
        "id": 684,
        "kind": "junction"
      }
    },
    {
      "type": "Feature",
      "geometry": {
        "type": "Point",
        "coordinates": [
          343,
          260
        ]
      },
      "properties": {
        "id": 685,
        "kind": "junction"
      }
    },
    {
      "type": "Feature",
      "geometry": {
        "type": "Point",
        "coordinates": [
          344,
          260
        ]
      },
      "properties": {
        "id": 686,
        "kind": "junction"
      }
    },
    {
      "type": "Feature",
      "geometry": {
        "type": "Point",
        "coordinates": [
          345,
          260
        ]
      },
      "properties": {
        "id": 687,
        "kind": "junction"
      }
    },
    {
      "type": "Feature",
      "geometry": {
        "type": "Point",
        "coordinates": [
          346,
          260
        ]
      },
      "properties": {
        "id": 688,
        "kind": "junction"
      }
    },
    {
      "type": "Feature",
      "geometry": {
        "type": "Point",
        "coordinates": [
          360,
          260
        ]
      },
      "properties": {
        "id": 689,
        "kind": "junction"
      }
    },
    {
      "type": "Feature",
      "geometry": {
        "type": "Point",
        "coordinates": [
          131,
          261
        ]
      },
      "properties": {
        "id": 690,
        "kind": "junction"
      }
    },
    {
      "type": "Feature",
      "geometry": {
        "type": "Point",
        "coordinates": [
          132,
          261
        ]
      },
      "properties": {
        "id": 691,
        "kind": "junction"
      }
    },
    {
      "type": "Feature",
      "geometry": {
        "type": "Point",
        "coordinates": [
          198,
          261
        ]
      },
      "properties": {
        "id": 692,
        "kind": "junction"
      }
    },
    {
      "type": "Feature",
      "geometry": {
        "type": "Point",
        "coordinates": [
          131,
          262
        ]
      },
      "properties": {
        "id": 693,
        "kind": "junction"
      }
    },
    {
      "type": "Feature",
      "geometry": {
        "type": "Point",
        "coordinates": [
          197,
          262
        ]
      },
      "properties": {
        "id": 694,
        "kind": "junction"
      }
    },
    {
      "type": "Feature",
      "geometry": {
        "type": "Point",
        "coordinates": [
          361,
          262
        ]
      },
      "properties": {
        "id": 695,
        "kind": "junction"
      }
    },
    {
      "type": "Feature",
      "geometry": {
        "type": "Point",
        "coordinates": [
          197,
          263
        ]
      },
      "properties": {
        "id": 696,
        "kind": "junction"
      }
    },
    {
      "type": "Feature",
      "geometry": {
        "type": "Point",
        "coordinates": [
          198,
          263
        ]
      },
      "properties": {
        "id": 697,
        "kind": "junction"
      }
    },
    {
      "type": "Feature",
      "geometry": {
        "type": "Point",
        "coordinates": [
          361,
          263
        ]
      },
      "properties": {
        "id": 698,
        "kind": "junction"
      }
    },
    {
      "type": "Feature",
      "geometry": {
        "type": "Point",
        "coordinates": [
          191,
          264
        ]
      },
      "properties": {
        "id": 699,
        "kind": "junction"
      }
    },
    {
      "type": "Feature",
      "geometry": {
        "type": "Point",
        "coordinates": [
          198,
          264
        ]
      },
      "properties": {
        "id": 700,
        "kind": "junction"
      }
    },
    {
      "type": "Feature",
      "geometry": {
        "type": "Point",
        "coordinates": [
          200,
          267
        ]
      },
      "properties": {
        "id": 701,
        "kind": "junction"
      }
    },
    {
      "type": "Feature",
      "geometry": {
        "type": "Point",
        "coordinates": [
          199,
          268
        ]
      },
      "properties": {
        "id": 702,
        "kind": "junction"
      }
    },
    {
      "type": "Feature",
      "geometry": {
        "type": "Point",
        "coordinates": [
          200,
          268
        ]
      },
      "properties": {
        "id": 703,
        "kind": "junction"
      }
    },
    {
      "type": "Feature",
      "geometry": {
        "type": "Point",
        "coordinates": [
          199,
          269
        ]
      },
      "properties": {
        "id": 704,
        "kind": "junction"
      }
    },
    {
      "type": "Feature",
      "geometry": {
        "type": "Point",
        "coordinates": [
          200,
          269
        ]
      },
      "properties": {
        "id": 705,
        "kind": "junction"
      }
    },
    {
      "type": "Feature",
      "geometry": {
        "type": "Point",
        "coordinates": [
          199,
          270
        ]
      },
      "properties": {
        "id": 706,
        "kind": "junction"
      }
    },
    {
      "type": "Feature",
      "geometry": {
        "type": "Point",
        "coordinates": [
          114,
          271
        ]
      },
      "properties": {
        "id": 707,
        "kind": "junction"
      }
    },
    {
      "type": "Feature",
      "geometry": {
        "type": "Point",
        "coordinates": [
          122,
          272
        ]
      },
      "properties": {
        "id": 708,
        "kind": "junction"
      }
    },
    {
      "type": "Feature",
      "geometry": {
        "type": "Point",
        "coordinates": [
          121,
          273
        ]
      },
      "properties": {
        "id": 709,
        "kind": "junction"
      }
    },
    {
      "type": "Feature",
      "geometry": {
        "type": "Point",
        "coordinates": [
          122,
          273
        ]
      },
      "properties": {
        "id": 710,
        "kind": "junction"
      }
    },
    {
      "type": "Feature",
      "geometry": {
        "type": "Point",
        "coordinates": [
          121,
          274
        ]
      },
      "properties": {
        "id": 711,
        "kind": "junction"
      }
    },
    {
      "type": "Feature",
      "geometry": {
        "type": "Point",
        "coordinates": [
          200,
          277
        ]
      },
      "properties": {
        "id": 712,
        "kind": "junction"
      }
    },
    {
      "type": "Feature",
      "geometry": {
        "type": "Point",
        "coordinates": [
          200,
          278
        ]
      },
      "properties": {
        "id": 713,
        "kind": "junction"
      }
    },
    {
      "type": "Feature",
      "geometry": {
        "type": "Point",
        "coordinates": [
          201,
          278
        ]
      },
      "properties": {
        "id": 714,
        "kind": "junction"
      }
    },
    {
      "type": "Feature",
      "geometry": {
        "type": "Point",
        "coordinates": [
          200,
          279
        ]
      },
      "properties": {
        "id": 715,
        "kind": "junction"
      }
    },
    {
      "type": "Feature",
      "geometry": {
        "type": "Point",
        "coordinates": [
          201,
          279
        ]
      },
      "properties": {
        "id": 716,
        "kind": "junction"
      }
    },
    {
      "type": "Feature",
      "geometry": {
        "type": "Point",
        "coordinates": [
          200,
          280
        ]
      },
      "properties": {
        "id": 717,
        "kind": "junction"
      }
    },
    {
      "type": "Feature",
      "geometry": {
        "type": "Point",
        "coordinates": [
          201,
          280
        ]
      },
      "properties": {
        "id": 718,
        "kind": "junction"
      }
    },
    {
      "type": "Feature",
      "geometry": {
        "type": "Point",
        "coordinates": [
          105,
          281
        ]
      },
      "properties": {
        "id": 719,
        "kind": "junction"
      }
    },
    {
      "type": "Feature",
      "geometry": {
        "type": "Point",
        "coordinates": [
          200,
          281
        ]
      },
      "properties": {
        "id": 720,
        "kind": "junction"
      }
    },
    {
      "type": "Feature",
      "geometry": {
        "type": "Point",
        "coordinates": [
          201,
          281
        ]
      },
      "properties": {
        "id": 721,
        "kind": "junction"
      }
    },
    {
      "type": "Feature",
      "geometry": {
        "type": "Point",
        "coordinates": [
          113,
          282
        ]
      },
      "properties": {
        "id": 722,
        "kind": "junction"
      }
    },
    {
      "type": "Feature",
      "geometry": {
        "type": "Point",
        "coordinates": [
          201,
          282
        ]
      },
      "properties": {
        "id": 723,
        "kind": "junction"
      }
    },
    {
      "type": "Feature",
      "geometry": {
        "type": "Point",
        "coordinates": [
          112,
          283
        ]
      },
      "properties": {
        "id": 724,
        "kind": "junction"
      }
    },
    {
      "type": "Feature",
      "geometry": {
        "type": "Point",
        "coordinates": [
          113,
          283
        ]
      },
      "properties": {
        "id": 725,
        "kind": "junction"
      }
    },
    {
      "type": "Feature",
      "geometry": {
        "type": "Point",
        "coordinates": [
          111,
          284
        ]
      },
      "properties": {
        "id": 726,
        "kind": "junction"
      }
    },
    {
      "type": "Feature",
      "geometry": {
        "type": "Point",
        "coordinates": [
          112,
          284
        ]
      },
      "properties": {
        "id": 727,
        "kind": "junction"
      }
    },
    {
      "type": "Feature",
      "geometry": {
        "type": "Point",
        "coordinates": [
          121,
          284
        ]
      },
      "properties": {
        "id": 728,
        "kind": "junction"
      }
    },
    {
      "type": "Feature",
      "geometry": {
        "type": "Point",
        "coordinates": [
          110,
          285
        ]
      },
      "properties": {
        "id": 729,
        "kind": "junction"
      }
    },
    {
      "type": "Feature",
      "geometry": {
        "type": "Point",
        "coordinates": [
          111,
          285
        ]
      },
      "properties": {
        "id": 730,
        "kind": "junction"
      }
    },
    {
      "type": "Feature",
      "geometry": {
        "type": "Point",
        "coordinates": [
          109,
          286
        ]
      },
      "properties": {
        "id": 731,
        "kind": "junction"
      }
    },
    {
      "type": "Feature",
      "geometry": {
        "type": "Point",
        "coordinates": [
          110,
          286
        ]
      },
      "properties": {
        "id": 732,
        "kind": "junction"
      }
    },
    {
      "type": "Feature",
      "geometry": {
        "type": "Point",
        "coordinates": [
          109,
          287
        ]
      },
      "properties": {
        "id": 733,
        "kind": "junction"
      }
    },
    {
      "type": "Feature",
      "geometry": {
        "type": "Point",
        "coordinates": [
          201,
          294
        ]
      },
      "properties": {
        "id": 734,
        "kind": "junction"
      }
    },
    {
      "type": "Feature",
      "geometry": {
        "type": "Point",
        "coordinates": [
          201,
          295
        ]
      },
      "properties": {
        "id": 735,
        "kind": "junction"
      }
    },
    {
      "type": "Feature",
      "geometry": {
        "type": "Point",
        "coordinates": [
          202,
          295
        ]
      },
      "properties": {
        "id": 736,
        "kind": "junction"
      }
    },
    {
      "type": "Feature",
      "geometry": {
        "type": "Point",
        "coordinates": [
          201,
          296
        ]
      },
      "properties": {
        "id": 737,
        "kind": "junction"
      }
    },
    {
      "type": "Feature",
      "geometry": {
        "type": "Point",
        "coordinates": [
          99,
          297
        ]
      },
      "properties": {
        "id": 738,
        "kind": "junction"
      }
    },
    {
      "type": "Feature",
      "geometry": {
        "type": "Point",
        "coordinates": [
          98,
          298
        ]
      },
      "properties": {
        "id": 739,
        "kind": "junction"
      }
    },
    {
      "type": "Feature",
      "geometry": {
        "type": "Point",
        "coordinates": [
          99,
          298
        ]
      },
      "properties": {
        "id": 740,
        "kind": "junction"
      }
    },
    {
      "type": "Feature",
      "geometry": {
        "type": "Point",
        "coordinates": [
          98,
          299
        ]
      },
      "properties": {
        "id": 741,
        "kind": "junction"
      }
    },
    {
      "type": "Feature",
      "geometry": {
        "type": "Point",
        "coordinates": [
          202,
          306
        ]
      },
      "properties": {
        "id": 742,
        "kind": "junction"
      }
    },
    {
      "type": "Feature",
      "geometry": {
        "type": "Point",
        "coordinates": [
          202,
          307
        ]
      },
      "properties": {
        "id": 743,
        "kind": "junction"
      }
    },
    {
      "type": "Feature",
      "geometry": {
        "type": "Point",
        "coordinates": [
          203,
          307
        ]
      },
      "properties": {
        "id": 744,
        "kind": "junction"
      }
    },
    {
      "type": "Feature",
      "geometry": {
        "type": "Point",
        "coordinates": [
          202,
          308
        ]
      },
      "properties": {
        "id": 745,
        "kind": "junction"
      }
    },
    {
      "type": "Feature",
      "geometry": {
        "type": "Point",
        "coordinates": [
          88,
          309
        ]
      },
      "properties": {
        "id": 746,
        "kind": "junction"
      }
    },
    {
      "type": "Feature",
      "geometry": {
        "type": "Point",
        "coordinates": [
          78,
          310
        ]
      },
      "properties": {
        "id": 747,
        "kind": "junction"
      }
    },
    {
      "type": "Feature",
      "geometry": {
        "type": "Point",
        "coordinates": [
          87,
          310
        ]
      },
      "properties": {
        "id": 748,
        "kind": "junction"
      }
    },
    {
      "type": "Feature",
      "geometry": {
        "type": "Point",
        "coordinates": [
          88,
          310
        ]
      },
      "properties": {
        "id": 749,
        "kind": "junction"
      }
    },
    {
      "type": "Feature",
      "geometry": {
        "type": "Point",
        "coordinates": [
          86,
          311
        ]
      },
      "properties": {
        "id": 750,
        "kind": "junction"
      }
    },
    {
      "type": "Feature",
      "geometry": {
        "type": "Point",
        "coordinates": [
          87,
          311
        ]
      },
      "properties": {
        "id": 751,
        "kind": "junction"
      }
    },
    {
      "type": "Feature",
      "geometry": {
        "type": "Point",
        "coordinates": [
          86,
          312
        ]
      },
      "properties": {
        "id": 752,
        "kind": "junction"
      }
    },
    {
      "type": "Feature",
      "geometry": {
        "type": "Point",
        "coordinates": [
          72,
          315
        ]
      },
      "properties": {
        "id": 753,
        "kind": "junction"
      }
    },
    {
      "type": "Feature",
      "geometry": {
        "type": "Point",
        "coordinates": [
          73,
          318
        ]
      },
      "properties": {
        "id": 754,
        "kind": "junction"
      }
    },
    {
      "type": "Feature",
      "geometry": {
        "type": "Point",
        "coordinates": [
          80,
          318
        ]
      },
      "properties": {
        "id": 755,
        "kind": "junction"
      }
    },
    {
      "type": "Feature",
      "geometry": {
        "type": "Point",
        "coordinates": [
          75,
          319
        ]
      },
      "properties": {
        "id": 756,
        "kind": "junction"
      }
    },
    {
      "type": "Feature",
      "geometry": {
        "type": "Point",
        "coordinates": [
          79,
          319
        ]
      },
      "properties": {
        "id": 757,
        "kind": "junction"
      }
    },
    {
      "type": "Feature",
      "geometry": {
        "type": "Point",
        "coordinates": [
          80,
          319
        ]
      },
      "properties": {
        "id": 758,
        "kind": "junction"
      }
    },
    {
      "type": "Feature",
      "geometry": {
        "type": "Point",
        "coordinates": [
          78,
          320
        ]
      },
      "properties": {
        "id": 759,
        "kind": "junction"
      }
    },
    {
      "type": "Feature",
      "geometry": {
        "type": "Point",
        "coordinates": [
          79,
          320
        ]
      },
      "properties": {
        "id": 760,
        "kind": "junction"
      }
    },
    {
      "type": "Feature",
      "geometry": {
        "type": "Point",
        "coordinates": [
          84,
          320
        ]
      },
      "properties": {
        "id": 761,
        "kind": "junction"
      }
    },
    {
      "type": "Feature",
      "geometry": {
        "type": "Point",
        "coordinates": [
          77,
          321
        ]
      },
      "properties": {
        "id": 762,
        "kind": "junction"
      }
    },
    {
      "type": "Feature",
      "geometry": {
        "type": "Point",
        "coordinates": [
          78,
          321
        ]
      },
      "properties": {
        "id": 763,
        "kind": "junction"
      }
    },
    {
      "type": "Feature",
      "geometry": {
        "type": "Point",
        "coordinates": [
          76,
          322
        ]
      },
      "properties": {
        "id": 764,
        "kind": "junction"
      }
    },
    {
      "type": "Feature",
      "geometry": {
        "type": "Point",
        "coordinates": [
          77,
          322
        ]
      },
      "properties": {
        "id": 765,
        "kind": "junction"
      }
    },
    {
      "type": "Feature",
      "geometry": {
        "type": "Point",
        "coordinates": [
          75,
          323
        ]
      },
      "properties": {
        "id": 766,
        "kind": "junction"
      }
    },
    {
      "type": "Feature",
      "geometry": {
        "type": "Point",
        "coordinates": [
          76,
          323
        ]
      },
      "properties": {
        "id": 767,
        "kind": "junction"
      }
    },
    {
      "type": "Feature",
      "geometry": {
        "type": "Point",
        "coordinates": [
          86,
          323
        ]
      },
      "properties": {
        "id": 768,
        "kind": "junction"
      }
    },
    {
      "type": "Feature",
      "geometry": {
        "type": "Point",
        "coordinates": [
          75,
          324
        ]
      },
      "properties": {
        "id": 769,
        "kind": "junction"
      }
    },
    {
      "type": "Feature",
      "geometry": {
        "type": "Point",
        "coordinates": [
          203,
          326
        ]
      },
      "properties": {
        "id": 770,
        "kind": "junction"
      }
    },
    {
      "type": "Feature",
      "geometry": {
        "type": "Point",
        "coordinates": [
          81,
          327
        ]
      },
      "properties": {
        "id": 771,
        "kind": "junction"
      }
    },
    {
      "type": "Feature",
      "geometry": {
        "type": "Point",
        "coordinates": [
          203,
          327
        ]
      },
      "properties": {
        "id": 772,
        "kind": "junction"
      }
    },
    {
      "type": "Feature",
      "geometry": {
        "type": "Point",
        "coordinates": [
          204,
          327
        ]
      },
      "properties": {
        "id": 773,
        "kind": "junction"
      }
    },
    {
      "type": "Feature",
      "geometry": {
        "type": "Point",
        "coordinates": [
          203,
          328
        ]
      },
      "properties": {
        "id": 774,
        "kind": "junction"
      }
    },
    {
      "type": "Feature",
      "geometry": {
        "type": "Point",
        "coordinates": [
          204,
          328
        ]
      },
      "properties": {
        "id": 775,
        "kind": "junction"
      }
    },
    {
      "type": "Feature",
      "geometry": {
        "type": "Point",
        "coordinates": [
          203,
          329
        ]
      },
      "properties": {
        "id": 776,
        "kind": "junction"
      }
    },
    {
      "type": "Feature",
      "geometry": {
        "type": "Point",
        "coordinates": [
          204,
          329
        ]
      },
      "properties": {
        "id": 777,
        "kind": "junction"
      }
    },
    {
      "type": "Feature",
      "geometry": {
        "type": "Point",
        "coordinates": [
          203,
          330
        ]
      },
      "properties": {
        "id": 778,
        "kind": "junction"
      }
    },
    {
      "type": "Feature",
      "geometry": {
        "type": "Point",
        "coordinates": [
          204,
          330
        ]
      },
      "properties": {
        "id": 779,
        "kind": "junction"
      }
    },
    {
      "type": "Feature",
      "geometry": {
        "type": "Point",
        "coordinates": [
          204,
          331
        ]
      },
      "properties": {
        "id": 780,
        "kind": "junction"
      }
    },
    {
      "type": "Feature",
      "geometry": {
        "type": "Point",
        "coordinates": [
          204,
          332
        ]
      },
      "properties": {
        "id": 781,
        "kind": "junction"
      }
    },
    {
      "type": "Feature",
      "geometry": {
        "type": "Point",
        "coordinates": [
          205,
          332
        ]
      },
      "properties": {
        "id": 782,
        "kind": "junction"
      }
    },
    {
      "type": "Feature",
      "geometry": {
        "type": "Point",
        "coordinates": [
          204,
          333
        ]
      },
      "properties": {
        "id": 783,
        "kind": "junction"
      }
    },
    {
      "type": "Feature",
      "geometry": {
        "type": "Point",
        "coordinates": [
          205,
          333
        ]
      },
      "properties": {
        "id": 784,
        "kind": "junction"
      }
    },
    {
      "type": "Feature",
      "geometry": {
        "type": "Point",
        "coordinates": [
          204,
          334
        ]
      },
      "properties": {
        "id": 785,
        "kind": "junction"
      }
    },
    {
      "type": "Feature",
      "geometry": {
        "type": "Point",
        "coordinates": [
          205,
          334
        ]
      },
      "properties": {
        "id": 786,
        "kind": "junction"
      }
    },
    {
      "type": "Feature",
      "geometry": {
        "type": "Point",
        "coordinates": [
          204,
          335
        ]
      },
      "properties": {
        "id": 787,
        "kind": "junction"
      }
    },
    {
      "type": "Feature",
      "geometry": {
        "type": "Point",
        "coordinates": [
          205,
          335
        ]
      },
      "properties": {
        "id": 788,
        "kind": "junction"
      }
    },
    {
      "type": "Feature",
      "geometry": {
        "type": "Point",
        "coordinates": [
          204,
          336
        ]
      },
      "properties": {
        "id": 789,
        "kind": "junction"
      }
    },
    {
      "type": "Feature",
      "geometry": {
        "type": "Point",
        "coordinates": [
          61,
          340
        ]
      },
      "properties": {
        "id": 790,
        "kind": "junction"
      }
    },
    {
      "type": "Feature",
      "geometry": {
        "type": "Point",
        "coordinates": [
          59,
          341
        ]
      },
      "properties": {
        "id": 791,
        "kind": "junction"
      }
    },
    {
      "type": "Feature",
      "geometry": {
        "type": "Point",
        "coordinates": [
          58,
          342
        ]
      },
      "properties": {
        "id": 792,
        "kind": "junction"
      }
    },
    {
      "type": "Feature",
      "geometry": {
        "type": "Point",
        "coordinates": [
          54,
          343
        ]
      },
      "properties": {
        "id": 793,
        "kind": "junction"
      }
    },
    {
      "type": "Feature",
      "geometry": {
        "type": "Point",
        "coordinates": [
          56,
          343
        ]
      },
      "properties": {
        "id": 794,
        "kind": "junction"
      }
    },
    {
      "type": "Feature",
      "geometry": {
        "type": "Point",
        "coordinates": [
          205,
          347
        ]
      },
      "properties": {
        "id": 795,
        "kind": "junction"
      }
    },
    {
      "type": "Feature",
      "geometry": {
        "type": "Point",
        "coordinates": [
          204,
          348
        ]
      },
      "properties": {
        "id": 796,
        "kind": "junction"
      }
    },
    {
      "type": "Feature",
      "geometry": {
        "type": "Point",
        "coordinates": [
          205,
          348
        ]
      },
      "properties": {
        "id": 797,
        "kind": "junction"
      }
    },
    {
      "type": "Feature",
      "geometry": {
        "type": "Point",
        "coordinates": [
          204,
          349
        ]
      },
      "properties": {
        "id": 798,
        "kind": "junction"
      }
    },
    {
      "type": "Feature",
      "geometry": {
        "type": "Point",
        "coordinates": [
          205,
          349
        ]
      },
      "properties": {
        "id": 799,
        "kind": "junction"
      }
    },
    {
      "type": "Feature",
      "geometry": {
        "type": "Point",
        "coordinates": [
          204,
          350
        ]
      },
      "properties": {
        "id": 800,
        "kind": "junction"
      }
    },
    {
      "type": "Feature",
      "geometry": {
        "type": "Point",
        "coordinates": [
          205,
          350
        ]
      },
      "properties": {
        "id": 801,
        "kind": "junction"
      }
    },
    {
      "type": "Feature",
      "geometry": {
        "type": "Point",
        "coordinates": [
          204,
          351
        ]
      },
      "properties": {
        "id": 802,
        "kind": "junction"
      }
    },
    {
      "type": "Feature",
      "geometry": {
        "type": "Point",
        "coordinates": [
          205,
          351
        ]
      },
      "properties": {
        "id": 803,
        "kind": "junction"
      }
    },
    {
      "type": "Feature",
      "geometry": {
        "type": "Point",
        "coordinates": [
          204,
          352
        ]
      },
      "properties": {
        "id": 804,
        "kind": "junction"
      }
    },
    {
      "type": "Feature",
      "geometry": {
        "type": "Point",
        "coordinates": [
          205,
          352
        ]
      },
      "properties": {
        "id": 805,
        "kind": "junction"
      }
    },
    {
      "type": "Feature",
      "geometry": {
        "type": "Point",
        "coordinates": [
          204,
          353
        ]
      },
      "properties": {
        "id": 806,
        "kind": "junction"
      }
    },
    {
      "type": "Feature",
      "geometry": {
        "type": "Point",
        "coordinates": [
          205,
          353
        ]
      },
      "properties": {
        "id": 807,
        "kind": "junction"
      }
    },
    {
      "type": "Feature",
      "geometry": {
        "type": "Point",
        "coordinates": [
          204,
          354
        ]
      },
      "properties": {
        "id": 808,
        "kind": "junction"
      }
    },
    {
      "type": "Feature",
      "geometry": {
        "type": "Point",
        "coordinates": [
          205,
          354
        ]
      },
      "properties": {
        "id": 809,
        "kind": "junction"
      }
    },
    {
      "type": "Feature",
      "geometry": {
        "type": "Point",
        "coordinates": [
          204,
          355
        ]
      },
      "properties": {
        "id": 810,
        "kind": "junction"
      }
    },
    {
      "type": "Feature",
      "geometry": {
        "type": "Point",
        "coordinates": [
          205,
          355
        ]
      },
      "properties": {
        "id": 811,
        "kind": "junction"
      }
    },
    {
      "type": "Feature",
      "geometry": {
        "type": "Point",
        "coordinates": [
          204,
          356
        ]
      },
      "properties": {
        "id": 812,
        "kind": "junction"
      }
    },
    {
      "type": "Feature",
      "geometry": {
        "type": "Point",
        "coordinates": [
          205,
          358
        ]
      },
      "properties": {
        "id": 813,
        "kind": "junction"
      }
    },
    {
      "type": "Feature",
      "geometry": {
        "type": "Point",
        "coordinates": [
          204,
          359
        ]
      },
      "properties": {
        "id": 814,
        "kind": "junction"
      }
    },
    {
      "type": "Feature",
      "geometry": {
        "type": "Point",
        "coordinates": [
          205,
          359
        ]
      },
      "properties": {
        "id": 815,
        "kind": "junction"
      }
    },
    {
      "type": "Feature",
      "geometry": {
        "type": "Point",
        "coordinates": [
          203,
          361
        ]
      },
      "properties": {
        "id": 816,
        "kind": "junction"
      }
    },
    {
      "type": "Feature",
      "geometry": {
        "type": "Point",
        "coordinates": [
          202,
          362
        ]
      },
      "properties": {
        "id": 817,
        "kind": "junction"
      }
    },
    {
      "type": "Feature",
      "geometry": {
        "type": "Point",
        "coordinates": [
          207,
          362
        ]
      },
      "properties": {
        "id": 818,
        "kind": "junction"
      }
    },
    {
      "type": "Feature",
      "geometry": {
        "type": "Point",
        "coordinates": [
          208,
          363
        ]
      },
      "properties": {
        "id": 819,
        "kind": "junction"
      }
    },
    {
      "type": "Feature",
      "geometry": {
        "type": "LineString",
        "coordinates": [
          [
            183,
            17
          ],
          [
            184,
            18
          ]
        ]
      },
      "properties": {
        "source": 2,
        "target": 4,
        "length_pixels": 2,
        "kind": "road_segment"
      }
    },
    {
      "type": "Feature",
      "geometry": {
        "type": "LineString",
        "coordinates": [
          [
            187,
            17
          ],
          [
            186,
            18
          ]
        ]
      },
      "properties": {
        "source": 3,
        "target": 5,
        "length_pixels": 2,
        "kind": "road_segment"
      }
    },
    {
      "type": "Feature",
      "geometry": {
        "type": "LineString",
        "coordinates": [
          [
            185,
            21
          ],
          [
            185,
            20
          ]
        ]
      },
      "properties": {
        "source": 6,
        "target": 7,
        "length_pixels": 2,
        "kind": "road_segment"
      }
    },
    {
      "type": "Feature",
      "geometry": {
        "type": "LineString",
        "coordinates": [
          [
            185,
            21
          ],
          [
            185,
            22
          ]
        ]
      },
      "properties": {
        "source": 7,
        "target": 8,
        "length_pixels": 2,
        "kind": "road_segment"
      }
    },
    {
      "type": "Feature",
      "geometry": {
        "type": "LineString",
        "coordinates": [
          [
            185,
            21
          ],
          [
            186,
            22
          ]
        ]
      },
      "properties": {
        "source": 7,
        "target": 9,
        "length_pixels": 2,
        "kind": "road_segment"
      }
    },
    {
      "type": "Feature",
      "geometry": {
        "type": "LineString",
        "coordinates": [
          [
            185,
            22
          ],
          [
            186,
            22
          ]
        ]
      },
      "properties": {
        "source": 8,
        "target": 9,
        "length_pixels": 2,
        "kind": "road_segment"
      }
    },
    {
      "type": "Feature",
      "geometry": {
        "type": "LineString",
        "coordinates": [
          [
            185,
            22
          ],
          [
            185,
            23
          ]
        ]
      },
      "properties": {
        "source": 8,
        "target": 10,
        "length_pixels": 2,
        "kind": "road_segment"
      }
    },
    {
      "type": "Feature",
      "geometry": {
        "type": "LineString",
        "coordinates": [
          [
            185,
            23
          ],
          [
            186,
            22
          ]
        ]
      },
      "properties": {
        "source": 9,
        "target": 10,
        "length_pixels": 2,
        "kind": "road_segment"
      }
    },
    {
      "type": "Feature",
      "geometry": {
        "type": "LineString",
        "coordinates": [
          [
            185,
            24
          ],
          [
            185,
            23
          ]
        ]
      },
      "properties": {
        "source": 10,
        "target": 11,
        "length_pixels": 2,
        "kind": "road_segment"
      }
    },
    {
      "type": "Feature",
      "geometry": {
        "type": "LineString",
        "coordinates": [
          [
            185,
            24
          ],
          [
            184,
            25
          ]
        ]
      },
      "properties": {
        "source": 11,
        "target": 12,
        "length_pixels": 2,
        "kind": "road_segment"
      }
    },
    {
      "type": "Feature",
      "geometry": {
        "type": "LineString",
        "coordinates": [
          [
            185,
            24
          ],
          [
            185,
            25
          ]
        ]
      },
      "properties": {
        "source": 11,
        "target": 13,
        "length_pixels": 2,
        "kind": "road_segment"
      }
    },
    {
      "type": "Feature",
      "geometry": {
        "type": "LineString",
        "coordinates": [
          [
            185,
            25
          ],
          [
            184,
            25
          ]
        ]
      },
      "properties": {
        "source": 12,
        "target": 13,
        "length_pixels": 2,
        "kind": "road_segment"
      }
    },
    {
      "type": "Feature",
      "geometry": {
        "type": "LineString",
        "coordinates": [
          [
            185,
            26
          ],
          [
            184,
            25
          ]
        ]
      },
      "properties": {
        "source": 12,
        "target": 14,
        "length_pixels": 2,
        "kind": "road_segment"
      }
    },
    {
      "type": "Feature",
      "geometry": {
        "type": "LineString",
        "coordinates": [
          [
            185,
            25
          ],
          [
            185,
            26
          ]
        ]
      },
      "properties": {
        "source": 13,
        "target": 14,
        "length_pixels": 2,
        "kind": "road_segment"
      }
    },
    {
      "type": "Feature",
      "geometry": {
        "type": "LineString",
        "coordinates": [
          [
            186,
            28
          ],
          [
            185,
            27
          ],
          [
            185,
            26
          ]
        ]
      },
      "properties": {
        "source": 14,
        "target": 15,
        "length_pixels": 3,
        "kind": "road_segment"
      }
    },
    {
      "type": "Feature",
      "geometry": {
        "type": "LineString",
        "coordinates": [
          [
            186,
            28
          ],
          [
            185,
            29
          ]
        ]
      },
      "properties": {
        "source": 15,
        "target": 16,
        "length_pixels": 2,
        "kind": "road_segment"
      }
    },
    {
      "type": "Feature",
      "geometry": {
        "type": "LineString",
        "coordinates": [
          [
            186,
            28
          ],
          [
            186,
            29
          ]
        ]
      },
      "properties": {
        "source": 15,
        "target": 17,
        "length_pixels": 2,
        "kind": "road_segment"
      }
    },
    {
      "type": "Feature",
      "geometry": {
        "type": "LineString",
        "coordinates": [
          [
            185,
            30
          ],
          [
            185,
            29
          ]
        ]
      },
      "properties": {
        "source": 16,
        "target": 18,
        "length_pixels": 2,
        "kind": "road_segment"
      }
    },
    {
      "type": "Feature",
      "geometry": {
        "type": "LineString",
        "coordinates": [
          [
            186,
            29
          ],
          [
            185,
            29
          ]
        ]
      },
      "properties": {
        "source": 16,
        "target": 17,
        "length_pixels": 2,
        "kind": "road_segment"
      }
    },
    {
      "type": "Feature",
      "geometry": {
        "type": "LineString",
        "coordinates": [
          [
            186,
            30
          ],
          [
            185,
            29
          ]
        ]
      },
      "properties": {
        "source": 16,
        "target": 19,
        "length_pixels": 2,
        "kind": "road_segment"
      }
    },
    {
      "type": "Feature",
      "geometry": {
        "type": "LineString",
        "coordinates": [
          [
            185,
            30
          ],
          [
            186,
            29
          ]
        ]
      },
      "properties": {
        "source": 17,
        "target": 18,
        "length_pixels": 2,
        "kind": "road_segment"
      }
    },
    {
      "type": "Feature",
      "geometry": {
        "type": "LineString",
        "coordinates": [
          [
            186,
            29
          ],
          [
            186,
            30
          ]
        ]
      },
      "properties": {
        "source": 17,
        "target": 19,
        "length_pixels": 2,
        "kind": "road_segment"
      }
    },
    {
      "type": "Feature",
      "geometry": {
        "type": "LineString",
        "coordinates": [
          [
            185,
            30
          ],
          [
            186,
            30
          ]
        ]
      },
      "properties": {
        "source": 18,
        "target": 19,
        "length_pixels": 2,
        "kind": "road_segment"
      }
    },
    {
      "type": "Feature",
      "geometry": {
        "type": "LineString",
        "coordinates": [
          [
            185,
            30
          ],
          [
            185,
            31
          ]
        ]
      },
      "properties": {
        "source": 18,
        "target": 20,
        "length_pixels": 2,
        "kind": "road_segment"
      }
    },
    {
      "type": "Feature",
      "geometry": {
        "type": "LineString",
        "coordinates": [
          [
            185,
            30
          ],
          [
            186,
            31
          ]
        ]
      },
      "properties": {
        "source": 18,
        "target": 21,
        "length_pixels": 2,
        "kind": "road_segment"
      }
    },
    {
      "type": "Feature",
      "geometry": {
        "type": "LineString",
        "coordinates": [
          [
            186,
            31
          ],
          [
            186,
            30
          ]
        ]
      },
      "properties": {
        "source": 19,
        "target": 21,
        "length_pixels": 2,
        "kind": "road_segment"
      }
    },
    {
      "type": "Feature",
      "geometry": {
        "type": "LineString",
        "coordinates": [
          [
            185,
            31
          ],
          [
            186,
            30
          ]
        ]
      },
      "properties": {
        "source": 19,
        "target": 20,
        "length_pixels": 2,
        "kind": "road_segment"
      }
    },
    {
      "type": "Feature",
      "geometry": {
        "type": "LineString",
        "coordinates": [
          [
            185,
            32
          ],
          [
            185,
            31
          ]
        ]
      },
      "properties": {
        "source": 20,
        "target": 22,
        "length_pixels": 2,
        "kind": "road_segment"
      }
    },
    {
      "type": "Feature",
      "geometry": {
        "type": "LineString",
        "coordinates": [
          [
            186,
            31
          ],
          [
            185,
            31
          ]
        ]
      },
      "properties": {
        "source": 20,
        "target": 21,
        "length_pixels": 2,
        "kind": "road_segment"
      }
    },
    {
      "type": "Feature",
      "geometry": {
        "type": "LineString",
        "coordinates": [
          [
            185,
            31
          ],
          [
            186,
            32
          ]
        ]
      },
      "properties": {
        "source": 20,
        "target": 23,
        "length_pixels": 2,
        "kind": "road_segment"
      }
    },
    {
      "type": "Feature",
      "geometry": {
        "type": "LineString",
        "coordinates": [
          [
            185,
            32
          ],
          [
            186,
            31
          ]
        ]
      },
      "properties": {
        "source": 21,
        "target": 22,
        "length_pixels": 2,
        "kind": "road_segment"
      }
    },
    {
      "type": "Feature",
      "geometry": {
        "type": "LineString",
        "coordinates": [
          [
            186,
            31
          ],
          [
            186,
            32
          ]
        ]
      },
      "properties": {
        "source": 21,
        "target": 23,
        "length_pixels": 2,
        "kind": "road_segment"
      }
    },
    {
      "type": "Feature",
      "geometry": {
        "type": "LineString",
        "coordinates": [
          [
            185,
            32
          ],
          [
            186,
            32
          ]
        ]
      },
      "properties": {
        "source": 22,
        "target": 23,
        "length_pixels": 2,
        "kind": "road_segment"
      }
    },
    {
      "type": "Feature",
      "geometry": {
        "type": "LineString",
        "coordinates": [
          [
            185,
            32
          ],
          [
            185,
            33
          ]
        ]
      },
      "properties": {
        "source": 22,
        "target": 24,
        "length_pixels": 2,
        "kind": "road_segment"
      }
    },
    {
      "type": "Feature",
      "geometry": {
        "type": "LineString",
        "coordinates": [
          [
            185,
            33
          ],
          [
            186,
            32
          ]
        ]
      },
      "properties": {
        "source": 23,
        "target": 24,
        "length_pixels": 2,
        "kind": "road_segment"
      }
    },
    {
      "type": "Feature",
      "geometry": {
        "type": "LineString",
        "coordinates": [
          [
            185,
            33
          ],
          [
            186,
            34
          ],
          [
            186,
            35
          ],
          [
            186,
            36
          ],
          [
            186,
            37
          ],
          [
            186,
            38
          ],
          [
            186,
            39
          ],
          [
            186,
            40
          ],
          [
            186,
            41
          ],
          [
            186,
            42
          ],
          [
            187,
            43
          ]
        ]
      },
      "properties": {
        "source": 24,
        "target": 29,
        "length_pixels": 11,
        "kind": "road_segment"
      }
    },
    {
      "type": "Feature",
      "geometry": {
        "type": "LineString",
        "coordinates": [
          [
            330,
            35
          ],
          [
            331,
            36
          ]
        ]
      },
      "properties": {
        "source": 25,
        "target": 26,
        "length_pixels": 2,
        "kind": "road_segment"
      }
    },
    {
      "type": "Feature",
      "geometry": {
        "type": "LineString",
        "coordinates": [
          [
            333,
            42
          ],
          [
            334,
            41
          ],
          [
            335,
            40
          ],
          [
            336,
            39
          ],
          [
            337,
            38
          ]
        ]
      },
      "properties": {
        "source": 27,
        "target": 28,
        "length_pixels": 5,
        "kind": "road_segment"
      }
    },
    {
      "type": "Feature",
      "geometry": {
        "type": "LineString",
        "coordinates": [
          [
            333,
            42
          ],
          [
            332,
            43
          ]
        ]
      },
      "properties": {
        "source": 28,
        "target": 30,
        "length_pixels": 2,
        "kind": "road_segment"
      }
    },
    {
      "type": "Feature",
      "geometry": {
        "type": "LineString",
        "coordinates": [
          [
            186,
            44
          ],
          [
            187,
            43
          ]
        ]
      },
      "properties": {
        "source": 29,
        "target": 31,
        "length_pixels": 2,
        "kind": "road_segment"
      }
    },
    {
      "type": "Feature",
      "geometry": {
        "type": "LineString",
        "coordinates": [
          [
            187,
            43
          ],
          [
            187,
            44
          ]
        ]
      },
      "properties": {
        "source": 29,
        "target": 32,
        "length_pixels": 2,
        "kind": "road_segment"
      }
    },
    {
      "type": "Feature",
      "geometry": {
        "type": "LineString",
        "coordinates": [
          [
            332,
            43
          ],
          [
            331,
            44
          ],
          [
            330,
            45
          ]
        ]
      },
      "properties": {
        "source": 30,
        "target": 35,
        "length_pixels": 3,
        "kind": "road_segment"
      }
    },
    {
      "type": "Feature",
      "geometry": {
        "type": "LineString",
        "coordinates": [
          [
            186,
            44
          ],
          [
            187,
            44
          ]
        ]
      },
      "properties": {
        "source": 31,
        "target": 32,
        "length_pixels": 2,
        "kind": "road_segment"
      }
    },
    {
      "type": "Feature",
      "geometry": {
        "type": "LineString",
        "coordinates": [
          [
            186,
            44
          ],
          [
            186,
            45
          ]
        ]
      },
      "properties": {
        "source": 31,
        "target": 33,
        "length_pixels": 2,
        "kind": "road_segment"
      }
    },
    {
      "type": "Feature",
      "geometry": {
        "type": "LineString",
        "coordinates": [
          [
            186,
            44
          ],
          [
            187,
            45
          ]
        ]
      },
      "properties": {
        "source": 31,
        "target": 34,
        "length_pixels": 2,
        "kind": "road_segment"
      }
    },
    {
      "type": "Feature",
      "geometry": {
        "type": "LineString",
        "coordinates": [
          [
            187,
            45
          ],
          [
            187,
            44
          ]
        ]
      },
      "properties": {
        "source": 32,
        "target": 34,
        "length_pixels": 2,
        "kind": "road_segment"
      }
    },
    {
      "type": "Feature",
      "geometry": {
        "type": "LineString",
        "coordinates": [
          [
            186,
            45
          ],
          [
            187,
            44
          ]
        ]
      },
      "properties": {
        "source": 32,
        "target": 33,
        "length_pixels": 2,
        "kind": "road_segment"
      }
    },
    {
      "type": "Feature",
      "geometry": {
        "type": "LineString",
        "coordinates": [
          [
            187,
            45
          ],
          [
            186,
            45
          ]
        ]
      },
      "properties": {
        "source": 33,
        "target": 34,
        "length_pixels": 2,
        "kind": "road_segment"
      }
    },
    {
      "type": "Feature",
      "geometry": {
        "type": "LineString",
        "coordinates": [
          [
            186,
            45
          ],
          [
            186,
            46
          ]
        ]
      },
      "properties": {
        "source": 33,
        "target": 36,
        "length_pixels": 2,
        "kind": "road_segment"
      }
    },
    {
      "type": "Feature",
      "geometry": {
        "type": "LineString",
        "coordinates": [
          [
            186,
            45
          ],
          [
            187,
            46
          ]
        ]
      },
      "properties": {
        "source": 33,
        "target": 37,
        "length_pixels": 2,
        "kind": "road_segment"
      }
    },
    {
      "type": "Feature",
      "geometry": {
        "type": "LineString",
        "coordinates": [
          [
            187,
            45
          ],
          [
            186,
            46
          ]
        ]
      },
      "properties": {
        "source": 34,
        "target": 36,
        "length_pixels": 2,
        "kind": "road_segment"
      }
    },
    {
      "type": "Feature",
      "geometry": {
        "type": "LineString",
        "coordinates": [
          [
            187,
            45
          ],
          [
            187,
            46
          ]
        ]
      },
      "properties": {
        "source": 34,
        "target": 37,
        "length_pixels": 2,
        "kind": "road_segment"
      }
    },
    {
      "type": "Feature",
      "geometry": {
        "type": "LineString",
        "coordinates": [
          [
            330,
            46
          ],
          [
            330,
            45
          ]
        ]
      },
      "properties": {
        "source": 35,
        "target": 39,
        "length_pixels": 2,
        "kind": "road_segment"
      }
    },
    {
      "type": "Feature",
      "geometry": {
        "type": "LineString",
        "coordinates": [
          [
            329,
            46
          ],
          [
            330,
            45
          ]
        ]
      },
      "properties": {
        "source": 35,
        "target": 38,
        "length_pixels": 2,
        "kind": "road_segment"
      }
    },
    {
      "type": "Feature",
      "geometry": {
        "type": "LineString",
        "coordinates": [
          [
            187,
            47
          ],
          [
            186,
            46
          ]
        ]
      },
      "properties": {
        "source": 36,
        "target": 41,
        "length_pixels": 2,
        "kind": "road_segment"
      }
    },
    {
      "type": "Feature",
      "geometry": {
        "type": "LineString",
        "coordinates": [
          [
            186,
            47
          ],
          [
            186,
            46
          ]
        ]
      },
      "properties": {
        "source": 36,
        "target": 40,
        "length_pixels": 2,
        "kind": "road_segment"
      }
    },
    {
      "type": "Feature",
      "geometry": {
        "type": "LineString",
        "coordinates": [
          [
            187,
            46
          ],
          [
            186,
            46
          ]
        ]
      },
      "properties": {
        "source": 36,
        "target": 37,
        "length_pixels": 2,
        "kind": "road_segment"
      }
    },
    {
      "type": "Feature",
      "geometry": {
        "type": "LineString",
        "coordinates": [
          [
            187,
            47
          ],
          [
            187,
            46
          ]
        ]
      },
      "properties": {
        "source": 37,
        "target": 41,
        "length_pixels": 2,
        "kind": "road_segment"
      }
    },
    {
      "type": "Feature",
      "geometry": {
        "type": "LineString",
        "coordinates": [
          [
            186,
            47
          ],
          [
            187,
            46
          ]
        ]
      },
      "properties": {
        "source": 37,
        "target": 40,
        "length_pixels": 2,
        "kind": "road_segment"
      }
    },
    {
      "type": "Feature",
      "geometry": {
        "type": "LineString",
        "coordinates": [
          [
            330,
            46
          ],
          [
            329,
            46
          ]
        ]
      },
      "properties": {
        "source": 38,
        "target": 39,
        "length_pixels": 2,
        "kind": "road_segment"
      }
    },
    {
      "type": "Feature",
      "geometry": {
        "type": "LineString",
        "coordinates": [
          [
            329,
            46
          ],
          [
            329,
            47
          ]
        ]
      },
      "properties": {
        "source": 38,
        "target": 42,
        "length_pixels": 2,
        "kind": "road_segment"
      }
    },
    {
      "type": "Feature",
      "geometry": {
        "type": "LineString",
        "coordinates": [
          [
            330,
            46
          ],
          [
            329,
            47
          ]
        ]
      },
      "properties": {
        "source": 39,
        "target": 42,
        "length_pixels": 2,
        "kind": "road_segment"
      }
    },
    {
      "type": "Feature",
      "geometry": {
        "type": "LineString",
        "coordinates": [
          [
            187,
            47
          ],
          [
            186,
            47
          ]
        ]
      },
      "properties": {
        "source": 40,
        "target": 41,
        "length_pixels": 2,
        "kind": "road_segment"
      }
    },
    {
      "type": "Feature",
      "geometry": {
        "type": "LineString",
        "coordinates": [
          [
            186,
            47
          ],
          [
            186,
            48
          ]
        ]
      },
      "properties": {
        "source": 40,
        "target": 43,
        "length_pixels": 2,
        "kind": "road_segment"
      }
    },
    {
      "type": "Feature",
      "geometry": {
        "type": "LineString",
        "coordinates": [
          [
            186,
            47
          ],
          [
            187,
            48
          ]
        ]
      },
      "properties": {
        "source": 40,
        "target": 44,
        "length_pixels": 2,
        "kind": "road_segment"
      }
    },
    {
      "type": "Feature",
      "geometry": {
        "type": "LineString",
        "coordinates": [
          [
            187,
            47
          ],
          [
            186,
            48
          ]
        ]
      },
      "properties": {
        "source": 41,
        "target": 43,
        "length_pixels": 2,
        "kind": "road_segment"
      }
    },
    {
      "type": "Feature",
      "geometry": {
        "type": "LineString",
        "coordinates": [
          [
            187,
            47
          ],
          [
            187,
            48
          ]
        ]
      },
      "properties": {
        "source": 41,
        "target": 44,
        "length_pixels": 2,
        "kind": "road_segment"
      }
    },
    {
      "type": "Feature",
      "geometry": {
        "type": "LineString",
        "coordinates": [
          [
            319,
            57
          ],
          [
            320,
            56
          ],
          [
            321,
            55
          ],
          [
            322,
            54
          ],
          [
            323,
            53
          ],
          [
            324,
            52
          ],
          [
            325,
            51
          ],
          [
            326,
            50
          ],
          [
            327,
            49
          ],
          [
            328,
            48
          ],
          [
            329,
            47
          ]
        ]
      },
      "properties": {
        "source": 42,
        "target": 48,
        "length_pixels": 11,
        "kind": "road_segment"
      }
    },
    {
      "type": "Feature",
      "geometry": {
        "type": "LineString",
        "coordinates": [
          [
            186,
            49
          ],
          [
            186,
            48
          ]
        ]
      },
      "properties": {
        "source": 43,
        "target": 45,
        "length_pixels": 2,
        "kind": "road_segment"
      }
    },
    {
      "type": "Feature",
      "geometry": {
        "type": "LineString",
        "coordinates": [
          [
            187,
            48
          ],
          [
            186,
            48
          ]
        ]
      },
      "properties": {
        "source": 43,
        "target": 44,
        "length_pixels": 2,
        "kind": "road_segment"
      }
    },
    {
      "type": "Feature",
      "geometry": {
        "type": "LineString",
        "coordinates": [
          [
            186,
            48
          ],
          [
            187,
            49
          ]
        ]
      },
      "properties": {
        "source": 43,
        "target": 46,
        "length_pixels": 2,
        "kind": "road_segment"
      }
    },
    {
      "type": "Feature",
      "geometry": {
        "type": "LineString",
        "coordinates": [
          [
            186,
            49
          ],
          [
            187,
            48
          ]
        ]
      },
      "properties": {
        "source": 44,
        "target": 45,
        "length_pixels": 2,
        "kind": "road_segment"
      }
    },
    {
      "type": "Feature",
      "geometry": {
        "type": "LineString",
        "coordinates": [
          [
            187,
            48
          ],
          [
            187,
            49
          ]
        ]
      },
      "properties": {
        "source": 44,
        "target": 46,
        "length_pixels": 2,
        "kind": "road_segment"
      }
    },
    {
      "type": "Feature",
      "geometry": {
        "type": "LineString",
        "coordinates": [
          [
            186,
            49
          ],
          [
            187,
            49
          ]
        ]
      },
      "properties": {
        "source": 45,
        "target": 46,
        "length_pixels": 2,
        "kind": "road_segment"
      }
    },
    {
      "type": "Feature",
      "geometry": {
        "type": "LineString",
        "coordinates": [
          [
            186,
            49
          ],
          [
            186,
            50
          ]
        ]
      },
      "properties": {
        "source": 45,
        "target": 47,
        "length_pixels": 2,
        "kind": "road_segment"
      }
    },
    {
      "type": "Feature",
      "geometry": {
        "type": "LineString",
        "coordinates": [
          [
            186,
            50
          ],
          [
            187,
            49
          ]
        ]
      },
      "properties": {
        "source": 46,
        "target": 47,
        "length_pixels": 2,
        "kind": "road_segment"
      }
    },
    {
      "type": "Feature",
      "geometry": {
        "type": "LineString",
        "coordinates": [
          [
            186,
            50
          ],
          [
            187,
            51
          ],
          [
            187,
            52
          ],
          [
            187,
            53
          ],
          [
            187,
            54
          ],
          [
            187,
            55
          ],
          [
            187,
            56
          ],
          [
            188,
            57
          ],
          [
            187,
            58
          ],
          [
            188,
            59
          ],
          [
            188,
            60
          ],
          [
            188,
            61
          ],
          [
            188,
            62
          ],
          [
            188,
            63
          ],
          [
            188,
            64
          ],
          [
            188,
            65
          ],
          [
            188,
            66
          ],
          [
            188,
            67
          ],
          [
            188,
            68
          ],
          [
            188,
            69
          ],
          [
            188,
            70
          ],
          [
            188,
            71
          ],
          [
            188,
            72
          ]
        ]
      },
      "properties": {
        "source": 47,
        "target": 102,
        "length_pixels": 23,
        "kind": "road_segment"
      }
    },
    {
      "type": "Feature",
      "geometry": {
        "type": "LineString",
        "coordinates": [
          [
            318,
            58
          ],
          [
            319,
            57
          ]
        ]
      },
      "properties": {
        "source": 48,
        "target": 50,
        "length_pixels": 2,
        "kind": "road_segment"
      }
    },
    {
      "type": "Feature",
      "geometry": {
        "type": "LineString",
        "coordinates": [
          [
            319,
            57
          ],
          [
            319,
            58
          ]
        ]
      },
      "properties": {
        "source": 48,
        "target": 51,
        "length_pixels": 2,
        "kind": "road_segment"
      }
    },
    {
      "type": "Feature",
      "geometry": {
        "type": "LineString",
        "coordinates": [
          [
            318,
            58
          ],
          [
            319,
            58
          ]
        ]
      },
      "properties": {
        "source": 50,
        "target": 51,
        "length_pixels": 2,
        "kind": "road_segment"
      }
    },
    {
      "type": "Feature",
      "geometry": {
        "type": "LineString",
        "coordinates": [
          [
            318,
            58
          ],
          [
            317,
            59
          ]
        ]
      },
      "properties": {
        "source": 50,
        "target": 53,
        "length_pixels": 2,
        "kind": "road_segment"
      }
    },
    {
      "type": "Feature",
      "geometry": {
        "type": "LineString",
        "coordinates": [
          [
            318,
            58
          ],
          [
            318,
            59
          ]
        ]
      },
      "properties": {
        "source": 50,
        "target": 54,
        "length_pixels": 2,
        "kind": "road_segment"
      }
    },
    {
      "type": "Feature",
      "geometry": {
        "type": "LineString",
        "coordinates": [
          [
            318,
            59
          ],
          [
            319,
            58
          ]
        ]
      },
      "properties": {
        "source": 51,
        "target": 54,
        "length_pixels": 2,
        "kind": "road_segment"
      }
    },
    {
      "type": "Feature",
      "geometry": {
        "type": "LineString",
        "coordinates": [
          [
            318,
            59
          ],
          [
            317,
            59
          ]
        ]
      },
      "properties": {
        "source": 53,
        "target": 54,
        "length_pixels": 2,
        "kind": "road_segment"
      }
    },
    {
      "type": "Feature",
      "geometry": {
        "type": "LineString",
        "coordinates": [
          [
            317,
            59
          ],
          [
            316,
            60
          ]
        ]
      },
      "properties": {
        "source": 53,
        "target": 55,
        "length_pixels": 2,
        "kind": "road_segment"
      }
    },
    {
      "type": "Feature",
      "geometry": {
        "type": "LineString",
        "coordinates": [
          [
            317,
            59
          ],
          [
            317,
            60
          ]
        ]
      },
      "properties": {
        "source": 53,
        "target": 56,
        "length_pixels": 2,
        "kind": "road_segment"
      }
    },
    {
      "type": "Feature",
      "geometry": {
        "type": "LineString",
        "coordinates": [
          [
            318,
            59
          ],
          [
            317,
            60
          ]
        ]
      },
      "properties": {
        "source": 54,
        "target": 56,
        "length_pixels": 2,
        "kind": "road_segment"
      }
    },
    {
      "type": "Feature",
      "geometry": {
        "type": "LineString",
        "coordinates": [
          [
            316,
            61
          ],
          [
            316,
            60
          ]
        ]
      },
      "properties": {
        "source": 55,
        "target": 57,
        "length_pixels": 2,
        "kind": "road_segment"
      }
    },
    {
      "type": "Feature",
      "geometry": {
        "type": "LineString",
        "coordinates": [
          [
            317,
            60
          ],
          [
            316,
            60
          ]
        ]
      },
      "properties": {
        "source": 55,
        "target": 56,
        "length_pixels": 2,
        "kind": "road_segment"
      }
    },
    {
      "type": "Feature",
      "geometry": {
        "type": "LineString",
        "coordinates": [
          [
            316,
            61
          ],
          [
            317,
            60
          ]
        ]
      },
      "properties": {
        "source": 56,
        "target": 57,
        "length_pixels": 2,
        "kind": "road_segment"
      }
    },
    {
      "type": "Feature",
      "geometry": {
        "type": "LineString",
        "coordinates": [
          [
            308,
            69
          ],
          [
            309,
            68
          ],
          [
            310,
            67
          ],
          [
            311,
            66
          ],
          [
            312,
            65
          ],
          [
            313,
            64
          ],
          [
            314,
            63
          ],
          [
            315,
            62
          ],
          [
            316,
            61
          ]
        ]
      },
      "properties": {
        "source": 57,
        "target": 61,
        "length_pixels": 9,
        "kind": "road_segment"
      }
    },
    {
      "type": "Feature",
      "geometry": {
        "type": "LineString",
        "coordinates": [
          [
            20,
            70
          ],
          [
            19,
            69
          ],
          [
            18,
            68
          ]
        ]
      },
      "properties": {
        "source": 60,
        "target": 62,
        "length_pixels": 3,
        "kind": "road_segment"
      }
    },
    {
      "type": "Feature",
      "geometry": {
        "type": "LineString",
        "coordinates": [
          [
            308,
            69
          ],
          [
            307,
            70
          ]
        ]
      },
      "properties": {
        "source": 61,
        "target": 73,
        "length_pixels": 2,
        "kind": "road_segment"
      }
    },
    {
      "type": "Feature",
      "geometry": {
        "type": "LineString",
        "coordinates": [
          [
            308,
            69
          ],
          [
            308,
            70
          ]
        ]
      },
      "properties": {
        "source": 61,
        "target": 74,
        "length_pixels": 2,
        "kind": "road_segment"
      }
    },
    {
      "type": "Feature",
      "geometry": {
        "type": "LineString",
        "coordinates": [
          [
            20,
            71
          ],
          [
            20,
            70
          ]
        ]
      },
      "properties": {
        "source": 62,
        "target": 75,
        "length_pixels": 2,
        "kind": "road_segment"
      }
    },
    {
      "type": "Feature",
      "geometry": {
        "type": "LineString",
        "coordinates": [
          [
            21,
            70
          ],
          [
            20,
            70
          ]
        ]
      },
      "properties": {
        "source": 62,
        "target": 63,
        "length_pixels": 2,
        "kind": "road_segment"
      }
    },
    {
      "type": "Feature",
      "geometry": {
        "type": "LineString",
        "coordinates": [
          [
            20,
            70
          ],
          [
            21,
            71
          ]
        ]
      },
      "properties": {
        "source": 62,
        "target": 76,
        "length_pixels": 2,
        "kind": "road_segment"
      }
    },
    {
      "type": "Feature",
      "geometry": {
        "type": "LineString",
        "coordinates": [
          [
            20,
            71
          ],
          [
            21,
            70
          ]
        ]
      },
      "properties": {
        "source": 63,
        "target": 75,
        "length_pixels": 2,
        "kind": "road_segment"
      }
    },
    {
      "type": "Feature",
      "geometry": {
        "type": "LineString",
        "coordinates": [
          [
            22,
            70
          ],
          [
            21,
            70
          ]
        ]
      },
      "properties": {
        "source": 63,
        "target": 64,
        "length_pixels": 2,
        "kind": "road_segment"
      }
    },
    {
      "type": "Feature",
      "geometry": {
        "type": "LineString",
        "coordinates": [
          [
            21,
            70
          ],
          [
            21,
            71
          ]
        ]
      },
      "properties": {
        "source": 63,
        "target": 76,
        "length_pixels": 2,
        "kind": "road_segment"
      }
    },
    {
      "type": "Feature",
      "geometry": {
        "type": "LineString",
        "coordinates": [
          [
            21,
            70
          ],
          [
            22,
            71
          ]
        ]
      },
      "properties": {
        "source": 63,
        "target": 77,
        "length_pixels": 2,
        "kind": "road_segment"
      }
    },
    {
      "type": "Feature",
      "geometry": {
        "type": "LineString",
        "coordinates": [
          [
            22,
            70
          ],
          [
            23,
            70
          ]
        ]
      },
      "properties": {
        "source": 64,
        "target": 65,
        "length_pixels": 2,
        "kind": "road_segment"
      }
    },
    {
      "type": "Feature",
      "geometry": {
        "type": "LineString",
        "coordinates": [
          [
            22,
            70
          ],
          [
            21,
            71
          ]
        ]
      },
      "properties": {
        "source": 64,
        "target": 76,
        "length_pixels": 2,
        "kind": "road_segment"
      }
    },
    {
      "type": "Feature",
      "geometry": {
        "type": "LineString",
        "coordinates": [
          [
            22,
            70
          ],
          [
            22,
            71
          ]
        ]
      },
      "properties": {
        "source": 64,
        "target": 77,
        "length_pixels": 2,
        "kind": "road_segment"
      }
    },
    {
      "type": "Feature",
      "geometry": {
        "type": "LineString",
        "coordinates": [
          [
            22,
            70
          ],
          [
            23,
            71
          ]
        ]
      },
      "properties": {
        "source": 64,
        "target": 78,
        "length_pixels": 2,
        "kind": "road_segment"
      }
    },
    {
      "type": "Feature",
      "geometry": {
        "type": "LineString",
        "coordinates": [
          [
            24,
            71
          ],
          [
            23,
            70
          ]
        ]
      },
      "properties": {
        "source": 65,
        "target": 79,
        "length_pixels": 2,
        "kind": "road_segment"
      }
    },
    {
      "type": "Feature",
      "geometry": {
        "type": "LineString",
        "coordinates": [
          [
            23,
            71
          ],
          [
            23,
            70
          ]
        ]
      },
      "properties": {
        "source": 65,
        "target": 78,
        "length_pixels": 2,
        "kind": "road_segment"
      }
    },
    {
      "type": "Feature",
      "geometry": {
        "type": "LineString",
        "coordinates": [
          [
            22,
            71
          ],
          [
            23,
            70
          ]
        ]
      },
      "properties": {
        "source": 65,
        "target": 77,
        "length_pixels": 2,
        "kind": "road_segment"
      }
    },
    {
      "type": "Feature",
      "geometry": {
        "type": "LineString",
        "coordinates": [
          [
            24,
            70
          ],
          [
            23,
            70
          ]
        ]
      },
      "properties": {
        "source": 65,
        "target": 66,
        "length_pixels": 2,
        "kind": "road_segment"
      }
    },
    {
      "type": "Feature",
      "geometry": {
        "type": "LineString",
        "coordinates": [
          [
            24,
            71
          ],
          [
            24,
            70
          ]
        ]
      },
      "properties": {
        "source": 66,
        "target": 79,
        "length_pixels": 2,
        "kind": "road_segment"
      }
    },
    {
      "type": "Feature",
      "geometry": {
        "type": "LineString",
        "coordinates": [
          [
            23,
            71
          ],
          [
            24,
            70
          ]
        ]
      },
      "properties": {
        "source": 66,
        "target": 78,
        "length_pixels": 2,
        "kind": "road_segment"
      }
    },
    {
      "type": "Feature",
      "geometry": {
        "type": "LineString",
        "coordinates": [
          [
            25,
            70
          ],
          [
            24,
            70
          ]
        ]
      },
      "properties": {
        "source": 66,
        "target": 67,
        "length_pixels": 2,
        "kind": "road_segment"
      }
    },
    {
      "type": "Feature",
      "geometry": {
        "type": "LineString",
        "coordinates": [
          [
            24,
            70
          ],
          [
            25,
            71
          ]
        ]
      },
      "properties": {
        "source": 66,
        "target": 80,
        "length_pixels": 2,
        "kind": "road_segment"
      }
    },
    {
      "type": "Feature",
      "geometry": {
        "type": "LineString",
        "coordinates": [
          [
            24,
            71
          ],
          [
            25,
            70
          ]
        ]
      },
      "properties": {
        "source": 67,
        "target": 79,
        "length_pixels": 2,
        "kind": "road_segment"
      }
    },
    {
      "type": "Feature",
      "geometry": {
        "type": "LineString",
        "coordinates": [
          [
            26,
            70
          ],
          [
            25,
            70
          ]
        ]
      },
      "properties": {
        "source": 67,
        "target": 68,
        "length_pixels": 2,
        "kind": "road_segment"
      }
    },
    {
      "type": "Feature",
      "geometry": {
        "type": "LineString",
        "coordinates": [
          [
            25,
            70
          ],
          [
            25,
            71
          ]
        ]
      },
      "properties": {
        "source": 67,
        "target": 80,
        "length_pixels": 2,
        "kind": "road_segment"
      }
    },
    {
      "type": "Feature",
      "geometry": {
        "type": "LineString",
        "coordinates": [
          [
            25,
            70
          ],
          [
            26,
            71
          ]
        ]
      },
      "properties": {
        "source": 67,
        "target": 81,
        "length_pixels": 2,
        "kind": "road_segment"
      }
    },
    {
      "type": "Feature",
      "geometry": {
        "type": "LineString",
        "coordinates": [
          [
            27,
            70
          ],
          [
            26,
            70
          ]
        ]
      },
      "properties": {
        "source": 68,
        "target": 69,
        "length_pixels": 2,
        "kind": "road_segment"
      }
    },
    {
      "type": "Feature",
      "geometry": {
        "type": "LineString",
        "coordinates": [
          [
            26,
            70
          ],
          [
            25,
            71
          ]
        ]
      },
      "properties": {
        "source": 68,
        "target": 80,
        "length_pixels": 2,
        "kind": "road_segment"
      }
    },
    {
      "type": "Feature",
      "geometry": {
        "type": "LineString",
        "coordinates": [
          [
            26,
            70
          ],
          [
            26,
            71
          ]
        ]
      },
      "properties": {
        "source": 68,
        "target": 81,
        "length_pixels": 2,
        "kind": "road_segment"
      }
    },
    {
      "type": "Feature",
      "geometry": {
        "type": "LineString",
        "coordinates": [
          [
            26,
            70
          ],
          [
            27,
            71
          ]
        ]
      },
      "properties": {
        "source": 68,
        "target": 82,
        "length_pixels": 2,
        "kind": "road_segment"
      }
    },
    {
      "type": "Feature",
      "geometry": {
        "type": "LineString",
        "coordinates": [
          [
            27,
            70
          ],
          [
            28,
            70
          ]
        ]
      },
      "properties": {
        "source": 69,
        "target": 70,
        "length_pixels": 2,
        "kind": "road_segment"
      }
    },
    {
      "type": "Feature",
      "geometry": {
        "type": "LineString",
        "coordinates": [
          [
            27,
            70
          ],
          [
            26,
            71
          ]
        ]
      },
      "properties": {
        "source": 69,
        "target": 81,
        "length_pixels": 2,
        "kind": "road_segment"
      }
    },
    {
      "type": "Feature",
      "geometry": {
        "type": "LineString",
        "coordinates": [
          [
            27,
            70
          ],
          [
            27,
            71
          ]
        ]
      },
      "properties": {
        "source": 69,
        "target": 82,
        "length_pixels": 2,
        "kind": "road_segment"
      }
    },
    {
      "type": "Feature",
      "geometry": {
        "type": "LineString",
        "coordinates": [
          [
            27,
            70
          ],
          [
            28,
            71
          ]
        ]
      },
      "properties": {
        "source": 69,
        "target": 83,
        "length_pixels": 2,
        "kind": "road_segment"
      }
    },
    {
      "type": "Feature",
      "geometry": {
        "type": "LineString",
        "coordinates": [
          [
            28,
            71
          ],
          [
            28,
            70
          ]
        ]
      },
      "properties": {
        "source": 70,
        "target": 83,
        "length_pixels": 2,
        "kind": "road_segment"
      }
    },
    {
      "type": "Feature",
      "geometry": {
        "type": "LineString",
        "coordinates": [
          [
            27,
            71
          ],
          [
            28,
            70
          ]
        ]
      },
      "properties": {
        "source": 70,
        "target": 82,
        "length_pixels": 2,
        "kind": "road_segment"
      }
    },
    {
      "type": "Feature",
      "geometry": {
        "type": "LineString",
        "coordinates": [
          [
            29,
            70
          ],
          [
            28,
            70
          ]
        ]
      },
      "properties": {
        "source": 70,
        "target": 71,
        "length_pixels": 2,
        "kind": "road_segment"
      }
    },
    {
      "type": "Feature",
      "geometry": {
        "type": "LineString",
        "coordinates": [
          [
            28,
            71
          ],
          [
            29,
            70
          ]
        ]
      },
      "properties": {
        "source": 71,
        "target": 83,
        "length_pixels": 2,
        "kind": "road_segment"
      }
    },
    {
      "type": "Feature",
      "geometry": {
        "type": "LineString",
        "coordinates": [
          [
            35,
            71
          ],
          [
            34,
            71
          ],
          [
            33,
            71
          ],
          [
            32,
            71
          ],
          [
            31,
            71
          ],
          [
            30,
            71
          ],
          [
            29,
            70
          ]
        ]
      },
      "properties": {
        "source": 71,
        "target": 84,
        "length_pixels": 7,
        "kind": "road_segment"
      }
    },
    {
      "type": "Feature",
      "geometry": {
        "type": "LineString",
        "coordinates": [
          [
            36,
            70
          ],
          [
            35,
            71
          ]
        ]
      },
      "properties": {
        "source": 72,
        "target": 84,
        "length_pixels": 2,
        "kind": "road_segment"
      }
    },
    {
      "type": "Feature",
      "geometry": {
        "type": "LineString",
        "coordinates": [
          [
            36,
            70
          ],
          [
            36,
            71
          ]
        ]
      },
      "properties": {
        "source": 72,
        "target": 85,
        "length_pixels": 2,
        "kind": "road_segment"
      }
    },
    {
      "type": "Feature",
      "geometry": {
        "type": "LineString",
        "coordinates": [
          [
            36,
            70
          ],
          [
            37,
            71
          ]
        ]
      },
      "properties": {
        "source": 72,
        "target": 86,
        "length_pixels": 2,
        "kind": "road_segment"
      }
    },
    {
      "type": "Feature",
      "geometry": {
        "type": "LineString",
        "coordinates": [
          [
            307,
            71
          ],
          [
            307,
            70
          ]
        ]
      },
      "properties": {
        "source": 73,
        "target": 90,
        "length_pixels": 2,
        "kind": "road_segment"
      }
    },
    {
      "type": "Feature",
      "geometry": {
        "type": "LineString",
        "coordinates": [
          [
            308,
            70
          ],
          [
            307,
            70
          ]
        ]
      },
      "properties": {
        "source": 73,
        "target": 74,
        "length_pixels": 2,
        "kind": "road_segment"
      }
    },
    {
      "type": "Feature",
      "geometry": {
        "type": "LineString",
        "coordinates": [
          [
            307,
            71
          ],
          [
            308,
            70
          ]
        ]
      },
      "properties": {
        "source": 74,
        "target": 90,
        "length_pixels": 2,
        "kind": "road_segment"
      }
    },
    {
      "type": "Feature",
      "geometry": {
        "type": "LineString",
        "coordinates": [
          [
            20,
            71
          ],
          [
            21,
            71
          ]
        ]
      },
      "properties": {
        "source": 75,
        "target": 76,
        "length_pixels": 2,
        "kind": "road_segment"
      }
    },
    {
      "type": "Feature",
      "geometry": {
        "type": "LineString",
        "coordinates": [
          [
            22,
            71
          ],
          [
            21,
            71
          ]
        ]
      },
      "properties": {
        "source": 76,
        "target": 77,
        "length_pixels": 2,
        "kind": "road_segment"
      }
    },
    {
      "type": "Feature",
      "geometry": {
        "type": "LineString",
        "coordinates": [
          [
            23,
            71
          ],
          [
            22,
            71
          ]
        ]
      },
      "properties": {
        "source": 77,
        "target": 78,
        "length_pixels": 2,
        "kind": "road_segment"
      }
    },
    {
      "type": "Feature",
      "geometry": {
        "type": "LineString",
        "coordinates": [
          [
            24,
            71
          ],
          [
            23,
            71
          ]
        ]
      },
      "properties": {
        "source": 78,
        "target": 79,
        "length_pixels": 2,
        "kind": "road_segment"
      }
    },
    {
      "type": "Feature",
      "geometry": {
        "type": "LineString",
        "coordinates": [
          [
            24,
            71
          ],
          [
            25,
            71
          ]
        ]
      },
      "properties": {
        "source": 79,
        "target": 80,
        "length_pixels": 2,
        "kind": "road_segment"
      }
    },
    {
      "type": "Feature",
      "geometry": {
        "type": "LineString",
        "coordinates": [
          [
            26,
            71
          ],
          [
            25,
            71
          ]
        ]
      },
      "properties": {
        "source": 80,
        "target": 81,
        "length_pixels": 2,
        "kind": "road_segment"
      }
    },
    {
      "type": "Feature",
      "geometry": {
        "type": "LineString",
        "coordinates": [
          [
            27,
            71
          ],
          [
            26,
            71
          ]
        ]
      },
      "properties": {
        "source": 81,
        "target": 82,
        "length_pixels": 2,
        "kind": "road_segment"
      }
    },
    {
      "type": "Feature",
      "geometry": {
        "type": "LineString",
        "coordinates": [
          [
            28,
            71
          ],
          [
            27,
            71
          ]
        ]
      },
      "properties": {
        "source": 82,
        "target": 83,
        "length_pixels": 2,
        "kind": "road_segment"
      }
    },
    {
      "type": "Feature",
      "geometry": {
        "type": "LineString",
        "coordinates": [
          [
            36,
            71
          ],
          [
            35,
            71
          ]
        ]
      },
      "properties": {
        "source": 84,
        "target": 85,
        "length_pixels": 2,
        "kind": "road_segment"
      }
    },
    {
      "type": "Feature",
      "geometry": {
        "type": "LineString",
        "coordinates": [
          [
            37,
            71
          ],
          [
            36,
            71
          ]
        ]
      },
      "properties": {
        "source": 85,
        "target": 86,
        "length_pixels": 2,
        "kind": "road_segment"
      }
    },
    {
      "type": "Feature",
      "geometry": {
        "type": "LineString",
        "coordinates": [
          [
            37,
            71
          ],
          [
            38,
            71
          ],
          [
            39,
            71
          ],
          [
            40,
            71
          ],
          [
            41,
            71
          ],
          [
            42,
            71
          ],
          [
            43,
            71
          ],
          [
            44,
            71
          ]
        ]
      },
      "properties": {
        "source": 86,
        "target": 87,
        "length_pixels": 8,
        "kind": "road_segment"
      }
    },
    {
      "type": "Feature",
      "geometry": {
        "type": "LineString",
        "coordinates": [
          [
            45,
            71
          ],
          [
            44,
            71
          ]
        ]
      },
      "properties": {
        "source": 87,
        "target": 88,
        "length_pixels": 2,
        "kind": "road_segment"
      }
    },
    {
      "type": "Feature",
      "geometry": {
        "type": "LineString",
        "coordinates": [
          [
            44,
            71
          ],
          [
            45,
            72
          ]
        ]
      },
      "properties": {
        "source": 87,
        "target": 92,
        "length_pixels": 2,
        "kind": "road_segment"
      }
    },
    {
      "type": "Feature",
      "geometry": {
        "type": "LineString",
        "coordinates": [
          [
            46,
            71
          ],
          [
            45,
            71
          ]
        ]
      },
      "properties": {
        "source": 88,
        "target": 89,
        "length_pixels": 2,
        "kind": "road_segment"
      }
    },
    {
      "type": "Feature",
      "geometry": {
        "type": "LineString",
        "coordinates": [
          [
            46,
            72
          ],
          [
            45,
            71
          ]
        ]
      },
      "properties": {
        "source": 88,
        "target": 93,
        "length_pixels": 2,
        "kind": "road_segment"
      }
    },
    {
      "type": "Feature",
      "geometry": {
        "type": "LineString",
        "coordinates": [
          [
            45,
            71
          ],
          [
            45,
            72
          ]
        ]
      },
      "properties": {
        "source": 88,
        "target": 92,
        "length_pixels": 2,
        "kind": "road_segment"
      }
    },
    {
      "type": "Feature",
      "geometry": {
        "type": "LineString",
        "coordinates": [
          [
            47,
            72
          ],
          [
            46,
            71
          ]
        ]
      },
      "properties": {
        "source": 89,
        "target": 94,
        "length_pixels": 2,
        "kind": "road_segment"
      }
    },
    {
      "type": "Feature",
      "geometry": {
        "type": "LineString",
        "coordinates": [
          [
            46,
            71
          ],
          [
            45,
            72
          ]
        ]
      },
      "properties": {
        "source": 89,
        "target": 92,
        "length_pixels": 2,
        "kind": "road_segment"
      }
    },
    {
      "type": "Feature",
      "geometry": {
        "type": "LineString",
        "coordinates": [
          [
            46,
            71
          ],
          [
            46,
            72
          ]
        ]
      },
      "properties": {
        "source": 89,
        "target": 93,
        "length_pixels": 2,
        "kind": "road_segment"
      }
    },
    {
      "type": "Feature",
      "geometry": {
        "type": "LineString",
        "coordinates": [
          [
            307,
            71
          ],
          [
            306,
            72
          ],
          [
            305,
            73
          ],
          [
            304,
            74
          ],
          [
            303,
            75
          ],
          [
            302,
            76
          ],
          [
            302,
            77
          ],
          [
            301,
            78
          ],
          [
            301,
            79
          ],
          [
            300,
            80
          ],
          [
            300,
            81
          ],
          [
            299,
            82
          ],
          [
            299,
            83
          ]
        ]
      },
      "properties": {
        "source": 90,
        "target": 214,
        "length_pixels": 13,
        "kind": "road_segment"
      }
    },
    {
      "type": "Feature",
      "geometry": {
        "type": "LineString",
        "coordinates": [
          [
            46,
            72
          ],
          [
            45,
            72
          ]
        ]
      },
      "properties": {
        "source": 92,
        "target": 93,
        "length_pixels": 2,
        "kind": "road_segment"
      }
    },
    {
      "type": "Feature",
      "geometry": {
        "type": "LineString",
        "coordinates": [
          [
            47,
            72
          ],
          [
            46,
            72
          ]
        ]
      },
      "properties": {
        "source": 93,
        "target": 94,
        "length_pixels": 2,
        "kind": "road_segment"
      }
    },
    {
      "type": "Feature",
      "geometry": {
        "type": "LineString",
        "coordinates": [
          [
            47,
            72
          ],
          [
            48,
            72
          ],
          [
            49,
            72
          ],
          [
            50,
            72
          ],
          [
            51,
            73
          ]
        ]
      },
      "properties": {
        "source": 94,
        "target": 103,
        "length_pixels": 5,
        "kind": "road_segment"
      }
    },
    {
      "type": "Feature",
      "geometry": {
        "type": "LineString",
        "coordinates": [
          [
            53,
            73
          ],
          [
            52,
            72
          ]
        ]
      },
      "properties": {
        "source": 95,
        "target": 105,
        "length_pixels": 2,
        "kind": "road_segment"
      }
    },
    {
      "type": "Feature",
      "geometry": {
        "type": "LineString",
        "coordinates": [
          [
            52,
            72
          ],
          [
            53,
            72
          ]
        ]
      },
      "properties": {
        "source": 95,
        "target": 96,
        "length_pixels": 2,
        "kind": "road_segment"
      }
    },
    {
      "type": "Feature",
      "geometry": {
        "type": "LineString",
        "coordinates": [
          [
            52,
            72
          ],
          [
            51,
            73
          ]
        ]
      },
      "properties": {
        "source": 95,
        "target": 103,
        "length_pixels": 2,
        "kind": "road_segment"
      }
    },
    {
      "type": "Feature",
      "geometry": {
        "type": "LineString",
        "coordinates": [
          [
            52,
            72
          ],
          [
            52,
            73
          ]
        ]
      },
      "properties": {
        "source": 95,
        "target": 104,
        "length_pixels": 2,
        "kind": "road_segment"
      }
    },
    {
      "type": "Feature",
      "geometry": {
        "type": "LineString",
        "coordinates": [
          [
            54,
            73
          ],
          [
            53,
            72
          ]
        ]
      },
      "properties": {
        "source": 96,
        "target": 106,
        "length_pixels": 2,
        "kind": "road_segment"
      }
    },
    {
      "type": "Feature",
      "geometry": {
        "type": "LineString",
        "coordinates": [
          [
            53,
            73
          ],
          [
            53,
            72
          ]
        ]
      },
      "properties": {
        "source": 96,
        "target": 105,
        "length_pixels": 2,
        "kind": "road_segment"
      }
    },
    {
      "type": "Feature",
      "geometry": {
        "type": "LineString",
        "coordinates": [
          [
            52,
            73
          ],
          [
            53,
            72
          ]
        ]
      },
      "properties": {
        "source": 96,
        "target": 104,
        "length_pixels": 2,
        "kind": "road_segment"
      }
    },
    {
      "type": "Feature",
      "geometry": {
        "type": "LineString",
        "coordinates": [
          [
            54,
            72
          ],
          [
            53,
            72
          ]
        ]
      },
      "properties": {
        "source": 96,
        "target": 97,
        "length_pixels": 2,
        "kind": "road_segment"
      }
    },
    {
      "type": "Feature",
      "geometry": {
        "type": "LineString",
        "coordinates": [
          [
            55,
            73
          ],
          [
            54,
            72
          ]
        ]
      },
      "properties": {
        "source": 97,
        "target": 107,
        "length_pixels": 2,
        "kind": "road_segment"
      }
    },
    {
      "type": "Feature",
      "geometry": {
        "type": "LineString",
        "coordinates": [
          [
            54,
            73
          ],
          [
            54,
            72
          ]
        ]
      },
      "properties": {
        "source": 97,
        "target": 106,
        "length_pixels": 2,
        "kind": "road_segment"
      }
    },
    {
      "type": "Feature",
      "geometry": {
        "type": "LineString",
        "coordinates": [
          [
            53,
            73
          ],
          [
            54,
            72
          ]
        ]
      },
      "properties": {
        "source": 97,
        "target": 105,
        "length_pixels": 2,
        "kind": "road_segment"
      }
    },
    {
      "type": "Feature",
      "geometry": {
        "type": "LineString",
        "coordinates": [
          [
            55,
            72
          ],
          [
            54,
            72
          ]
        ]
      },
      "properties": {
        "source": 97,
        "target": 98,
        "length_pixels": 2,
        "kind": "road_segment"
      }
    },
    {
      "type": "Feature",
      "geometry": {
        "type": "LineString",
        "coordinates": [
          [
            55,
            73
          ],
          [
            55,
            72
          ]
        ]
      },
      "properties": {
        "source": 98,
        "target": 107,
        "length_pixels": 2,
        "kind": "road_segment"
      }
    },
    {
      "type": "Feature",
      "geometry": {
        "type": "LineString",
        "coordinates": [
          [
            54,
            73
          ],
          [
            55,
            72
          ]
        ]
      },
      "properties": {
        "source": 98,
        "target": 106,
        "length_pixels": 2,
        "kind": "road_segment"
      }
    },
    {
      "type": "Feature",
      "geometry": {
        "type": "LineString",
        "coordinates": [
          [
            56,
            72
          ],
          [
            55,
            72
          ]
        ]
      },
      "properties": {
        "source": 98,
        "target": 99,
        "length_pixels": 2,
        "kind": "road_segment"
      }
    },
    {
      "type": "Feature",
      "geometry": {
        "type": "LineString",
        "coordinates": [
          [
            55,
            72
          ],
          [
            56,
            73
          ]
        ]
      },
      "properties": {
        "source": 98,
        "target": 108,
        "length_pixels": 2,
        "kind": "road_segment"
      }
    },
    {
      "type": "Feature",
      "geometry": {
        "type": "LineString",
        "coordinates": [
          [
            55,
            73
          ],
          [
            56,
            72
          ]
        ]
      },
      "properties": {
        "source": 99,
        "target": 107,
        "length_pixels": 2,
        "kind": "road_segment"
      }
    },
    {
      "type": "Feature",
      "geometry": {
        "type": "LineString",
        "coordinates": [
          [
            57,
            72
          ],
          [
            56,
            72
          ]
        ]
      },
      "properties": {
        "source": 99,
        "target": 100,
        "length_pixels": 2,
        "kind": "road_segment"
      }
    },
    {
      "type": "Feature",
      "geometry": {
        "type": "LineString",
        "coordinates": [
          [
            56,
            72
          ],
          [
            56,
            73
          ]
        ]
      },
      "properties": {
        "source": 99,
        "target": 108,
        "length_pixels": 2,
        "kind": "road_segment"
      }
    },
    {
      "type": "Feature",
      "geometry": {
        "type": "LineString",
        "coordinates": [
          [
            56,
            72
          ],
          [
            57,
            73
          ]
        ]
      },
      "properties": {
        "source": 99,
        "target": 109,
        "length_pixels": 2,
        "kind": "road_segment"
      }
    },
    {
      "type": "Feature",
      "geometry": {
        "type": "LineString",
        "coordinates": [
          [
            57,
            72
          ],
          [
            58,
            72
          ]
        ]
      },
      "properties": {
        "source": 100,
        "target": 101,
        "length_pixels": 2,
        "kind": "road_segment"
      }
    },
    {
      "type": "Feature",
      "geometry": {
        "type": "LineString",
        "coordinates": [
          [
            57,
            72
          ],
          [
            56,
            73
          ]
        ]
      },
      "properties": {
        "source": 100,
        "target": 108,
        "length_pixels": 2,
        "kind": "road_segment"
      }
    },
    {
      "type": "Feature",
      "geometry": {
        "type": "LineString",
        "coordinates": [
          [
            57,
            72
          ],
          [
            57,
            73
          ]
        ]
      },
      "properties": {
        "source": 100,
        "target": 109,
        "length_pixels": 2,
        "kind": "road_segment"
      }
    },
    {
      "type": "Feature",
      "geometry": {
        "type": "LineString",
        "coordinates": [
          [
            65,
            74
          ],
          [
            64,
            73
          ],
          [
            63,
            73
          ],
          [
            62,
            73
          ],
          [
            61,
            73
          ],
          [
            60,
            73
          ],
          [
            59,
            73
          ],
          [
            58,
            72
          ]
        ]
      },
      "properties": {
        "source": 101,
        "target": 118,
        "length_pixels": 8,
        "kind": "road_segment"
      }
    },
    {
      "type": "Feature",
      "geometry": {
        "type": "LineString",
        "coordinates": [
          [
            57,
            73
          ],
          [
            58,
            72
          ]
        ]
      },
      "properties": {
        "source": 101,
        "target": 109,
        "length_pixels": 2,
        "kind": "road_segment"
      }
    },
    {
      "type": "Feature",
      "geometry": {
        "type": "LineString",
        "coordinates": [
          [
            52,
            73
          ],
          [
            51,
            73
          ]
        ]
      },
      "properties": {
        "source": 103,
        "target": 104,
        "length_pixels": 2,
        "kind": "road_segment"
      }
    },
    {
      "type": "Feature",
      "geometry": {
        "type": "LineString",
        "coordinates": [
          [
            53,
            73
          ],
          [
            52,
            73
          ]
        ]
      },
      "properties": {
        "source": 104,
        "target": 105,
        "length_pixels": 2,
        "kind": "road_segment"
      }
    },
    {
      "type": "Feature",
      "geometry": {
        "type": "LineString",
        "coordinates": [
          [
            54,
            73
          ],
          [
            53,
            73
          ]
        ]
      },
      "properties": {
        "source": 105,
        "target": 106,
        "length_pixels": 2,
        "kind": "road_segment"
      }
    },
    {
      "type": "Feature",
      "geometry": {
        "type": "LineString",
        "coordinates": [
          [
            55,
            73
          ],
          [
            54,
            73
          ]
        ]
      },
      "properties": {
        "source": 106,
        "target": 107,
        "length_pixels": 2,
        "kind": "road_segment"
      }
    },
    {
      "type": "Feature",
      "geometry": {
        "type": "LineString",
        "coordinates": [
          [
            55,
            73
          ],
          [
            56,
            73
          ]
        ]
      },
      "properties": {
        "source": 107,
        "target": 108,
        "length_pixels": 2,
        "kind": "road_segment"
      }
    },
    {
      "type": "Feature",
      "geometry": {
        "type": "LineString",
        "coordinates": [
          [
            57,
            73
          ],
          [
            56,
            73
          ]
        ]
      },
      "properties": {
        "source": 108,
        "target": 109,
        "length_pixels": 2,
        "kind": "road_segment"
      }
    },
    {
      "type": "Feature",
      "geometry": {
        "type": "LineString",
        "coordinates": [
          [
            66,
            74
          ],
          [
            66,
            73
          ]
        ]
      },
      "properties": {
        "source": 110,
        "target": 119,
        "length_pixels": 2,
        "kind": "road_segment"
      }
    },
    {
      "type": "Feature",
      "geometry": {
        "type": "LineString",
        "coordinates": [
          [
            65,
            74
          ],
          [
            66,
            73
          ]
        ]
      },
      "properties": {
        "source": 110,
        "target": 118,
        "length_pixels": 2,
        "kind": "road_segment"
      }
    },
    {
      "type": "Feature",
      "geometry": {
        "type": "LineString",
        "coordinates": [
          [
            67,
            73
          ],
          [
            66,
            73
          ]
        ]
      },
      "properties": {
        "source": 110,
        "target": 111,
        "length_pixels": 2,
        "kind": "road_segment"
      }
    },
    {
      "type": "Feature",
      "geometry": {
        "type": "LineString",
        "coordinates": [
          [
            66,
            73
          ],
          [
            67,
            74
          ]
        ]
      },
      "properties": {
        "source": 110,
        "target": 120,
        "length_pixels": 2,
        "kind": "road_segment"
      }
    },
    {
      "type": "Feature",
      "geometry": {
        "type": "LineString",
        "coordinates": [
          [
            66,
            74
          ],
          [
            67,
            73
          ]
        ]
      },
      "properties": {
        "source": 111,
        "target": 119,
        "length_pixels": 2,
        "kind": "road_segment"
      }
    },
    {
      "type": "Feature",
      "geometry": {
        "type": "LineString",
        "coordinates": [
          [
            68,
            73
          ],
          [
            67,
            73
          ]
        ]
      },
      "properties": {
        "source": 111,
        "target": 112,
        "length_pixels": 2,
        "kind": "road_segment"
      }
    },
    {
      "type": "Feature",
      "geometry": {
        "type": "LineString",
        "coordinates": [
          [
            67,
            73
          ],
          [
            67,
            74
          ]
        ]
      },
      "properties": {
        "source": 111,
        "target": 120,
        "length_pixels": 2,
        "kind": "road_segment"
      }
    },
    {
      "type": "Feature",
      "geometry": {
        "type": "LineString",
        "coordinates": [
          [
            67,
            73
          ],
          [
            68,
            74
          ]
        ]
      },
      "properties": {
        "source": 111,
        "target": 121,
        "length_pixels": 2,
        "kind": "road_segment"
      }
    },
    {
      "type": "Feature",
      "geometry": {
        "type": "LineString",
        "coordinates": [
          [
            69,
            73
          ],
          [
            68,
            73
          ]
        ]
      },
      "properties": {
        "source": 112,
        "target": 113,
        "length_pixels": 2,
        "kind": "road_segment"
      }
    },
    {
      "type": "Feature",
      "geometry": {
        "type": "LineString",
        "coordinates": [
          [
            68,
            73
          ],
          [
            67,
            74
          ]
        ]
      },
      "properties": {
        "source": 112,
        "target": 120,
        "length_pixels": 2,
        "kind": "road_segment"
      }
    },
    {
      "type": "Feature",
      "geometry": {
        "type": "LineString",
        "coordinates": [
          [
            68,
            73
          ],
          [
            68,
            74
          ]
        ]
      },
      "properties": {
        "source": 112,
        "target": 121,
        "length_pixels": 2,
        "kind": "road_segment"
      }
    },
    {
      "type": "Feature",
      "geometry": {
        "type": "LineString",
        "coordinates": [
          [
            68,
            73
          ],
          [
            69,
            74
          ]
        ]
      },
      "properties": {
        "source": 112,
        "target": 122,
        "length_pixels": 2,
        "kind": "road_segment"
      }
    },
    {
      "type": "Feature",
      "geometry": {
        "type": "LineString",
        "coordinates": [
          [
            69,
            73
          ],
          [
            70,
            73
          ]
        ]
      },
      "properties": {
        "source": 113,
        "target": 114,
        "length_pixels": 2,
        "kind": "road_segment"
      }
    },
    {
      "type": "Feature",
      "geometry": {
        "type": "LineString",
        "coordinates": [
          [
            69,
            73
          ],
          [
            68,
            74
          ]
        ]
      },
      "properties": {
        "source": 113,
        "target": 121,
        "length_pixels": 2,
        "kind": "road_segment"
      }
    },
    {
      "type": "Feature",
      "geometry": {
        "type": "LineString",
        "coordinates": [
          [
            69,
            73
          ],
          [
            69,
            74
          ]
        ]
      },
      "properties": {
        "source": 113,
        "target": 122,
        "length_pixels": 2,
        "kind": "road_segment"
      }
    },
    {
      "type": "Feature",
      "geometry": {
        "type": "LineString",
        "coordinates": [
          [
            69,
            74
          ],
          [
            70,
            73
          ]
        ]
      },
      "properties": {
        "source": 114,
        "target": 122,
        "length_pixels": 2,
        "kind": "road_segment"
      }
    },
    {
      "type": "Feature",
      "geometry": {
        "type": "LineString",
        "coordinates": [
          [
            70,
            73
          ],
          [
            71,
            74
          ],
          [
            72,
            74
          ],
          [
            73,
            74
          ],
          [
            74,
            74
          ],
          [
            75,
            74
          ],
          [
            76,
            74
          ]
        ]
      },
      "properties": {
        "source": 114,
        "target": 123,
        "length_pixels": 7,
        "kind": "road_segment"
      }
    },
    {
      "type": "Feature",
      "geometry": {
        "type": "LineString",
        "coordinates": [
          [
            77,
            73
          ],
          [
            76,
            74
          ]
        ]
      },
      "properties": {
        "source": 115,
        "target": 123,
        "length_pixels": 2,
        "kind": "road_segment"
      }
    },
    {
      "type": "Feature",
      "geometry": {
        "type": "LineString",
        "coordinates": [
          [
            77,
            73
          ],
          [
            77,
            74
          ]
        ]
      },
      "properties": {
        "source": 115,
        "target": 124,
        "length_pixels": 2,
        "kind": "road_segment"
      }
    },
    {
      "type": "Feature",
      "geometry": {
        "type": "LineString",
        "coordinates": [
          [
            77,
            73
          ],
          [
            78,
            74
          ]
        ]
      },
      "properties": {
        "source": 115,
        "target": 125,
        "length_pixels": 2,
        "kind": "road_segment"
      }
    },
    {
      "type": "Feature",
      "geometry": {
        "type": "LineString",
        "coordinates": [
          [
            66,
            74
          ],
          [
            65,
            74
          ]
        ]
      },
      "properties": {
        "source": 118,
        "target": 119,
        "length_pixels": 2,
        "kind": "road_segment"
      }
    },
    {
      "type": "Feature",
      "geometry": {
        "type": "LineString",
        "coordinates": [
          [
            66,
            74
          ],
          [
            67,
            74
          ]
        ]
      },
      "properties": {
        "source": 119,
        "target": 120,
        "length_pixels": 2,
        "kind": "road_segment"
      }
    },
    {
      "type": "Feature",
      "geometry": {
        "type": "LineString",
        "coordinates": [
          [
            68,
            74
          ],
          [
            67,
            74
          ]
        ]
      },
      "properties": {
        "source": 120,
        "target": 121,
        "length_pixels": 2,
        "kind": "road_segment"
      }
    },
    {
      "type": "Feature",
      "geometry": {
        "type": "LineString",
        "coordinates": [
          [
            69,
            74
          ],
          [
            68,
            74
          ]
        ]
      },
      "properties": {
        "source": 121,
        "target": 122,
        "length_pixels": 2,
        "kind": "road_segment"
      }
    },
    {
      "type": "Feature",
      "geometry": {
        "type": "LineString",
        "coordinates": [
          [
            77,
            74
          ],
          [
            76,
            74
          ]
        ]
      },
      "properties": {
        "source": 123,
        "target": 124,
        "length_pixels": 2,
        "kind": "road_segment"
      }
    },
    {
      "type": "Feature",
      "geometry": {
        "type": "LineString",
        "coordinates": [
          [
            78,
            74
          ],
          [
            77,
            74
          ]
        ]
      },
      "properties": {
        "source": 124,
        "target": 125,
        "length_pixels": 2,
        "kind": "road_segment"
      }
    },
    {
      "type": "Feature",
      "geometry": {
        "type": "LineString",
        "coordinates": [
          [
            80,
            75
          ],
          [
            79,
            74
          ],
          [
            78,
            74
          ]
        ]
      },
      "properties": {
        "source": 125,
        "target": 131,
        "length_pixels": 3,
        "kind": "road_segment"
      }
    },
    {
      "type": "Feature",
      "geometry": {
        "type": "LineString",
        "coordinates": [
          [
            81,
            75
          ],
          [
            81,
            74
          ]
        ]
      },
      "properties": {
        "source": 126,
        "target": 132,
        "length_pixels": 2,
        "kind": "road_segment"
      }
    },
    {
      "type": "Feature",
      "geometry": {
        "type": "LineString",
        "coordinates": [
          [
            80,
            75
          ],
          [
            81,
            74
          ]
        ]
      },
      "properties": {
        "source": 126,
        "target": 131,
        "length_pixels": 2,
        "kind": "road_segment"
      }
    },
    {
      "type": "Feature",
      "geometry": {
        "type": "LineString",
        "coordinates": [
          [
            82,
            74
          ],
          [
            81,
            74
          ]
        ]
      },
      "properties": {
        "source": 126,
        "target": 127,
        "length_pixels": 2,
        "kind": "road_segment"
      }
    },
    {
      "type": "Feature",
      "geometry": {
        "type": "LineString",
        "coordinates": [
          [
            82,
            75
          ],
          [
            81,
            74
          ]
        ]
      },
      "properties": {
        "source": 126,
        "target": 133,
        "length_pixels": 2,
        "kind": "road_segment"
      }
    },
    {
      "type": "Feature",
      "geometry": {
        "type": "LineString",
        "coordinates": [
          [
            81,
            75
          ],
          [
            82,
            74
          ]
        ]
      },
      "properties": {
        "source": 127,
        "target": 132,
        "length_pixels": 2,
        "kind": "road_segment"
      }
    },
    {
      "type": "Feature",
      "geometry": {
        "type": "LineString",
        "coordinates": [
          [
            83,
            74
          ],
          [
            82,
            74
          ]
        ]
      },
      "properties": {
        "source": 127,
        "target": 128,
        "length_pixels": 2,
        "kind": "road_segment"
      }
    },
    {
      "type": "Feature",
      "geometry": {
        "type": "LineString",
        "coordinates": [
          [
            82,
            74
          ],
          [
            82,
            75
          ]
        ]
      },
      "properties": {
        "source": 127,
        "target": 133,
        "length_pixels": 2,
        "kind": "road_segment"
      }
    },
    {
      "type": "Feature",
      "geometry": {
        "type": "LineString",
        "coordinates": [
          [
            82,
            74
          ],
          [
            83,
            75
          ]
        ]
      },
      "properties": {
        "source": 127,
        "target": 134,
        "length_pixels": 2,
        "kind": "road_segment"
      }
    },
    {
      "type": "Feature",
      "geometry": {
        "type": "LineString",
        "coordinates": [
          [
            84,
            74
          ],
          [
            83,
            74
          ]
        ]
      },
      "properties": {
        "source": 128,
        "target": 129,
        "length_pixels": 2,
        "kind": "road_segment"
      }
    },
    {
      "type": "Feature",
      "geometry": {
        "type": "LineString",
        "coordinates": [
          [
            83,
            74
          ],
          [
            82,
            75
          ]
        ]
      },
      "properties": {
        "source": 128,
        "target": 133,
        "length_pixels": 2,
        "kind": "road_segment"
      }
    },
    {
      "type": "Feature",
      "geometry": {
        "type": "LineString",
        "coordinates": [
          [
            83,
            74
          ],
          [
            83,
            75
          ]
        ]
      },
      "properties": {
        "source": 128,
        "target": 134,
        "length_pixels": 2,
        "kind": "road_segment"
      }
    },
    {
      "type": "Feature",
      "geometry": {
        "type": "LineString",
        "coordinates": [
          [
            83,
            74
          ],
          [
            84,
            75
          ]
        ]
      },
      "properties": {
        "source": 128,
        "target": 135,
        "length_pixels": 2,
        "kind": "road_segment"
      }
    },
    {
      "type": "Feature",
      "geometry": {
        "type": "LineString",
        "coordinates": [
          [
            84,
            74
          ],
          [
            85,
            74
          ]
        ]
      },
      "properties": {
        "source": 129,
        "target": 130,
        "length_pixels": 2,
        "kind": "road_segment"
      }
    },
    {
      "type": "Feature",
      "geometry": {
        "type": "LineString",
        "coordinates": [
          [
            84,
            74
          ],
          [
            83,
            75
          ]
        ]
      },
      "properties": {
        "source": 129,
        "target": 134,
        "length_pixels": 2,
        "kind": "road_segment"
      }
    },
    {
      "type": "Feature",
      "geometry": {
        "type": "LineString",
        "coordinates": [
          [
            84,
            74
          ],
          [
            84,
            75
          ]
        ]
      },
      "properties": {
        "source": 129,
        "target": 135,
        "length_pixels": 2,
        "kind": "road_segment"
      }
    },
    {
      "type": "Feature",
      "geometry": {
        "type": "LineString",
        "coordinates": [
          [
            97,
            76
          ],
          [
            96,
            76
          ],
          [
            95,
            76
          ],
          [
            94,
            76
          ],
          [
            93,
            76
          ],
          [
            92,
            75
          ],
          [
            91,
            76
          ],
          [
            90,
            75
          ],
          [
            89,
            75
          ],
          [
            88,
            75
          ],
          [
            87,
            75
          ],
          [
            86,
            75
          ],
          [
            85,
            74
          ]
        ]
      },
      "properties": {
        "source": 130,
        "target": 136,
        "length_pixels": 13,
        "kind": "road_segment"
      }
    },
    {
      "type": "Feature",
      "geometry": {
        "type": "LineString",
        "coordinates": [
          [
            84,
            75
          ],
          [
            85,
            74
          ]
        ]
      },
      "properties": {
        "source": 130,
        "target": 135,
        "length_pixels": 2,
        "kind": "road_segment"
      }
    },
    {
      "type": "Feature",
      "geometry": {
        "type": "LineString",
        "coordinates": [
          [
            81,
            75
          ],
          [
            80,
            75
          ]
        ]
      },
      "properties": {
        "source": 131,
        "target": 132,
        "length_pixels": 2,
        "kind": "road_segment"
      }
    },
    {
      "type": "Feature",
      "geometry": {
        "type": "LineString",
        "coordinates": [
          [
            81,
            75
          ],
          [
            82,
            75
          ]
        ]
      },
      "properties": {
        "source": 132,
        "target": 133,
        "length_pixels": 2,
        "kind": "road_segment"
      }
    },
    {
      "type": "Feature",
      "geometry": {
        "type": "LineString",
        "coordinates": [
          [
            83,
            75
          ],
          [
            82,
            75
          ]
        ]
      },
      "properties": {
        "source": 133,
        "target": 134,
        "length_pixels": 2,
        "kind": "road_segment"
      }
    },
    {
      "type": "Feature",
      "geometry": {
        "type": "LineString",
        "coordinates": [
          [
            84,
            75
          ],
          [
            83,
            75
          ]
        ]
      },
      "properties": {
        "source": 134,
        "target": 135,
        "length_pixels": 2,
        "kind": "road_segment"
      }
    },
    {
      "type": "Feature",
      "geometry": {
        "type": "LineString",
        "coordinates": [
          [
            97,
            76
          ],
          [
            98,
            76
          ]
        ]
      },
      "properties": {
        "source": 136,
        "target": 137,
        "length_pixels": 2,
        "kind": "road_segment"
      }
    },
    {
      "type": "Feature",
      "geometry": {
        "type": "LineString",
        "coordinates": [
          [
            97,
            76
          ],
          [
            98,
            77
          ]
        ]
      },
      "properties": {
        "source": 136,
        "target": 142,
        "length_pixels": 2,
        "kind": "road_segment"
      }
    },
    {
      "type": "Feature",
      "geometry": {
        "type": "LineString",
        "coordinates": [
          [
            98,
            77
          ],
          [
            98,
            76
          ]
        ]
      },
      "properties": {
        "source": 137,
        "target": 142,
        "length_pixels": 2,
        "kind": "road_segment"
      }
    },
    {
      "type": "Feature",
      "geometry": {
        "type": "LineString",
        "coordinates": [
          [
            99,
            76
          ],
          [
            98,
            76
          ]
        ]
      },
      "properties": {
        "source": 137,
        "target": 138,
        "length_pixels": 2,
        "kind": "road_segment"
      }
    },
    {
      "type": "Feature",
      "geometry": {
        "type": "LineString",
        "coordinates": [
          [
            98,
            77
          ],
          [
            99,
            76
          ]
        ]
      },
      "properties": {
        "source": 138,
        "target": 142,
        "length_pixels": 2,
        "kind": "road_segment"
      }
    },
    {
      "type": "Feature",
      "geometry": {
        "type": "LineString",
        "coordinates": [
          [
            99,
            76
          ],
          [
            100,
            76
          ],
          [
            101,
            76
          ],
          [
            102,
            76
          ],
          [
            103,
            76
          ],
          [
            104,
            76
          ],
          [
            105,
            76
          ],
          [
            106,
            76
          ],
          [
            107,
            76
          ],
          [
            108,
            76
          ],
          [
            109,
            77
          ]
        ]
      },
      "properties": {
        "source": 138,
        "target": 143,
        "length_pixels": 11,
        "kind": "road_segment"
      }
    },
    {
      "type": "Feature",
      "geometry": {
        "type": "LineString",
        "coordinates": [
          [
            111,
            76
          ],
          [
            110,
            76
          ]
        ]
      },
      "properties": {
        "source": 139,
        "target": 140,
        "length_pixels": 2,
        "kind": "road_segment"
      }
    },
    {
      "type": "Feature",
      "geometry": {
        "type": "LineString",
        "coordinates": [
          [
            110,
            76
          ],
          [
            109,
            77
          ]
        ]
      },
      "properties": {
        "source": 139,
        "target": 143,
        "length_pixels": 2,
        "kind": "road_segment"
      }
    },
    {
      "type": "Feature",
      "geometry": {
        "type": "LineString",
        "coordinates": [
          [
            110,
            76
          ],
          [
            110,
            77
          ]
        ]
      },
      "properties": {
        "source": 139,
        "target": 144,
        "length_pixels": 2,
        "kind": "road_segment"
      }
    },
    {
      "type": "Feature",
      "geometry": {
        "type": "LineString",
        "coordinates": [
          [
            110,
            76
          ],
          [
            111,
            77
          ]
        ]
      },
      "properties": {
        "source": 139,
        "target": 145,
        "length_pixels": 2,
        "kind": "road_segment"
      }
    },
    {
      "type": "Feature",
      "geometry": {
        "type": "LineString",
        "coordinates": [
          [
            111,
            76
          ],
          [
            112,
            76
          ]
        ]
      },
      "properties": {
        "source": 140,
        "target": 141,
        "length_pixels": 2,
        "kind": "road_segment"
      }
    },
    {
      "type": "Feature",
      "geometry": {
        "type": "LineString",
        "coordinates": [
          [
            111,
            76
          ],
          [
            110,
            77
          ]
        ]
      },
      "properties": {
        "source": 140,
        "target": 144,
        "length_pixels": 2,
        "kind": "road_segment"
      }
    },
    {
      "type": "Feature",
      "geometry": {
        "type": "LineString",
        "coordinates": [
          [
            111,
            76
          ],
          [
            111,
            77
          ]
        ]
      },
      "properties": {
        "source": 140,
        "target": 145,
        "length_pixels": 2,
        "kind": "road_segment"
      }
    },
    {
      "type": "Feature",
      "geometry": {
        "type": "LineString",
        "coordinates": [
          [
            126,
            77
          ],
          [
            125,
            77
          ],
          [
            124,
            77
          ],
          [
            123,
            77
          ],
          [
            122,
            77
          ],
          [
            121,
            77
          ],
          [
            120,
            77
          ],
          [
            119,
            77
          ],
          [
            118,
            77
          ],
          [
            117,
            77
          ],
          [
            116,
            77
          ],
          [
            115,
            77
          ],
          [
            114,
            77
          ],
          [
            113,
            77
          ],
          [
            112,
            76
          ]
        ]
      },
      "properties": {
        "source": 141,
        "target": 146,
        "length_pixels": 15,
        "kind": "road_segment"
      }
    },
    {
      "type": "Feature",
      "geometry": {
        "type": "LineString",
        "coordinates": [
          [
            111,
            77
          ],
          [
            112,
            76
          ]
        ]
      },
      "properties": {
        "source": 141,
        "target": 145,
        "length_pixels": 2,
        "kind": "road_segment"
      }
    },
    {
      "type": "Feature",
      "geometry": {
        "type": "LineString",
        "coordinates": [
          [
            110,
            77
          ],
          [
            109,
            77
          ]
        ]
      },
      "properties": {
        "source": 143,
        "target": 144,
        "length_pixels": 2,
        "kind": "road_segment"
      }
    },
    {
      "type": "Feature",
      "geometry": {
        "type": "LineString",
        "coordinates": [
          [
            111,
            77
          ],
          [
            110,
            77
          ]
        ]
      },
      "properties": {
        "source": 144,
        "target": 145,
        "length_pixels": 2,
        "kind": "road_segment"
      }
    },
    {
      "type": "Feature",
      "geometry": {
        "type": "LineString",
        "coordinates": [
          [
            126,
            77
          ],
          [
            127,
            77
          ]
        ]
      },
      "properties": {
        "source": 146,
        "target": 147,
        "length_pixels": 2,
        "kind": "road_segment"
      }
    },
    {
      "type": "Feature",
      "geometry": {
        "type": "LineString",
        "coordinates": [
          [
            126,
            77
          ],
          [
            127,
            78
          ]
        ]
      },
      "properties": {
        "source": 146,
        "target": 149,
        "length_pixels": 2,
        "kind": "road_segment"
      }
    },
    {
      "type": "Feature",
      "geometry": {
        "type": "LineString",
        "coordinates": [
          [
            128,
            78
          ],
          [
            127,
            77
          ]
        ]
      },
      "properties": {
        "source": 147,
        "target": 150,
        "length_pixels": 2,
        "kind": "road_segment"
      }
    },
    {
      "type": "Feature",
      "geometry": {
        "type": "LineString",
        "coordinates": [
          [
            127,
            78
          ],
          [
            127,
            77
          ]
        ]
      },
      "properties": {
        "source": 147,
        "target": 149,
        "length_pixels": 2,
        "kind": "road_segment"
      }
    },
    {
      "type": "Feature",
      "geometry": {
        "type": "LineString",
        "coordinates": [
          [
            128,
            77
          ],
          [
            127,
            77
          ]
        ]
      },
      "properties": {
        "source": 147,
        "target": 148,
        "length_pixels": 2,
        "kind": "road_segment"
      }
    },
    {
      "type": "Feature",
      "geometry": {
        "type": "LineString",
        "coordinates": [
          [
            128,
            78
          ],
          [
            128,
            77
          ]
        ]
      },
      "properties": {
        "source": 148,
        "target": 150,
        "length_pixels": 2,
        "kind": "road_segment"
      }
    },
    {
      "type": "Feature",
      "geometry": {
        "type": "LineString",
        "coordinates": [
          [
            127,
            78
          ],
          [
            128,
            77
          ]
        ]
      },
      "properties": {
        "source": 148,
        "target": 149,
        "length_pixels": 2,
        "kind": "road_segment"
      }
    },
    {
      "type": "Feature",
      "geometry": {
        "type": "LineString",
        "coordinates": [
          [
            129,
            78
          ],
          [
            128,
            77
          ]
        ]
      },
      "properties": {
        "source": 148,
        "target": 151,
        "length_pixels": 2,
        "kind": "road_segment"
      }
    },
    {
      "type": "Feature",
      "geometry": {
        "type": "LineString",
        "coordinates": [
          [
            128,
            78
          ],
          [
            127,
            78
          ]
        ]
      },
      "properties": {
        "source": 149,
        "target": 150,
        "length_pixels": 2,
        "kind": "road_segment"
      }
    },
    {
      "type": "Feature",
      "geometry": {
        "type": "LineString",
        "coordinates": [
          [
            128,
            78
          ],
          [
            129,
            78
          ]
        ]
      },
      "properties": {
        "source": 150,
        "target": 151,
        "length_pixels": 2,
        "kind": "road_segment"
      }
    },
    {
      "type": "Feature",
      "geometry": {
        "type": "LineString",
        "coordinates": [
          [
            133,
            79
          ],
          [
            132,
            78
          ],
          [
            131,
            78
          ],
          [
            130,
            78
          ],
          [
            129,
            78
          ]
        ]
      },
      "properties": {
        "source": 151,
        "target": 158,
        "length_pixels": 5,
        "kind": "road_segment"
      }
    },
    {
      "type": "Feature",
      "geometry": {
        "type": "LineString",
        "coordinates": [
          [
            135,
            79
          ],
          [
            134,
            78
          ]
        ]
      },
      "properties": {
        "source": 152,
        "target": 160,
        "length_pixels": 2,
        "kind": "road_segment"
      }
    },
    {
      "type": "Feature",
      "geometry": {
        "type": "LineString",
        "coordinates": [
          [
            134,
            79
          ],
          [
            134,
            78
          ]
        ]
      },
      "properties": {
        "source": 152,
        "target": 159,
        "length_pixels": 2,
        "kind": "road_segment"
      }
    },
    {
      "type": "Feature",
      "geometry": {
        "type": "LineString",
        "coordinates": [
          [
            133,
            79
          ],
          [
            134,
            78
          ]
        ]
      },
      "properties": {
        "source": 152,
        "target": 158,
        "length_pixels": 2,
        "kind": "road_segment"
      }
    },
    {
      "type": "Feature",
      "geometry": {
        "type": "LineString",
        "coordinates": [
          [
            135,
            78
          ],
          [
            134,
            78
          ]
        ]
      },
      "properties": {
        "source": 152,
        "target": 153,
        "length_pixels": 2,
        "kind": "road_segment"
      }
    },
    {
      "type": "Feature",
      "geometry": {
        "type": "LineString",
        "coordinates": [
          [
            135,
            79
          ],
          [
            135,
            78
          ]
        ]
      },
      "properties": {
        "source": 153,
        "target": 160,
        "length_pixels": 2,
        "kind": "road_segment"
      }
    },
    {
      "type": "Feature",
      "geometry": {
        "type": "LineString",
        "coordinates": [
          [
            134,
            79
          ],
          [
            135,
            78
          ]
        ]
      },
      "properties": {
        "source": 153,
        "target": 159,
        "length_pixels": 2,
        "kind": "road_segment"
      }
    },
    {
      "type": "Feature",
      "geometry": {
        "type": "LineString",
        "coordinates": [
          [
            136,
            78
          ],
          [
            135,
            78
          ]
        ]
      },
      "properties": {
        "source": 153,
        "target": 154,
        "length_pixels": 2,
        "kind": "road_segment"
      }
    },
    {
      "type": "Feature",
      "geometry": {
        "type": "LineString",
        "coordinates": [
          [
            135,
            78
          ],
          [
            136,
            79
          ]
        ]
      },
      "properties": {
        "source": 153,
        "target": 161,
        "length_pixels": 2,
        "kind": "road_segment"
      }
    },
    {
      "type": "Feature",
      "geometry": {
        "type": "LineString",
        "coordinates": [
          [
            135,
            79
          ],
          [
            136,
            78
          ]
        ]
      },
      "properties": {
        "source": 154,
        "target": 160,
        "length_pixels": 2,
        "kind": "road_segment"
      }
    },
    {
      "type": "Feature",
      "geometry": {
        "type": "LineString",
        "coordinates": [
          [
            137,
            78
          ],
          [
            136,
            78
          ]
        ]
      },
      "properties": {
        "source": 154,
        "target": 155,
        "length_pixels": 2,
        "kind": "road_segment"
      }
    },
    {
      "type": "Feature",
      "geometry": {
        "type": "LineString",
        "coordinates": [
          [
            136,
            78
          ],
          [
            136,
            79
          ]
        ]
      },
      "properties": {
        "source": 154,
        "target": 161,
        "length_pixels": 2,
        "kind": "road_segment"
      }
    },
    {
      "type": "Feature",
      "geometry": {
        "type": "LineString",
        "coordinates": [
          [
            136,
            78
          ],
          [
            137,
            79
          ]
        ]
      },
      "properties": {
        "source": 154,
        "target": 162,
        "length_pixels": 2,
        "kind": "road_segment"
      }
    },
    {
      "type": "Feature",
      "geometry": {
        "type": "LineString",
        "coordinates": [
          [
            138,
            78
          ],
          [
            137,
            78
          ]
        ]
      },
      "properties": {
        "source": 155,
        "target": 156,
        "length_pixels": 2,
        "kind": "road_segment"
      }
    },
    {
      "type": "Feature",
      "geometry": {
        "type": "LineString",
        "coordinates": [
          [
            137,
            78
          ],
          [
            136,
            79
          ]
        ]
      },
      "properties": {
        "source": 155,
        "target": 161,
        "length_pixels": 2,
        "kind": "road_segment"
      }
    },
    {
      "type": "Feature",
      "geometry": {
        "type": "LineString",
        "coordinates": [
          [
            137,
            78
          ],
          [
            137,
            79
          ]
        ]
      },
      "properties": {
        "source": 155,
        "target": 162,
        "length_pixels": 2,
        "kind": "road_segment"
      }
    },
    {
      "type": "Feature",
      "geometry": {
        "type": "LineString",
        "coordinates": [
          [
            137,
            78
          ],
          [
            138,
            79
          ]
        ]
      },
      "properties": {
        "source": 155,
        "target": 163,
        "length_pixels": 2,
        "kind": "road_segment"
      }
    },
    {
      "type": "Feature",
      "geometry": {
        "type": "LineString",
        "coordinates": [
          [
            138,
            78
          ],
          [
            139,
            78
          ]
        ]
      },
      "properties": {
        "source": 156,
        "target": 157,
        "length_pixels": 2,
        "kind": "road_segment"
      }
    },
    {
      "type": "Feature",
      "geometry": {
        "type": "LineString",
        "coordinates": [
          [
            138,
            78
          ],
          [
            137,
            79
          ]
        ]
      },
      "properties": {
        "source": 156,
        "target": 162,
        "length_pixels": 2,
        "kind": "road_segment"
      }
    },
    {
      "type": "Feature",
      "geometry": {
        "type": "LineString",
        "coordinates": [
          [
            138,
            78
          ],
          [
            138,
            79
          ]
        ]
      },
      "properties": {
        "source": 156,
        "target": 163,
        "length_pixels": 2,
        "kind": "road_segment"
      }
    },
    {
      "type": "Feature",
      "geometry": {
        "type": "LineString",
        "coordinates": [
          [
            138,
            79
          ],
          [
            139,
            78
          ]
        ]
      },
      "properties": {
        "source": 157,
        "target": 163,
        "length_pixels": 2,
        "kind": "road_segment"
      }
    },
    {
      "type": "Feature",
      "geometry": {
        "type": "LineString",
        "coordinates": [
          [
            139,
            78
          ],
          [
            140,
            79
          ],
          [
            141,
            79
          ],
          [
            142,
            79
          ],
          [
            143,
            79
          ],
          [
            144,
            79
          ],
          [
            145,
            80
          ],
          [
            146,
            79
          ],
          [
            147,
            80
          ],
          [
            148,
            80
          ],
          [
            149,
            80
          ],
          [
            150,
            80
          ],
          [
            151,
            80
          ],
          [
            152,
            80
          ],
          [
            153,
            80
          ],
          [
            154,
            80
          ],
          [
            155,
            80
          ],
          [
            156,
            80
          ]
        ]
      },
      "properties": {
        "source": 157,
        "target": 164,
        "length_pixels": 18,
        "kind": "road_segment"
      }
    },
    {
      "type": "Feature",
      "geometry": {
        "type": "LineString",
        "coordinates": [
          [
            134,
            79
          ],
          [
            133,
            79
          ]
        ]
      },
      "properties": {
        "source": 158,
        "target": 159,
        "length_pixels": 2,
        "kind": "road_segment"
      }
    },
    {
      "type": "Feature",
      "geometry": {
        "type": "LineString",
        "coordinates": [
          [
            135,
            79
          ],
          [
            134,
            79
          ]
        ]
      },
      "properties": {
        "source": 159,
        "target": 160,
        "length_pixels": 2,
        "kind": "road_segment"
      }
    },
    {
      "type": "Feature",
      "geometry": {
        "type": "LineString",
        "coordinates": [
          [
            135,
            79
          ],
          [
            136,
            79
          ]
        ]
      },
      "properties": {
        "source": 160,
        "target": 161,
        "length_pixels": 2,
        "kind": "road_segment"
      }
    },
    {
      "type": "Feature",
      "geometry": {
        "type": "LineString",
        "coordinates": [
          [
            137,
            79
          ],
          [
            136,
            79
          ]
        ]
      },
      "properties": {
        "source": 161,
        "target": 162,
        "length_pixels": 2,
        "kind": "road_segment"
      }
    },
    {
      "type": "Feature",
      "geometry": {
        "type": "LineString",
        "coordinates": [
          [
            138,
            79
          ],
          [
            137,
            79
          ]
        ]
      },
      "properties": {
        "source": 162,
        "target": 163,
        "length_pixels": 2,
        "kind": "road_segment"
      }
    },
    {
      "type": "Feature",
      "geometry": {
        "type": "LineString",
        "coordinates": [
          [
            157,
            80
          ],
          [
            156,
            80
          ]
        ]
      },
      "properties": {
        "source": 164,
        "target": 165,
        "length_pixels": 2,
        "kind": "road_segment"
      }
    },
    {
      "type": "Feature",
      "geometry": {
        "type": "LineString",
        "coordinates": [
          [
            156,
            80
          ],
          [
            157,
            81
          ]
        ]
      },
      "properties": {
        "source": 164,
        "target": 175,
        "length_pixels": 2,
        "kind": "road_segment"
      }
    },
    {
      "type": "Feature",
      "geometry": {
        "type": "LineString",
        "coordinates": [
          [
            158,
            80
          ],
          [
            157,
            80
          ]
        ]
      },
      "properties": {
        "source": 165,
        "target": 166,
        "length_pixels": 2,
        "kind": "road_segment"
      }
    },
    {
      "type": "Feature",
      "geometry": {
        "type": "LineString",
        "coordinates": [
          [
            157,
            80
          ],
          [
            157,
            81
          ]
        ]
      },
      "properties": {
        "source": 165,
        "target": 175,
        "length_pixels": 2,
        "kind": "road_segment"
      }
    },
    {
      "type": "Feature",
      "geometry": {
        "type": "LineString",
        "coordinates": [
          [
            157,
            80
          ],
          [
            158,
            81
          ]
        ]
      },
      "properties": {
        "source": 165,
        "target": 176,
        "length_pixels": 2,
        "kind": "road_segment"
      }
    },
    {
      "type": "Feature",
      "geometry": {
        "type": "LineString",
        "coordinates": [
          [
            159,
            80
          ],
          [
            158,
            80
          ]
        ]
      },
      "properties": {
        "source": 166,
        "target": 167,
        "length_pixels": 2,
        "kind": "road_segment"
      }
    },
    {
      "type": "Feature",
      "geometry": {
        "type": "LineString",
        "coordinates": [
          [
            158,
            80
          ],
          [
            157,
            81
          ]
        ]
      },
      "properties": {
        "source": 166,
        "target": 175,
        "length_pixels": 2,
        "kind": "road_segment"
      }
    },
    {
      "type": "Feature",
      "geometry": {
        "type": "LineString",
        "coordinates": [
          [
            158,
            80
          ],
          [
            158,
            81
          ]
        ]
      },
      "properties": {
        "source": 166,
        "target": 176,
        "length_pixels": 2,
        "kind": "road_segment"
      }
    },
    {
      "type": "Feature",
      "geometry": {
        "type": "LineString",
        "coordinates": [
          [
            158,
            80
          ],
          [
            159,
            81
          ]
        ]
      },
      "properties": {
        "source": 166,
        "target": 177,
        "length_pixels": 2,
        "kind": "road_segment"
      }
    },
    {
      "type": "Feature",
      "geometry": {
        "type": "LineString",
        "coordinates": [
          [
            159,
            80
          ],
          [
            160,
            80
          ]
        ]
      },
      "properties": {
        "source": 167,
        "target": 168,
        "length_pixels": 2,
        "kind": "road_segment"
      }
    },
    {
      "type": "Feature",
      "geometry": {
        "type": "LineString",
        "coordinates": [
          [
            159,
            80
          ],
          [
            158,
            81
          ]
        ]
      },
      "properties": {
        "source": 167,
        "target": 176,
        "length_pixels": 2,
        "kind": "road_segment"
      }
    },
    {
      "type": "Feature",
      "geometry": {
        "type": "LineString",
        "coordinates": [
          [
            159,
            80
          ],
          [
            159,
            81
          ]
        ]
      },
      "properties": {
        "source": 167,
        "target": 177,
        "length_pixels": 2,
        "kind": "road_segment"
      }
    },
    {
      "type": "Feature",
      "geometry": {
        "type": "LineString",
        "coordinates": [
          [
            159,
            80
          ],
          [
            160,
            81
          ]
        ]
      },
      "properties": {
        "source": 167,
        "target": 178,
        "length_pixels": 2,
        "kind": "road_segment"
      }
    },
    {
      "type": "Feature",
      "geometry": {
        "type": "LineString",
        "coordinates": [
          [
            161,
            81
          ],
          [
            160,
            80
          ]
        ]
      },
      "properties": {
        "source": 168,
        "target": 179,
        "length_pixels": 2,
        "kind": "road_segment"
      }
    },
    {
      "type": "Feature",
      "geometry": {
        "type": "LineString",
        "coordinates": [
          [
            160,
            81
          ],
          [
            160,
            80
          ]
        ]
      },
      "properties": {
        "source": 168,
        "target": 178,
        "length_pixels": 2,
        "kind": "road_segment"
      }
    },
    {
      "type": "Feature",
      "geometry": {
        "type": "LineString",
        "coordinates": [
          [
            159,
            81
          ],
          [
            160,
            80
          ]
        ]
      },
      "properties": {
        "source": 168,
        "target": 177,
        "length_pixels": 2,
        "kind": "road_segment"
      }
    },
    {
      "type": "Feature",
      "geometry": {
        "type": "LineString",
        "coordinates": [
          [
            161,
            80
          ],
          [
            160,
            80
          ]
        ]
      },
      "properties": {
        "source": 168,
        "target": 169,
        "length_pixels": 2,
        "kind": "road_segment"
      }
    },
    {
      "type": "Feature",
      "geometry": {
        "type": "LineString",
        "coordinates": [
          [
            161,
            81
          ],
          [
            161,
            80
          ]
        ]
      },
      "properties": {
        "source": 169,
        "target": 179,
        "length_pixels": 2,
        "kind": "road_segment"
      }
    },
    {
      "type": "Feature",
      "geometry": {
        "type": "LineString",
        "coordinates": [
          [
            160,
            81
          ],
          [
            161,
            80
          ]
        ]
      },
      "properties": {
        "source": 169,
        "target": 178,
        "length_pixels": 2,
        "kind": "road_segment"
      }
    },
    {
      "type": "Feature",
      "geometry": {
        "type": "LineString",
        "coordinates": [
          [
            162,
            80
          ],
          [
            161,
            80
          ]
        ]
      },
      "properties": {
        "source": 169,
        "target": 170,
        "length_pixels": 2,
        "kind": "road_segment"
      }
    },
    {
      "type": "Feature",
      "geometry": {
        "type": "LineString",
        "coordinates": [
          [
            161,
            80
          ],
          [
            162,
            81
          ]
        ]
      },
      "properties": {
        "source": 169,
        "target": 180,
        "length_pixels": 2,
        "kind": "road_segment"
      }
    },
    {
      "type": "Feature",
      "geometry": {
        "type": "LineString",
        "coordinates": [
          [
            161,
            81
          ],
          [
            162,
            80
          ]
        ]
      },
      "properties": {
        "source": 170,
        "target": 179,
        "length_pixels": 2,
        "kind": "road_segment"
      }
    },
    {
      "type": "Feature",
      "geometry": {
        "type": "LineString",
        "coordinates": [
          [
            163,
            80
          ],
          [
            162,
            80
          ]
        ]
      },
      "properties": {
        "source": 170,
        "target": 171,
        "length_pixels": 2,
        "kind": "road_segment"
      }
    },
    {
      "type": "Feature",
      "geometry": {
        "type": "LineString",
        "coordinates": [
          [
            162,
            80
          ],
          [
            162,
            81
          ]
        ]
      },
      "properties": {
        "source": 170,
        "target": 180,
        "length_pixels": 2,
        "kind": "road_segment"
      }
    },
    {
      "type": "Feature",
      "geometry": {
        "type": "LineString",
        "coordinates": [
          [
            162,
            80
          ],
          [
            163,
            81
          ]
        ]
      },
      "properties": {
        "source": 170,
        "target": 181,
        "length_pixels": 2,
        "kind": "road_segment"
      }
    },
    {
      "type": "Feature",
      "geometry": {
        "type": "LineString",
        "coordinates": [
          [
            164,
            80
          ],
          [
            163,
            80
          ]
        ]
      },
      "properties": {
        "source": 171,
        "target": 172,
        "length_pixels": 2,
        "kind": "road_segment"
      }
    },
    {
      "type": "Feature",
      "geometry": {
        "type": "LineString",
        "coordinates": [
          [
            163,
            80
          ],
          [
            162,
            81
          ]
        ]
      },
      "properties": {
        "source": 171,
        "target": 180,
        "length_pixels": 2,
        "kind": "road_segment"
      }
    },
    {
      "type": "Feature",
      "geometry": {
        "type": "LineString",
        "coordinates": [
          [
            163,
            80
          ],
          [
            163,
            81
          ]
        ]
      },
      "properties": {
        "source": 171,
        "target": 181,
        "length_pixels": 2,
        "kind": "road_segment"
      }
    },
    {
      "type": "Feature",
      "geometry": {
        "type": "LineString",
        "coordinates": [
          [
            163,
            80
          ],
          [
            164,
            81
          ]
        ]
      },
      "properties": {
        "source": 171,
        "target": 182,
        "length_pixels": 2,
        "kind": "road_segment"
      }
    },
    {
      "type": "Feature",
      "geometry": {
        "type": "LineString",
        "coordinates": [
          [
            164,
            80
          ],
          [
            163,
            81
          ]
        ]
      },
      "properties": {
        "source": 172,
        "target": 181,
        "length_pixels": 2,
        "kind": "road_segment"
      }
    },
    {
      "type": "Feature",
      "geometry": {
        "type": "LineString",
        "coordinates": [
          [
            164,
            80
          ],
          [
            164,
            81
          ]
        ]
      },
      "properties": {
        "source": 172,
        "target": 182,
        "length_pixels": 2,
        "kind": "road_segment"
      }
    },
    {
      "type": "Feature",
      "geometry": {
        "type": "LineString",
        "coordinates": [
          [
            164,
            80
          ],
          [
            165,
            81
          ]
        ]
      },
      "properties": {
        "source": 172,
        "target": 183,
        "length_pixels": 2,
        "kind": "road_segment"
      }
    },
    {
      "type": "Feature",
      "geometry": {
        "type": "LineString",
        "coordinates": [
          [
            168,
            80
          ],
          [
            169,
            80
          ]
        ]
      },
      "properties": {
        "source": 173,
        "target": 174,
        "length_pixels": 2,
        "kind": "road_segment"
      }
    },
    {
      "type": "Feature",
      "geometry": {
        "type": "LineString",
        "coordinates": [
          [
            168,
            80
          ],
          [
            167,
            81
          ]
        ]
      },
      "properties": {
        "source": 173,
        "target": 184,
        "length_pixels": 2,
        "kind": "road_segment"
      }
    },
    {
      "type": "Feature",
      "geometry": {
        "type": "LineString",
        "coordinates": [
          [
            168,
            80
          ],
          [
            168,
            81
          ]
        ]
      },
      "properties": {
        "source": 173,
        "target": 185,
        "length_pixels": 2,
        "kind": "road_segment"
      }
    },
    {
      "type": "Feature",
      "geometry": {
        "type": "LineString",
        "coordinates": [
          [
            168,
            80
          ],
          [
            169,
            81
          ]
        ]
      },
      "properties": {
        "source": 173,
        "target": 186,
        "length_pixels": 2,
        "kind": "road_segment"
      }
    },
    {
      "type": "Feature",
      "geometry": {
        "type": "LineString",
        "coordinates": [
          [
            170,
            81
          ],
          [
            169,
            80
          ]
        ]
      },
      "properties": {
        "source": 174,
        "target": 187,
        "length_pixels": 2,
        "kind": "road_segment"
      }
    },
    {
      "type": "Feature",
      "geometry": {
        "type": "LineString",
        "coordinates": [
          [
            169,
            81
          ],
          [
            169,
            80
          ]
        ]
      },
      "properties": {
        "source": 174,
        "target": 186,
        "length_pixels": 2,
        "kind": "road_segment"
      }
    },
    {
      "type": "Feature",
      "geometry": {
        "type": "LineString",
        "coordinates": [
          [
            168,
            81
          ],
          [
            169,
            80
          ]
        ]
      },
      "properties": {
        "source": 174,
        "target": 185,
        "length_pixels": 2,
        "kind": "road_segment"
      }
    },
    {
      "type": "Feature",
      "geometry": {
        "type": "LineString",
        "coordinates": [
          [
            158,
            81
          ],
          [
            157,
            81
          ]
        ]
      },
      "properties": {
        "source": 175,
        "target": 176,
        "length_pixels": 2,
        "kind": "road_segment"
      }
    },
    {
      "type": "Feature",
      "geometry": {
        "type": "LineString",
        "coordinates": [
          [
            159,
            81
          ],
          [
            158,
            81
          ]
        ]
      },
      "properties": {
        "source": 176,
        "target": 177,
        "length_pixels": 2,
        "kind": "road_segment"
      }
    },
    {
      "type": "Feature",
      "geometry": {
        "type": "LineString",
        "coordinates": [
          [
            160,
            81
          ],
          [
            159,
            81
          ]
        ]
      },
      "properties": {
        "source": 177,
        "target": 178,
        "length_pixels": 2,
        "kind": "road_segment"
      }
    },
    {
      "type": "Feature",
      "geometry": {
        "type": "LineString",
        "coordinates": [
          [
            161,
            81
          ],
          [
            160,
            81
          ]
        ]
      },
      "properties": {
        "source": 178,
        "target": 179,
        "length_pixels": 2,
        "kind": "road_segment"
      }
    },
    {
      "type": "Feature",
      "geometry": {
        "type": "LineString",
        "coordinates": [
          [
            161,
            81
          ],
          [
            162,
            81
          ]
        ]
      },
      "properties": {
        "source": 179,
        "target": 180,
        "length_pixels": 2,
        "kind": "road_segment"
      }
    },
    {
      "type": "Feature",
      "geometry": {
        "type": "LineString",
        "coordinates": [
          [
            163,
            81
          ],
          [
            162,
            81
          ]
        ]
      },
      "properties": {
        "source": 180,
        "target": 181,
        "length_pixels": 2,
        "kind": "road_segment"
      }
    },
    {
      "type": "Feature",
      "geometry": {
        "type": "LineString",
        "coordinates": [
          [
            164,
            81
          ],
          [
            163,
            81
          ]
        ]
      },
      "properties": {
        "source": 181,
        "target": 182,
        "length_pixels": 2,
        "kind": "road_segment"
      }
    },
    {
      "type": "Feature",
      "geometry": {
        "type": "LineString",
        "coordinates": [
          [
            165,
            81
          ],
          [
            164,
            81
          ]
        ]
      },
      "properties": {
        "source": 182,
        "target": 183,
        "length_pixels": 2,
        "kind": "road_segment"
      }
    },
    {
      "type": "Feature",
      "geometry": {
        "type": "LineString",
        "coordinates": [
          [
            165,
            81
          ],
          [
            166,
            80
          ],
          [
            167,
            81
          ]
        ]
      },
      "properties": {
        "source": 183,
        "target": 184,
        "length_pixels": 3,
        "kind": "road_segment"
      }
    },
    {
      "type": "Feature",
      "geometry": {
        "type": "LineString",
        "coordinates": [
          [
            168,
            81
          ],
          [
            167,
            81
          ]
        ]
      },
      "properties": {
        "source": 184,
        "target": 185,
        "length_pixels": 2,
        "kind": "road_segment"
      }
    },
    {
      "type": "Feature",
      "geometry": {
        "type": "LineString",
        "coordinates": [
          [
            169,
            81
          ],
          [
            168,
            81
          ]
        ]
      },
      "properties": {
        "source": 185,
        "target": 186,
        "length_pixels": 2,
        "kind": "road_segment"
      }
    },
    {
      "type": "Feature",
      "geometry": {
        "type": "LineString",
        "coordinates": [
          [
            170,
            81
          ],
          [
            169,
            81
          ]
        ]
      },
      "properties": {
        "source": 186,
        "target": 187,
        "length_pixels": 2,
        "kind": "road_segment"
      }
    },
    {
      "type": "Feature",
      "geometry": {
        "type": "LineString",
        "coordinates": [
          [
            170,
            81
          ],
          [
            171,
            81
          ],
          [
            172,
            81
          ],
          [
            173,
            81
          ],
          [
            174,
            81
          ]
        ]
      },
      "properties": {
        "source": 187,
        "target": 188,
        "length_pixels": 5,
        "kind": "road_segment"
      }
    },
    {
      "type": "Feature",
      "geometry": {
        "type": "LineString",
        "coordinates": [
          [
            175,
            81
          ],
          [
            174,
            81
          ]
        ]
      },
      "properties": {
        "source": 188,
        "target": 189,
        "length_pixels": 2,
        "kind": "road_segment"
      }
    },
    {
      "type": "Feature",
      "geometry": {
        "type": "LineString",
        "coordinates": [
          [
            174,
            81
          ],
          [
            175,
            82
          ]
        ]
      },
      "properties": {
        "source": 188,
        "target": 196,
        "length_pixels": 2,
        "kind": "road_segment"
      }
    },
    {
      "type": "Feature",
      "geometry": {
        "type": "LineString",
        "coordinates": [
          [
            175,
            81
          ],
          [
            176,
            81
          ]
        ]
      },
      "properties": {
        "source": 189,
        "target": 190,
        "length_pixels": 2,
        "kind": "road_segment"
      }
    },
    {
      "type": "Feature",
      "geometry": {
        "type": "LineString",
        "coordinates": [
          [
            175,
            81
          ],
          [
            175,
            82
          ]
        ]
      },
      "properties": {
        "source": 189,
        "target": 196,
        "length_pixels": 2,
        "kind": "road_segment"
      }
    },
    {
      "type": "Feature",
      "geometry": {
        "type": "LineString",
        "coordinates": [
          [
            175,
            81
          ],
          [
            176,
            82
          ]
        ]
      },
      "properties": {
        "source": 189,
        "target": 197,
        "length_pixels": 2,
        "kind": "road_segment"
      }
    },
    {
      "type": "Feature",
      "geometry": {
        "type": "LineString",
        "coordinates": [
          [
            177,
            82
          ],
          [
            176,
            81
          ]
        ]
      },
      "properties": {
        "source": 190,
        "target": 198,
        "length_pixels": 2,
        "kind": "road_segment"
      }
    },
    {
      "type": "Feature",
      "geometry": {
        "type": "LineString",
        "coordinates": [
          [
            176,
            82
          ],
          [
            176,
            81
          ]
        ]
      },
      "properties": {
        "source": 190,
        "target": 197,
        "length_pixels": 2,
        "kind": "road_segment"
      }
    },
    {
      "type": "Feature",
      "geometry": {
        "type": "LineString",
        "coordinates": [
          [
            175,
            82
          ],
          [
            176,
            81
          ]
        ]
      },
      "properties": {
        "source": 190,
        "target": 196,
        "length_pixels": 2,
        "kind": "road_segment"
      }
    },
    {
      "type": "Feature",
      "geometry": {
        "type": "LineString",
        "coordinates": [
          [
            177,
            81
          ],
          [
            176,
            81
          ]
        ]
      },
      "properties": {
        "source": 190,
        "target": 191,
        "length_pixels": 2,
        "kind": "road_segment"
      }
    },
    {
      "type": "Feature",
      "geometry": {
        "type": "LineString",
        "coordinates": [
          [
            177,
            82
          ],
          [
            177,
            81
          ]
        ]
      },
      "properties": {
        "source": 191,
        "target": 198,
        "length_pixels": 2,
        "kind": "road_segment"
      }
    },
    {
      "type": "Feature",
      "geometry": {
        "type": "LineString",
        "coordinates": [
          [
            176,
            82
          ],
          [
            177,
            81
          ]
        ]
      },
      "properties": {
        "source": 191,
        "target": 197,
        "length_pixels": 2,
        "kind": "road_segment"
      }
    },
    {
      "type": "Feature",
      "geometry": {
        "type": "LineString",
        "coordinates": [
          [
            178,
            81
          ],
          [
            177,
            81
          ]
        ]
      },
      "properties": {
        "source": 191,
        "target": 192,
        "length_pixels": 2,
        "kind": "road_segment"
      }
    },
    {
      "type": "Feature",
      "geometry": {
        "type": "LineString",
        "coordinates": [
          [
            177,
            81
          ],
          [
            178,
            82
          ]
        ]
      },
      "properties": {
        "source": 191,
        "target": 199,
        "length_pixels": 2,
        "kind": "road_segment"
      }
    },
    {
      "type": "Feature",
      "geometry": {
        "type": "LineString",
        "coordinates": [
          [
            177,
            82
          ],
          [
            178,
            81
          ]
        ]
      },
      "properties": {
        "source": 192,
        "target": 198,
        "length_pixels": 2,
        "kind": "road_segment"
      }
    },
    {
      "type": "Feature",
      "geometry": {
        "type": "LineString",
        "coordinates": [
          [
            179,
            81
          ],
          [
            178,
            81
          ]
        ]
      },
      "properties": {
        "source": 192,
        "target": 193,
        "length_pixels": 2,
        "kind": "road_segment"
      }
    },
    {
      "type": "Feature",
      "geometry": {
        "type": "LineString",
        "coordinates": [
          [
            179,
            82
          ],
          [
            178,
            81
          ]
        ]
      },
      "properties": {
        "source": 192,
        "target": 200,
        "length_pixels": 2,
        "kind": "road_segment"
      }
    },
    {
      "type": "Feature",
      "geometry": {
        "type": "LineString",
        "coordinates": [
          [
            178,
            81
          ],
          [
            178,
            82
          ]
        ]
      },
      "properties": {
        "source": 192,
        "target": 199,
        "length_pixels": 2,
        "kind": "road_segment"
      }
    },
    {
      "type": "Feature",
      "geometry": {
        "type": "LineString",
        "coordinates": [
          [
            180,
            81
          ],
          [
            179,
            81
          ]
        ]
      },
      "properties": {
        "source": 193,
        "target": 194,
        "length_pixels": 2,
        "kind": "road_segment"
      }
    },
    {
      "type": "Feature",
      "geometry": {
        "type": "LineString",
        "coordinates": [
          [
            179,
            81
          ],
          [
            178,
            82
          ]
        ]
      },
      "properties": {
        "source": 193,
        "target": 199,
        "length_pixels": 2,
        "kind": "road_segment"
      }
    },
    {
      "type": "Feature",
      "geometry": {
        "type": "LineString",
        "coordinates": [
          [
            179,
            81
          ],
          [
            179,
            82
          ]
        ]
      },
      "properties": {
        "source": 193,
        "target": 200,
        "length_pixels": 2,
        "kind": "road_segment"
      }
    },
    {
      "type": "Feature",
      "geometry": {
        "type": "LineString",
        "coordinates": [
          [
            179,
            81
          ],
          [
            180,
            82
          ]
        ]
      },
      "properties": {
        "source": 193,
        "target": 201,
        "length_pixels": 2,
        "kind": "road_segment"
      }
    },
    {
      "type": "Feature",
      "geometry": {
        "type": "LineString",
        "coordinates": [
          [
            180,
            81
          ],
          [
            179,
            82
          ]
        ]
      },
      "properties": {
        "source": 194,
        "target": 200,
        "length_pixels": 2,
        "kind": "road_segment"
      }
    },
    {
      "type": "Feature",
      "geometry": {
        "type": "LineString",
        "coordinates": [
          [
            180,
            81
          ],
          [
            181,
            82
          ],
          [
            180,
            82
          ]
        ]
      },
      "properties": {
        "source": 194,
        "target": 201,
        "length_pixels": 3,
        "kind": "road_segment"
      }
    },
    {
      "type": "Feature",
      "geometry": {
        "type": "LineString",
        "coordinates": [
          [
            188,
            81
          ],
          [
            188,
            82
          ]
        ]
      },
      "properties": {
        "source": 195,
        "target": 202,
        "length_pixels": 2,
        "kind": "road_segment"
      }
    },
    {
      "type": "Feature",
      "geometry": {
        "type": "LineString",
        "coordinates": [
          [
            188,
            81
          ],
          [
            189,
            82
          ]
        ]
      },
      "properties": {
        "source": 195,
        "target": 203,
        "length_pixels": 2,
        "kind": "road_segment"
      }
    },
    {
      "type": "Feature",
      "geometry": {
        "type": "LineString",
        "coordinates": [
          [
            176,
            82
          ],
          [
            175,
            82
          ]
        ]
      },
      "properties": {
        "source": 196,
        "target": 197,
        "length_pixels": 2,
        "kind": "road_segment"
      }
    },
    {
      "type": "Feature",
      "geometry": {
        "type": "LineString",
        "coordinates": [
          [
            177,
            82
          ],
          [
            176,
            82
          ]
        ]
      },
      "properties": {
        "source": 197,
        "target": 198,
        "length_pixels": 2,
        "kind": "road_segment"
      }
    },
    {
      "type": "Feature",
      "geometry": {
        "type": "LineString",
        "coordinates": [
          [
            177,
            82
          ],
          [
            178,
            82
          ]
        ]
      },
      "properties": {
        "source": 198,
        "target": 199,
        "length_pixels": 2,
        "kind": "road_segment"
      }
    },
    {
      "type": "Feature",
      "geometry": {
        "type": "LineString",
        "coordinates": [
          [
            179,
            82
          ],
          [
            178,
            82
          ]
        ]
      },
      "properties": {
        "source": 199,
        "target": 200,
        "length_pixels": 2,
        "kind": "road_segment"
      }
    },
    {
      "type": "Feature",
      "geometry": {
        "type": "LineString",
        "coordinates": [
          [
            180,
            82
          ],
          [
            179,
            82
          ]
        ]
      },
      "properties": {
        "source": 200,
        "target": 201,
        "length_pixels": 2,
        "kind": "road_segment"
      }
    },
    {
      "type": "Feature",
      "geometry": {
        "type": "LineString",
        "coordinates": [
          [
            189,
            82
          ],
          [
            188,
            82
          ]
        ]
      },
      "properties": {
        "source": 202,
        "target": 203,
        "length_pixels": 2,
        "kind": "road_segment"
      }
    },
    {
      "type": "Feature",
      "geometry": {
        "type": "LineString",
        "coordinates": [
          [
            188,
            82
          ],
          [
            189,
            83
          ]
        ]
      },
      "properties": {
        "source": 202,
        "target": 204,
        "length_pixels": 2,
        "kind": "road_segment"
      }
    },
    {
      "type": "Feature",
      "geometry": {
        "type": "LineString",
        "coordinates": [
          [
            189,
            82
          ],
          [
            189,
            83
          ]
        ]
      },
      "properties": {
        "source": 203,
        "target": 204,
        "length_pixels": 2,
        "kind": "road_segment"
      }
    },
    {
      "type": "Feature",
      "geometry": {
        "type": "LineString",
        "coordinates": [
          [
            189,
            82
          ],
          [
            190,
            83
          ]
        ]
      },
      "properties": {
        "source": 203,
        "target": 205,
        "length_pixels": 2,
        "kind": "road_segment"
      }
    },
    {
      "type": "Feature",
      "geometry": {
        "type": "LineString",
        "coordinates": [
          [
            190,
            84
          ],
          [
            189,
            83
          ]
        ]
      },
      "properties": {
        "source": 204,
        "target": 215,
        "length_pixels": 2,
        "kind": "road_segment"
      }
    },
    {
      "type": "Feature",
      "geometry": {
        "type": "LineString",
        "coordinates": [
          [
            190,
            83
          ],
          [
            189,
            83
          ]
        ]
      },
      "properties": {
        "source": 204,
        "target": 205,
        "length_pixels": 2,
        "kind": "road_segment"
      }
    },
    {
      "type": "Feature",
      "geometry": {
        "type": "LineString",
        "coordinates": [
          [
            190,
            84
          ],
          [
            191,
            84
          ],
          [
            190,
            83
          ]
        ]
      },
      "properties": {
        "source": 205,
        "target": 215,
        "length_pixels": 3,
        "kind": "road_segment"
      }
    },
    {
      "type": "Feature",
      "geometry": {
        "type": "LineString",
        "coordinates": [
          [
            201,
            84
          ],
          [
            200,
            83
          ],
          [
            199,
            83
          ]
        ]
      },
      "properties": {
        "source": 207,
        "target": 216,
        "length_pixels": 3,
        "kind": "road_segment"
      }
    },
    {
      "type": "Feature",
      "geometry": {
        "type": "LineString",
        "coordinates": [
          [
            202,
            83
          ],
          [
            203,
            83
          ]
        ]
      },
      "properties": {
        "source": 208,
        "target": 209,
        "length_pixels": 2,
        "kind": "road_segment"
      }
    },
    {
      "type": "Feature",
      "geometry": {
        "type": "LineString",
        "coordinates": [
          [
            202,
            83
          ],
          [
            201,
            84
          ]
        ]
      },
      "properties": {
        "source": 208,
        "target": 216,
        "length_pixels": 2,
        "kind": "road_segment"
      }
    },
    {
      "type": "Feature",
      "geometry": {
        "type": "LineString",
        "coordinates": [
          [
            202,
            83
          ],
          [
            202,
            84
          ]
        ]
      },
      "properties": {
        "source": 208,
        "target": 217,
        "length_pixels": 2,
        "kind": "road_segment"
      }
    },
    {
      "type": "Feature",
      "geometry": {
        "type": "LineString",
        "coordinates": [
          [
            202,
            83
          ],
          [
            203,
            84
          ]
        ]
      },
      "properties": {
        "source": 208,
        "target": 218,
        "length_pixels": 2,
        "kind": "road_segment"
      }
    },
    {
      "type": "Feature",
      "geometry": {
        "type": "LineString",
        "coordinates": [
          [
            204,
            84
          ],
          [
            203,
            83
          ]
        ]
      },
      "properties": {
        "source": 209,
        "target": 219,
        "length_pixels": 2,
        "kind": "road_segment"
      }
    },
    {
      "type": "Feature",
      "geometry": {
        "type": "LineString",
        "coordinates": [
          [
            203,
            84
          ],
          [
            203,
            83
          ]
        ]
      },
      "properties": {
        "source": 209,
        "target": 218,
        "length_pixels": 2,
        "kind": "road_segment"
      }
    },
    {
      "type": "Feature",
      "geometry": {
        "type": "LineString",
        "coordinates": [
          [
            202,
            84
          ],
          [
            203,
            83
          ]
        ]
      },
      "properties": {
        "source": 209,
        "target": 217,
        "length_pixels": 2,
        "kind": "road_segment"
      }
    },
    {
      "type": "Feature",
      "geometry": {
        "type": "LineString",
        "coordinates": [
          [
            204,
            83
          ],
          [
            203,
            83
          ]
        ]
      },
      "properties": {
        "source": 209,
        "target": 210,
        "length_pixels": 2,
        "kind": "road_segment"
      }
    },
    {
      "type": "Feature",
      "geometry": {
        "type": "LineString",
        "coordinates": [
          [
            204,
            84
          ],
          [
            204,
            83
          ]
        ]
      },
      "properties": {
        "source": 210,
        "target": 219,
        "length_pixels": 2,
        "kind": "road_segment"
      }
    },
    {
      "type": "Feature",
      "geometry": {
        "type": "LineString",
        "coordinates": [
          [
            203,
            84
          ],
          [
            204,
            83
          ]
        ]
      },
      "properties": {
        "source": 210,
        "target": 218,
        "length_pixels": 2,
        "kind": "road_segment"
      }
    },
    {
      "type": "Feature",
      "geometry": {
        "type": "LineString",
        "coordinates": [
          [
            205,
            83
          ],
          [
            204,
            83
          ]
        ]
      },
      "properties": {
        "source": 210,
        "target": 211,
        "length_pixels": 2,
        "kind": "road_segment"
      }
    },
    {
      "type": "Feature",
      "geometry": {
        "type": "LineString",
        "coordinates": [
          [
            204,
            83
          ],
          [
            205,
            84
          ]
        ]
      },
      "properties": {
        "source": 210,
        "target": 220,
        "length_pixels": 2,
        "kind": "road_segment"
      }
    },
    {
      "type": "Feature",
      "geometry": {
        "type": "LineString",
        "coordinates": [
          [
            204,
            84
          ],
          [
            205,
            83
          ]
        ]
      },
      "properties": {
        "source": 211,
        "target": 219,
        "length_pixels": 2,
        "kind": "road_segment"
      }
    },
    {
      "type": "Feature",
      "geometry": {
        "type": "LineString",
        "coordinates": [
          [
            206,
            83
          ],
          [
            205,
            83
          ]
        ]
      },
      "properties": {
        "source": 211,
        "target": 212,
        "length_pixels": 2,
        "kind": "road_segment"
      }
    },
    {
      "type": "Feature",
      "geometry": {
        "type": "LineString",
        "coordinates": [
          [
            205,
            83
          ],
          [
            205,
            84
          ]
        ]
      },
      "properties": {
        "source": 211,
        "target": 220,
        "length_pixels": 2,
        "kind": "road_segment"
      }
    },
    {
      "type": "Feature",
      "geometry": {
        "type": "LineString",
        "coordinates": [
          [
            205,
            83
          ],
          [
            206,
            84
          ]
        ]
      },
      "properties": {
        "source": 211,
        "target": 221,
        "length_pixels": 2,
        "kind": "road_segment"
      }
    },
    {
      "type": "Feature",
      "geometry": {
        "type": "LineString",
        "coordinates": [
          [
            206,
            83
          ],
          [
            207,
            83
          ]
        ]
      },
      "properties": {
        "source": 212,
        "target": 213,
        "length_pixels": 2,
        "kind": "road_segment"
      }
    },
    {
      "type": "Feature",
      "geometry": {
        "type": "LineString",
        "coordinates": [
          [
            206,
            83
          ],
          [
            205,
            84
          ]
        ]
      },
      "properties": {
        "source": 212,
        "target": 220,
        "length_pixels": 2,
        "kind": "road_segment"
      }
    },
    {
      "type": "Feature",
      "geometry": {
        "type": "LineString",
        "coordinates": [
          [
            206,
            83
          ],
          [
            206,
            84
          ]
        ]
      },
      "properties": {
        "source": 212,
        "target": 221,
        "length_pixels": 2,
        "kind": "road_segment"
      }
    },
    {
      "type": "Feature",
      "geometry": {
        "type": "LineString",
        "coordinates": [
          [
            206,
            84
          ],
          [
            207,
            83
          ]
        ]
      },
      "properties": {
        "source": 213,
        "target": 221,
        "length_pixels": 2,
        "kind": "road_segment"
      }
    },
    {
      "type": "Feature",
      "geometry": {
        "type": "LineString",
        "coordinates": [
          [
            207,
            83
          ],
          [
            208,
            84
          ],
          [
            209,
            84
          ],
          [
            210,
            84
          ],
          [
            211,
            84
          ],
          [
            212,
            84
          ],
          [
            213,
            84
          ],
          [
            214,
            84
          ],
          [
            215,
            85
          ]
        ]
      },
      "properties": {
        "source": 213,
        "target": 227,
        "length_pixels": 9,
        "kind": "road_segment"
      }
    },
    {
      "type": "Feature",
      "geometry": {
        "type": "LineString",
        "coordinates": [
          [
            202,
            84
          ],
          [
            201,
            84
          ]
        ]
      },
      "properties": {
        "source": 216,
        "target": 217,
        "length_pixels": 2,
        "kind": "road_segment"
      }
    },
    {
      "type": "Feature",
      "geometry": {
        "type": "LineString",
        "coordinates": [
          [
            203,
            84
          ],
          [
            202,
            84
          ]
        ]
      },
      "properties": {
        "source": 217,
        "target": 218,
        "length_pixels": 2,
        "kind": "road_segment"
      }
    },
    {
      "type": "Feature",
      "geometry": {
        "type": "LineString",
        "coordinates": [
          [
            204,
            84
          ],
          [
            203,
            84
          ]
        ]
      },
      "properties": {
        "source": 218,
        "target": 219,
        "length_pixels": 2,
        "kind": "road_segment"
      }
    },
    {
      "type": "Feature",
      "geometry": {
        "type": "LineString",
        "coordinates": [
          [
            204,
            84
          ],
          [
            205,
            84
          ]
        ]
      },
      "properties": {
        "source": 219,
        "target": 220,
        "length_pixels": 2,
        "kind": "road_segment"
      }
    },
    {
      "type": "Feature",
      "geometry": {
        "type": "LineString",
        "coordinates": [
          [
            206,
            84
          ],
          [
            205,
            84
          ]
        ]
      },
      "properties": {
        "source": 220,
        "target": 221,
        "length_pixels": 2,
        "kind": "road_segment"
      }
    },
    {
      "type": "Feature",
      "geometry": {
        "type": "LineString",
        "coordinates": [
          [
            217,
            84
          ],
          [
            216,
            84
          ]
        ]
      },
      "properties": {
        "source": 222,
        "target": 223,
        "length_pixels": 2,
        "kind": "road_segment"
      }
    },
    {
      "type": "Feature",
      "geometry": {
        "type": "LineString",
        "coordinates": [
          [
            217,
            85
          ],
          [
            216,
            84
          ]
        ]
      },
      "properties": {
        "source": 222,
        "target": 229,
        "length_pixels": 2,
        "kind": "road_segment"
      }
    },
    {
      "type": "Feature",
      "geometry": {
        "type": "LineString",
        "coordinates": [
          [
            216,
            84
          ],
          [
            215,
            85
          ]
        ]
      },
      "properties": {
        "source": 222,
        "target": 227,
        "length_pixels": 2,
        "kind": "road_segment"
      }
    },
    {
      "type": "Feature",
      "geometry": {
        "type": "LineString",
        "coordinates": [
          [
            216,
            84
          ],
          [
            216,
            85
          ]
        ]
      },
      "properties": {
        "source": 222,
        "target": 228,
        "length_pixels": 2,
        "kind": "road_segment"
      }
    },
    {
      "type": "Feature",
      "geometry": {
        "type": "LineString",
        "coordinates": [
          [
            218,
            84
          ],
          [
            217,
            84
          ]
        ]
      },
      "properties": {
        "source": 223,
        "target": 224,
        "length_pixels": 2,
        "kind": "road_segment"
      }
    },
    {
      "type": "Feature",
      "geometry": {
        "type": "LineString",
        "coordinates": [
          [
            217,
            84
          ],
          [
            216,
            85
          ]
        ]
      },
      "properties": {
        "source": 223,
        "target": 228,
        "length_pixels": 2,
        "kind": "road_segment"
      }
    },
    {
      "type": "Feature",
      "geometry": {
        "type": "LineString",
        "coordinates": [
          [
            217,
            84
          ],
          [
            217,
            85
          ]
        ]
      },
      "properties": {
        "source": 223,
        "target": 229,
        "length_pixels": 2,
        "kind": "road_segment"
      }
    },
    {
      "type": "Feature",
      "geometry": {
        "type": "LineString",
        "coordinates": [
          [
            217,
            84
          ],
          [
            218,
            85
          ]
        ]
      },
      "properties": {
        "source": 223,
        "target": 230,
        "length_pixels": 2,
        "kind": "road_segment"
      }
    },
    {
      "type": "Feature",
      "geometry": {
        "type": "LineString",
        "coordinates": [
          [
            219,
            85
          ],
          [
            218,
            84
          ]
        ]
      },
      "properties": {
        "source": 224,
        "target": 231,
        "length_pixels": 2,
        "kind": "road_segment"
      }
    },
    {
      "type": "Feature",
      "geometry": {
        "type": "LineString",
        "coordinates": [
          [
            218,
            84
          ],
          [
            219,
            84
          ]
        ]
      },
      "properties": {
        "source": 224,
        "target": 225,
        "length_pixels": 2,
        "kind": "road_segment"
      }
    },
    {
      "type": "Feature",
      "geometry": {
        "type": "LineString",
        "coordinates": [
          [
            218,
            84
          ],
          [
            217,
            85
          ]
        ]
      },
      "properties": {
        "source": 224,
        "target": 229,
        "length_pixels": 2,
        "kind": "road_segment"
      }
    },
    {
      "type": "Feature",
      "geometry": {
        "type": "LineString",
        "coordinates": [
          [
            218,
            84
          ],
          [
            218,
            85
          ]
        ]
      },
      "properties": {
        "source": 224,
        "target": 230,
        "length_pixels": 2,
        "kind": "road_segment"
      }
    },
    {
      "type": "Feature",
      "geometry": {
        "type": "LineString",
        "coordinates": [
          [
            219,
            85
          ],
          [
            219,
            84
          ]
        ]
      },
      "properties": {
        "source": 225,
        "target": 231,
        "length_pixels": 2,
        "kind": "road_segment"
      }
    },
    {
      "type": "Feature",
      "geometry": {
        "type": "LineString",
        "coordinates": [
          [
            218,
            85
          ],
          [
            219,
            84
          ]
        ]
      },
      "properties": {
        "source": 225,
        "target": 230,
        "length_pixels": 2,
        "kind": "road_segment"
      }
    },
    {
      "type": "Feature",
      "geometry": {
        "type": "LineString",
        "coordinates": [
          [
            220,
            84
          ],
          [
            219,
            84
          ]
        ]
      },
      "properties": {
        "source": 225,
        "target": 226,
        "length_pixels": 2,
        "kind": "road_segment"
      }
    },
    {
      "type": "Feature",
      "geometry": {
        "type": "LineString",
        "coordinates": [
          [
            219,
            85
          ],
          [
            220,
            84
          ]
        ]
      },
      "properties": {
        "source": 226,
        "target": 231,
        "length_pixels": 2,
        "kind": "road_segment"
      }
    },
    {
      "type": "Feature",
      "geometry": {
        "type": "LineString",
        "coordinates": [
          [
            220,
            84
          ],
          [
            221,
            85
          ],
          [
            222,
            85
          ],
          [
            223,
            85
          ],
          [
            224,
            85
          ]
        ]
      },
      "properties": {
        "source": 226,
        "target": 232,
        "length_pixels": 5,
        "kind": "road_segment"
      }
    },
    {
      "type": "Feature",
      "geometry": {
        "type": "LineString",
        "coordinates": [
          [
            216,
            85
          ],
          [
            215,
            85
          ]
        ]
      },
      "properties": {
        "source": 227,
        "target": 228,
        "length_pixels": 2,
        "kind": "road_segment"
      }
    },
    {
      "type": "Feature",
      "geometry": {
        "type": "LineString",
        "coordinates": [
          [
            217,
            85
          ],
          [
            216,
            85
          ]
        ]
      },
      "properties": {
        "source": 228,
        "target": 229,
        "length_pixels": 2,
        "kind": "road_segment"
      }
    },
    {
      "type": "Feature",
      "geometry": {
        "type": "LineString",
        "coordinates": [
          [
            218,
            85
          ],
          [
            217,
            85
          ]
        ]
      },
      "properties": {
        "source": 229,
        "target": 230,
        "length_pixels": 2,
        "kind": "road_segment"
      }
    },
    {
      "type": "Feature",
      "geometry": {
        "type": "LineString",
        "coordinates": [
          [
            219,
            85
          ],
          [
            218,
            85
          ]
        ]
      },
      "properties": {
        "source": 230,
        "target": 231,
        "length_pixels": 2,
        "kind": "road_segment"
      }
    },
    {
      "type": "Feature",
      "geometry": {
        "type": "LineString",
        "coordinates": [
          [
            225,
            86
          ],
          [
            224,
            85
          ]
        ]
      },
      "properties": {
        "source": 232,
        "target": 237,
        "length_pixels": 2,
        "kind": "road_segment"
      }
    },
    {
      "type": "Feature",
      "geometry": {
        "type": "LineString",
        "coordinates": [
          [
            225,
            85
          ],
          [
            224,
            85
          ]
        ]
      },
      "properties": {
        "source": 232,
        "target": 233,
        "length_pixels": 2,
        "kind": "road_segment"
      }
    },
    {
      "type": "Feature",
      "geometry": {
        "type": "LineString",
        "coordinates": [
          [
            225,
            86
          ],
          [
            225,
            85
          ]
        ]
      },
      "properties": {
        "source": 233,
        "target": 237,
        "length_pixels": 2,
        "kind": "road_segment"
      }
    },
    {
      "type": "Feature",
      "geometry": {
        "type": "LineString",
        "coordinates": [
          [
            226,
            85
          ],
          [
            225,
            85
          ]
        ]
      },
      "properties": {
        "source": 233,
        "target": 234,
        "length_pixels": 2,
        "kind": "road_segment"
      }
    },
    {
      "type": "Feature",
      "geometry": {
        "type": "LineString",
        "coordinates": [
          [
            225,
            86
          ],
          [
            226,
            85
          ]
        ]
      },
      "properties": {
        "source": 234,
        "target": 237,
        "length_pixels": 2,
        "kind": "road_segment"
      }
    },
    {
      "type": "Feature",
      "geometry": {
        "type": "LineString",
        "coordinates": [
          [
            226,
            85
          ],
          [
            227,
            85
          ],
          [
            228,
            85
          ],
          [
            229,
            85
          ],
          [
            230,
            85
          ],
          [
            231,
            85
          ],
          [
            232,
            85
          ],
          [
            233,
            85
          ],
          [
            234,
            85
          ]
        ]
      },
      "properties": {
        "source": 234,
        "target": 235,
        "length_pixels": 9,
        "kind": "road_segment"
      }
    },
    {
      "type": "Feature",
      "geometry": {
        "type": "LineString",
        "coordinates": [
          [
            235,
            86
          ],
          [
            234,
            85
          ]
        ]
      },
      "properties": {
        "source": 235,
        "target": 238,
        "length_pixels": 2,
        "kind": "road_segment"
      }
    },
    {
      "type": "Feature",
      "geometry": {
        "type": "LineString",
        "coordinates": [
          [
            235,
            85
          ],
          [
            234,
            85
          ]
        ]
      },
      "properties": {
        "source": 235,
        "target": 236,
        "length_pixels": 2,
        "kind": "road_segment"
      }
    },
    {
      "type": "Feature",
      "geometry": {
        "type": "LineString",
        "coordinates": [
          [
            235,
            86
          ],
          [
            235,
            85
          ]
        ]
      },
      "properties": {
        "source": 236,
        "target": 238,
        "length_pixels": 2,
        "kind": "road_segment"
      }
    },
    {
      "type": "Feature",
      "geometry": {
        "type": "LineString",
        "coordinates": [
          [
            235,
            85
          ],
          [
            236,
            86
          ]
        ]
      },
      "properties": {
        "source": 236,
        "target": 239,
        "length_pixels": 2,
        "kind": "road_segment"
      }
    },
    {
      "type": "Feature",
      "geometry": {
        "type": "LineString",
        "coordinates": [
          [
            235,
            86
          ],
          [
            236,
            86
          ]
        ]
      },
      "properties": {
        "source": 238,
        "target": 239,
        "length_pixels": 2,
        "kind": "road_segment"
      }
    },
    {
      "type": "Feature",
      "geometry": {
        "type": "LineString",
        "coordinates": [
          [
            236,
            86
          ],
          [
            237,
            86
          ],
          [
            238,
            86
          ],
          [
            239,
            86
          ],
          [
            240,
            86
          ],
          [
            241,
            86
          ],
          [
            242,
            87
          ],
          [
            243,
            87
          ],
          [
            244,
            87
          ],
          [
            245,
            87
          ],
          [
            246,
            87
          ],
          [
            247,
            87
          ],
          [
            248,
            87
          ],
          [
            249,
            87
          ],
          [
            250,
            87
          ],
          [
            251,
            87
          ],
          [
            252,
            87
          ],
          [
            253,
            87
          ],
          [
            254,
            88
          ]
        ]
      },
      "properties": {
        "source": 239,
        "target": 248,
        "length_pixels": 19,
        "kind": "road_segment"
      }
    },
    {
      "type": "Feature",
      "geometry": {
        "type": "LineString",
        "coordinates": [
          [
            256,
            87
          ],
          [
            255,
            87
          ]
        ]
      },
      "properties": {
        "source": 240,
        "target": 241,
        "length_pixels": 2,
        "kind": "road_segment"
      }
    },
    {
      "type": "Feature",
      "geometry": {
        "type": "LineString",
        "coordinates": [
          [
            255,
            87
          ],
          [
            254,
            88
          ]
        ]
      },
      "properties": {
        "source": 240,
        "target": 248,
        "length_pixels": 2,
        "kind": "road_segment"
      }
    },
    {
      "type": "Feature",
      "geometry": {
        "type": "LineString",
        "coordinates": [
          [
            255,
            87
          ],
          [
            255,
            88
          ]
        ]
      },
      "properties": {
        "source": 240,
        "target": 249,
        "length_pixels": 2,
        "kind": "road_segment"
      }
    },
    {
      "type": "Feature",
      "geometry": {
        "type": "LineString",
        "coordinates": [
          [
            255,
            87
          ],
          [
            256,
            88
          ]
        ]
      },
      "properties": {
        "source": 240,
        "target": 250,
        "length_pixels": 2,
        "kind": "road_segment"
      }
    },
    {
      "type": "Feature",
      "geometry": {
        "type": "LineString",
        "coordinates": [
          [
            256,
            87
          ],
          [
            257,
            87
          ]
        ]
      },
      "properties": {
        "source": 241,
        "target": 242,
        "length_pixels": 2,
        "kind": "road_segment"
      }
    },
    {
      "type": "Feature",
      "geometry": {
        "type": "LineString",
        "coordinates": [
          [
            256,
            87
          ],
          [
            255,
            88
          ]
        ]
      },
      "properties": {
        "source": 241,
        "target": 249,
        "length_pixels": 2,
        "kind": "road_segment"
      }
    },
    {
      "type": "Feature",
      "geometry": {
        "type": "LineString",
        "coordinates": [
          [
            256,
            87
          ],
          [
            256,
            88
          ]
        ]
      },
      "properties": {
        "source": 241,
        "target": 250,
        "length_pixels": 2,
        "kind": "road_segment"
      }
    },
    {
      "type": "Feature",
      "geometry": {
        "type": "LineString",
        "coordinates": [
          [
            256,
            87
          ],
          [
            257,
            88
          ]
        ]
      },
      "properties": {
        "source": 241,
        "target": 251,
        "length_pixels": 2,
        "kind": "road_segment"
      }
    },
    {
      "type": "Feature",
      "geometry": {
        "type": "LineString",
        "coordinates": [
          [
            257,
            88
          ],
          [
            257,
            87
          ]
        ]
      },
      "properties": {
        "source": 242,
        "target": 251,
        "length_pixels": 2,
        "kind": "road_segment"
      }
    },
    {
      "type": "Feature",
      "geometry": {
        "type": "LineString",
        "coordinates": [
          [
            256,
            88
          ],
          [
            257,
            87
          ]
        ]
      },
      "properties": {
        "source": 242,
        "target": 250,
        "length_pixels": 2,
        "kind": "road_segment"
      }
    },
    {
      "type": "Feature",
      "geometry": {
        "type": "LineString",
        "coordinates": [
          [
            258,
            87
          ],
          [
            257,
            87
          ]
        ]
      },
      "properties": {
        "source": 242,
        "target": 243,
        "length_pixels": 2,
        "kind": "road_segment"
      }
    },
    {
      "type": "Feature",
      "geometry": {
        "type": "LineString",
        "coordinates": [
          [
            257,
            87
          ],
          [
            258,
            88
          ]
        ]
      },
      "properties": {
        "source": 242,
        "target": 252,
        "length_pixels": 2,
        "kind": "road_segment"
      }
    },
    {
      "type": "Feature",
      "geometry": {
        "type": "LineString",
        "coordinates": [
          [
            257,
            88
          ],
          [
            258,
            87
          ]
        ]
      },
      "properties": {
        "source": 243,
        "target": 251,
        "length_pixels": 2,
        "kind": "road_segment"
      }
    },
    {
      "type": "Feature",
      "geometry": {
        "type": "LineString",
        "coordinates": [
          [
            259,
            87
          ],
          [
            258,
            87
          ]
        ]
      },
      "properties": {
        "source": 243,
        "target": 244,
        "length_pixels": 2,
        "kind": "road_segment"
      }
    },
    {
      "type": "Feature",
      "geometry": {
        "type": "LineString",
        "coordinates": [
          [
            258,
            87
          ],
          [
            258,
            88
          ]
        ]
      },
      "properties": {
        "source": 243,
        "target": 252,
        "length_pixels": 2,
        "kind": "road_segment"
      }
    },
    {
      "type": "Feature",
      "geometry": {
        "type": "LineString",
        "coordinates": [
          [
            258,
            87
          ],
          [
            259,
            88
          ]
        ]
      },
      "properties": {
        "source": 243,
        "target": 253,
        "length_pixels": 2,
        "kind": "road_segment"
      }
    },
    {
      "type": "Feature",
      "geometry": {
        "type": "LineString",
        "coordinates": [
          [
            260,
            87
          ],
          [
            259,
            87
          ]
        ]
      },
      "properties": {
        "source": 244,
        "target": 245,
        "length_pixels": 2,
        "kind": "road_segment"
      }
    },
    {
      "type": "Feature",
      "geometry": {
        "type": "LineString",
        "coordinates": [
          [
            259,
            87
          ],
          [
            258,
            88
          ]
        ]
      },
      "properties": {
        "source": 244,
        "target": 252,
        "length_pixels": 2,
        "kind": "road_segment"
      }
    },
    {
      "type": "Feature",
      "geometry": {
        "type": "LineString",
        "coordinates": [
          [
            259,
            87
          ],
          [
            259,
            88
          ]
        ]
      },
      "properties": {
        "source": 244,
        "target": 253,
        "length_pixels": 2,
        "kind": "road_segment"
      }
    },
    {
      "type": "Feature",
      "geometry": {
        "type": "LineString",
        "coordinates": [
          [
            259,
            87
          ],
          [
            260,
            88
          ]
        ]
      },
      "properties": {
        "source": 244,
        "target": 254,
        "length_pixels": 2,
        "kind": "road_segment"
      }
    },
    {
      "type": "Feature",
      "geometry": {
        "type": "LineString",
        "coordinates": [
          [
            260,
            87
          ],
          [
            261,
            87
          ]
        ]
      },
      "properties": {
        "source": 245,
        "target": 246,
        "length_pixels": 2,
        "kind": "road_segment"
      }
    },
    {
      "type": "Feature",
      "geometry": {
        "type": "LineString",
        "coordinates": [
          [
            260,
            87
          ],
          [
            259,
            88
          ]
        ]
      },
      "properties": {
        "source": 245,
        "target": 253,
        "length_pixels": 2,
        "kind": "road_segment"
      }
    },
    {
      "type": "Feature",
      "geometry": {
        "type": "LineString",
        "coordinates": [
          [
            260,
            87
          ],
          [
            260,
            88
          ]
        ]
      },
      "properties": {
        "source": 245,
        "target": 254,
        "length_pixels": 2,
        "kind": "road_segment"
      }
    },
    {
      "type": "Feature",
      "geometry": {
        "type": "LineString",
        "coordinates": [
          [
            260,
            87
          ],
          [
            261,
            88
          ]
        ]
      },
      "properties": {
        "source": 245,
        "target": 255,
        "length_pixels": 2,
        "kind": "road_segment"
      }
    },
    {
      "type": "Feature",
      "geometry": {
        "type": "LineString",
        "coordinates": [
          [
            261,
            88
          ],
          [
            261,
            87
          ]
        ]
      },
      "properties": {
        "source": 246,
        "target": 255,
        "length_pixels": 2,
        "kind": "road_segment"
      }
    },
    {
      "type": "Feature",
      "geometry": {
        "type": "LineString",
        "coordinates": [
          [
            260,
            88
          ],
          [
            261,
            87
          ]
        ]
      },
      "properties": {
        "source": 246,
        "target": 254,
        "length_pixels": 2,
        "kind": "road_segment"
      }
    },
    {
      "type": "Feature",
      "geometry": {
        "type": "LineString",
        "coordinates": [
          [
            262,
            87
          ],
          [
            261,
            87
          ]
        ]
      },
      "properties": {
        "source": 246,
        "target": 247,
        "length_pixels": 2,
        "kind": "road_segment"
      }
    },
    {
      "type": "Feature",
      "geometry": {
        "type": "LineString",
        "coordinates": [
          [
            261,
            88
          ],
          [
            262,
            87
          ]
        ]
      },
      "properties": {
        "source": 247,
        "target": 255,
        "length_pixels": 2,
        "kind": "road_segment"
      }
    },
    {
      "type": "Feature",
      "geometry": {
        "type": "LineString",
        "coordinates": [
          [
            262,
            87
          ],
          [
            263,
            88
          ],
          [
            264,
            88
          ],
          [
            265,
            88
          ],
          [
            266,
            88
          ],
          [
            267,
            88
          ],
          [
            268,
            88
          ],
          [
            269,
            89
          ],
          [
            270,
            90
          ],
          [
            271,
            90
          ],
          [
            272,
            91
          ],
          [
            273,
            91
          ],
          [
            274,
            92
          ],
          [
            275,
            92
          ],
          [
            276,
            93
          ],
          [
            277,
            93
          ],
          [
            278,
            94
          ],
          [
            279,
            94
          ],
          [
            280,
            95
          ],
          [
            281,
            94
          ],
          [
            282,
            94
          ],
          [
            283,
            93
          ],
          [
            284,
            93
          ],
          [
            285,
            92
          ],
          [
            286,
            92
          ],
          [
            287,
            91
          ],
          [
            288,
            91
          ],
          [
            289,
            90
          ],
          [
            290,
            89
          ],
          [
            291,
            89
          ],
          [
            292,
            88
          ],
          [
            293,
            88
          ],
          [
            294,
            87
          ],
          [
            295,
            87
          ],
          [
            296,
            86
          ],
          [
            297,
            86
          ],
          [
            298,
            85
          ],
          [
            299,
            86
          ],
          [
            300,
            86
          ],
          [
            301,
            87
          ],
          [
            302,
            87
          ],
          [
            303,
            88
          ],
          [
            304,
            88
          ],
          [
            305,
            89
          ],
          [
            306,
            89
          ],
          [
            307,
            90
          ],
          [
            308,
            90
          ],
          [
            309,
            91
          ],
          [
            310,
            91
          ]
        ]
      },
      "properties": {
        "source": 247,
        "target": 256,
        "length_pixels": 49,
        "kind": "road_segment"
      }
    },
    {
      "type": "Feature",
      "geometry": {
        "type": "LineString",
        "coordinates": [
          [
            255,
            88
          ],
          [
            254,
            88
          ]
        ]
      },
      "properties": {
        "source": 248,
        "target": 249,
        "length_pixels": 2,
        "kind": "road_segment"
      }
    },
    {
      "type": "Feature",
      "geometry": {
        "type": "LineString",
        "coordinates": [
          [
            256,
            88
          ],
          [
            255,
            88
          ]
        ]
      },
      "properties": {
        "source": 249,
        "target": 250,
        "length_pixels": 2,
        "kind": "road_segment"
      }
    },
    {
      "type": "Feature",
      "geometry": {
        "type": "LineString",
        "coordinates": [
          [
            257,
            88
          ],
          [
            256,
            88
          ]
        ]
      },
      "properties": {
        "source": 250,
        "target": 251,
        "length_pixels": 2,
        "kind": "road_segment"
      }
    },
    {
      "type": "Feature",
      "geometry": {
        "type": "LineString",
        "coordinates": [
          [
            257,
            88
          ],
          [
            258,
            88
          ]
        ]
      },
      "properties": {
        "source": 251,
        "target": 252,
        "length_pixels": 2,
        "kind": "road_segment"
      }
    },
    {
      "type": "Feature",
      "geometry": {
        "type": "LineString",
        "coordinates": [
          [
            259,
            88
          ],
          [
            258,
            88
          ]
        ]
      },
      "properties": {
        "source": 252,
        "target": 253,
        "length_pixels": 2,
        "kind": "road_segment"
      }
    },
    {
      "type": "Feature",
      "geometry": {
        "type": "LineString",
        "coordinates": [
          [
            260,
            88
          ],
          [
            259,
            88
          ]
        ]
      },
      "properties": {
        "source": 253,
        "target": 254,
        "length_pixels": 2,
        "kind": "road_segment"
      }
    },
    {
      "type": "Feature",
      "geometry": {
        "type": "LineString",
        "coordinates": [
          [
            261,
            88
          ],
          [
            260,
            88
          ]
        ]
      },
      "properties": {
        "source": 254,
        "target": 255,
        "length_pixels": 2,
        "kind": "road_segment"
      }
    },
    {
      "type": "Feature",
      "geometry": {
        "type": "LineString",
        "coordinates": [
          [
            313,
            92
          ],
          [
            312,
            92
          ]
        ]
      },
      "properties": {
        "source": 258,
        "target": 259,
        "length_pixels": 2,
        "kind": "road_segment"
      }
    },
    {
      "type": "Feature",
      "geometry": {
        "type": "LineString",
        "coordinates": [
          [
            314,
            92
          ],
          [
            313,
            92
          ]
        ]
      },
      "properties": {
        "source": 259,
        "target": 260,
        "length_pixels": 2,
        "kind": "road_segment"
      }
    },
    {
      "type": "Feature",
      "geometry": {
        "type": "LineString",
        "coordinates": [
          [
            314,
            93
          ],
          [
            313,
            92
          ]
        ]
      },
      "properties": {
        "source": 259,
        "target": 271,
        "length_pixels": 2,
        "kind": "road_segment"
      }
    },
    {
      "type": "Feature",
      "geometry": {
        "type": "LineString",
        "coordinates": [
          [
            315,
            92
          ],
          [
            314,
            92
          ]
        ]
      },
      "properties": {
        "source": 260,
        "target": 261,
        "length_pixels": 2,
        "kind": "road_segment"
      }
    },
    {
      "type": "Feature",
      "geometry": {
        "type": "LineString",
        "coordinates": [
          [
            314,
            92
          ],
          [
            314,
            93
          ]
        ]
      },
      "properties": {
        "source": 260,
        "target": 271,
        "length_pixels": 2,
        "kind": "road_segment"
      }
    },
    {
      "type": "Feature",
      "geometry": {
        "type": "LineString",
        "coordinates": [
          [
            315,
            92
          ],
          [
            316,
            92
          ],
          [
            317,
            92
          ],
          [
            318,
            92
          ],
          [
            319,
            92
          ],
          [
            320,
            92
          ],
          [
            321,
            92
          ],
          [
            322,
            92
          ],
          [
            323,
            93
          ]
        ]
      },
      "properties": {
        "source": 261,
        "target": 272,
        "length_pixels": 9,
        "kind": "road_segment"
      }
    },
    {
      "type": "Feature",
      "geometry": {
        "type": "LineString",
        "coordinates": [
          [
            315,
            92
          ],
          [
            314,
            93
          ]
        ]
      },
      "properties": {
        "source": 261,
        "target": 271,
        "length_pixels": 2,
        "kind": "road_segment"
      }
    },
    {
      "type": "Feature",
      "geometry": {
        "type": "LineString",
        "coordinates": [
          [
            325,
            92
          ],
          [
            324,
            92
          ]
        ]
      },
      "properties": {
        "source": 262,
        "target": 263,
        "length_pixels": 2,
        "kind": "road_segment"
      }
    },
    {
      "type": "Feature",
      "geometry": {
        "type": "LineString",
        "coordinates": [
          [
            325,
            93
          ],
          [
            324,
            92
          ]
        ]
      },
      "properties": {
        "source": 262,
        "target": 274,
        "length_pixels": 2,
        "kind": "road_segment"
      }
    },
    {
      "type": "Feature",
      "geometry": {
        "type": "LineString",
        "coordinates": [
          [
            324,
            92
          ],
          [
            323,
            93
          ]
        ]
      },
      "properties": {
        "source": 262,
        "target": 272,
        "length_pixels": 2,
        "kind": "road_segment"
      }
    },
    {
      "type": "Feature",
      "geometry": {
        "type": "LineString",
        "coordinates": [
          [
            324,
            92
          ],
          [
            324,
            93
          ]
        ]
      },
      "properties": {
        "source": 262,
        "target": 273,
        "length_pixels": 2,
        "kind": "road_segment"
      }
    },
    {
      "type": "Feature",
      "geometry": {
        "type": "LineString",
        "coordinates": [
          [
            326,
            93
          ],
          [
            325,
            92
          ]
        ]
      },
      "properties": {
        "source": 263,
        "target": 275,
        "length_pixels": 2,
        "kind": "road_segment"
      }
    },
    {
      "type": "Feature",
      "geometry": {
        "type": "LineString",
        "coordinates": [
          [
            325,
            92
          ],
          [
            326,
            92
          ]
        ]
      },
      "properties": {
        "source": 263,
        "target": 264,
        "length_pixels": 2,
        "kind": "road_segment"
      }
    },
    {
      "type": "Feature",
      "geometry": {
        "type": "LineString",
        "coordinates": [
          [
            325,
            92
          ],
          [
            324,
            93
          ]
        ]
      },
      "properties": {
        "source": 263,
        "target": 273,
        "length_pixels": 2,
        "kind": "road_segment"
      }
    },
    {
      "type": "Feature",
      "geometry": {
        "type": "LineString",
        "coordinates": [
          [
            325,
            92
          ],
          [
            325,
            93
          ]
        ]
      },
      "properties": {
        "source": 263,
        "target": 274,
        "length_pixels": 2,
        "kind": "road_segment"
      }
    },
    {
      "type": "Feature",
      "geometry": {
        "type": "LineString",
        "coordinates": [
          [
            326,
            93
          ],
          [
            326,
            92
          ]
        ]
      },
      "properties": {
        "source": 264,
        "target": 275,
        "length_pixels": 2,
        "kind": "road_segment"
      }
    },
    {
      "type": "Feature",
      "geometry": {
        "type": "LineString",
        "coordinates": [
          [
            325,
            93
          ],
          [
            326,
            92
          ]
        ]
      },
      "properties": {
        "source": 264,
        "target": 274,
        "length_pixels": 2,
        "kind": "road_segment"
      }
    },
    {
      "type": "Feature",
      "geometry": {
        "type": "LineString",
        "coordinates": [
          [
            327,
            92
          ],
          [
            326,
            92
          ]
        ]
      },
      "properties": {
        "source": 264,
        "target": 265,
        "length_pixels": 2,
        "kind": "road_segment"
      }
    },
    {
      "type": "Feature",
      "geometry": {
        "type": "LineString",
        "coordinates": [
          [
            326,
            92
          ],
          [
            327,
            93
          ]
        ]
      },
      "properties": {
        "source": 264,
        "target": 276,
        "length_pixels": 2,
        "kind": "road_segment"
      }
    },
    {
      "type": "Feature",
      "geometry": {
        "type": "LineString",
        "coordinates": [
          [
            326,
            93
          ],
          [
            327,
            92
          ]
        ]
      },
      "properties": {
        "source": 265,
        "target": 275,
        "length_pixels": 2,
        "kind": "road_segment"
      }
    },
    {
      "type": "Feature",
      "geometry": {
        "type": "LineString",
        "coordinates": [
          [
            328,
            92
          ],
          [
            327,
            92
          ]
        ]
      },
      "properties": {
        "source": 265,
        "target": 266,
        "length_pixels": 2,
        "kind": "road_segment"
      }
    },
    {
      "type": "Feature",
      "geometry": {
        "type": "LineString",
        "coordinates": [
          [
            328,
            93
          ],
          [
            327,
            92
          ]
        ]
      },
      "properties": {
        "source": 265,
        "target": 277,
        "length_pixels": 2,
        "kind": "road_segment"
      }
    },
    {
      "type": "Feature",
      "geometry": {
        "type": "LineString",
        "coordinates": [
          [
            327,
            92
          ],
          [
            327,
            93
          ]
        ]
      },
      "properties": {
        "source": 265,
        "target": 276,
        "length_pixels": 2,
        "kind": "road_segment"
      }
    },
    {
      "type": "Feature",
      "geometry": {
        "type": "LineString",
        "coordinates": [
          [
            329,
            92
          ],
          [
            328,
            92
          ]
        ]
      },
      "properties": {
        "source": 266,
        "target": 267,
        "length_pixels": 2,
        "kind": "road_segment"
      }
    },
    {
      "type": "Feature",
      "geometry": {
        "type": "LineString",
        "coordinates": [
          [
            328,
            92
          ],
          [
            327,
            93
          ]
        ]
      },
      "properties": {
        "source": 266,
        "target": 276,
        "length_pixels": 2,
        "kind": "road_segment"
      }
    },
    {
      "type": "Feature",
      "geometry": {
        "type": "LineString",
        "coordinates": [
          [
            328,
            92
          ],
          [
            328,
            93
          ]
        ]
      },
      "properties": {
        "source": 266,
        "target": 277,
        "length_pixels": 2,
        "kind": "road_segment"
      }
    },
    {
      "type": "Feature",
      "geometry": {
        "type": "LineString",
        "coordinates": [
          [
            328,
            92
          ],
          [
            329,
            93
          ]
        ]
      },
      "properties": {
        "source": 266,
        "target": 278,
        "length_pixels": 2,
        "kind": "road_segment"
      }
    },
    {
      "type": "Feature",
      "geometry": {
        "type": "LineString",
        "coordinates": [
          [
            330,
            92
          ],
          [
            329,
            92
          ]
        ]
      },
      "properties": {
        "source": 267,
        "target": 268,
        "length_pixels": 2,
        "kind": "road_segment"
      }
    },
    {
      "type": "Feature",
      "geometry": {
        "type": "LineString",
        "coordinates": [
          [
            329,
            92
          ],
          [
            328,
            93
          ]
        ]
      },
      "properties": {
        "source": 267,
        "target": 277,
        "length_pixels": 2,
        "kind": "road_segment"
      }
    },
    {
      "type": "Feature",
      "geometry": {
        "type": "LineString",
        "coordinates": [
          [
            329,
            92
          ],
          [
            329,
            93
          ]
        ]
      },
      "properties": {
        "source": 267,
        "target": 278,
        "length_pixels": 2,
        "kind": "road_segment"
      }
    },
    {
      "type": "Feature",
      "geometry": {
        "type": "LineString",
        "coordinates": [
          [
            330,
            92
          ],
          [
            329,
            93
          ]
        ]
      },
      "properties": {
        "source": 268,
        "target": 278,
        "length_pixels": 2,
        "kind": "road_segment"
      }
    },
    {
      "type": "Feature",
      "geometry": {
        "type": "LineString",
        "coordinates": [
          [
            330,
            92
          ],
          [
            331,
            93
          ],
          [
            332,
            93
          ],
          [
            333,
            93
          ],
          [
            334,
            93
          ],
          [
            335,
            93
          ],
          [
            336,
            93
          ],
          [
            337,
            93
          ],
          [
            338,
            93
          ],
          [
            339,
            93
          ],
          [
            340,
            93
          ],
          [
            341,
            93
          ],
          [
            342,
            93
          ],
          [
            343,
            94
          ],
          [
            344,
            93
          ],
          [
            345,
            94
          ],
          [
            346,
            94
          ],
          [
            347,
            94
          ],
          [
            348,
            94
          ],
          [
            349,
            95
          ],
          [
            350,
            95
          ],
          [
            351,
            95
          ],
          [
            352,
            95
          ],
          [
            353,
            95
          ],
          [
            354,
            95
          ],
          [
            355,
            95
          ],
          [
            356,
            95
          ],
          [
            357,
            95
          ],
          [
            358,
            95
          ],
          [
            359,
            94
          ]
        ]
      },
      "properties": {
        "source": 268,
        "target": 282,
        "length_pixels": 30,
        "kind": "road_segment"
      }
    },
    {
      "type": "Feature",
      "geometry": {
        "type": "LineString",
        "coordinates": [
          [
            191,
            93
          ],
          [
            190,
            93
          ]
        ]
      },
      "properties": {
        "source": 269,
        "target": 270,
        "length_pixels": 2,
        "kind": "road_segment"
      }
    },
    {
      "type": "Feature",
      "geometry": {
        "type": "LineString",
        "coordinates": [
          [
            190,
            93
          ],
          [
            190,
            94
          ]
        ]
      },
      "properties": {
        "source": 269,
        "target": 280,
        "length_pixels": 2,
        "kind": "road_segment"
      }
    },
    {
      "type": "Feature",
      "geometry": {
        "type": "LineString",
        "coordinates": [
          [
            190,
            93
          ],
          [
            191,
            94
          ]
        ]
      },
      "properties": {
        "source": 269,
        "target": 281,
        "length_pixels": 2,
        "kind": "road_segment"
      }
    },
    {
      "type": "Feature",
      "geometry": {
        "type": "LineString",
        "coordinates": [
          [
            191,
            93
          ],
          [
            190,
            94
          ]
        ]
      },
      "properties": {
        "source": 270,
        "target": 280,
        "length_pixels": 2,
        "kind": "road_segment"
      }
    },
    {
      "type": "Feature",
      "geometry": {
        "type": "LineString",
        "coordinates": [
          [
            191,
            93
          ],
          [
            191,
            94
          ]
        ]
      },
      "properties": {
        "source": 270,
        "target": 281,
        "length_pixels": 2,
        "kind": "road_segment"
      }
    },
    {
      "type": "Feature",
      "geometry": {
        "type": "LineString",
        "coordinates": [
          [
            324,
            93
          ],
          [
            323,
            93
          ]
        ]
      },
      "properties": {
        "source": 272,
        "target": 273,
        "length_pixels": 2,
        "kind": "road_segment"
      }
    },
    {
      "type": "Feature",
      "geometry": {
        "type": "LineString",
        "coordinates": [
          [
            325,
            93
          ],
          [
            324,
            93
          ]
        ]
      },
      "properties": {
        "source": 273,
        "target": 274,
        "length_pixels": 2,
        "kind": "road_segment"
      }
    },
    {
      "type": "Feature",
      "geometry": {
        "type": "LineString",
        "coordinates": [
          [
            326,
            93
          ],
          [
            325,
            93
          ]
        ]
      },
      "properties": {
        "source": 274,
        "target": 275,
        "length_pixels": 2,
        "kind": "road_segment"
      }
    },
    {
      "type": "Feature",
      "geometry": {
        "type": "LineString",
        "coordinates": [
          [
            326,
            93
          ],
          [
            327,
            93
          ]
        ]
      },
      "properties": {
        "source": 275,
        "target": 276,
        "length_pixels": 2,
        "kind": "road_segment"
      }
    },
    {
      "type": "Feature",
      "geometry": {
        "type": "LineString",
        "coordinates": [
          [
            328,
            93
          ],
          [
            327,
            93
          ]
        ]
      },
      "properties": {
        "source": 276,
        "target": 277,
        "length_pixels": 2,
        "kind": "road_segment"
      }
    },
    {
      "type": "Feature",
      "geometry": {
        "type": "LineString",
        "coordinates": [
          [
            329,
            93
          ],
          [
            328,
            93
          ]
        ]
      },
      "properties": {
        "source": 277,
        "target": 278,
        "length_pixels": 2,
        "kind": "road_segment"
      }
    },
    {
      "type": "Feature",
      "geometry": {
        "type": "LineString",
        "coordinates": [
          [
            190,
            95
          ],
          [
            190,
            94
          ]
        ]
      },
      "properties": {
        "source": 280,
        "target": 283,
        "length_pixels": 2,
        "kind": "road_segment"
      }
    },
    {
      "type": "Feature",
      "geometry": {
        "type": "LineString",
        "coordinates": [
          [
            191,
            94
          ],
          [
            190,
            94
          ]
        ]
      },
      "properties": {
        "source": 280,
        "target": 281,
        "length_pixels": 2,
        "kind": "road_segment"
      }
    },
    {
      "type": "Feature",
      "geometry": {
        "type": "LineString",
        "coordinates": [
          [
            190,
            94
          ],
          [
            191,
            95
          ]
        ]
      },
      "properties": {
        "source": 280,
        "target": 284,
        "length_pixels": 2,
        "kind": "road_segment"
      }
    },
    {
      "type": "Feature",
      "geometry": {
        "type": "LineString",
        "coordinates": [
          [
            190,
            95
          ],
          [
            191,
            94
          ]
        ]
      },
      "properties": {
        "source": 281,
        "target": 283,
        "length_pixels": 2,
        "kind": "road_segment"
      }
    },
    {
      "type": "Feature",
      "geometry": {
        "type": "LineString",
        "coordinates": [
          [
            191,
            94
          ],
          [
            191,
            95
          ]
        ]
      },
      "properties": {
        "source": 281,
        "target": 284,
        "length_pixels": 2,
        "kind": "road_segment"
      }
    },
    {
      "type": "Feature",
      "geometry": {
        "type": "LineString",
        "coordinates": [
          [
            359,
            94
          ],
          [
            360,
            95
          ]
        ]
      },
      "properties": {
        "source": 282,
        "target": 285,
        "length_pixels": 2,
        "kind": "road_segment"
      }
    },
    {
      "type": "Feature",
      "geometry": {
        "type": "LineString",
        "coordinates": [
          [
            190,
            95
          ],
          [
            191,
            95
          ]
        ]
      },
      "properties": {
        "source": 283,
        "target": 284,
        "length_pixels": 2,
        "kind": "road_segment"
      }
    },
    {
      "type": "Feature",
      "geometry": {
        "type": "LineString",
        "coordinates": [
          [
            190,
            95
          ],
          [
            190,
            96
          ]
        ]
      },
      "properties": {
        "source": 283,
        "target": 286,
        "length_pixels": 2,
        "kind": "road_segment"
      }
    },
    {
      "type": "Feature",
      "geometry": {
        "type": "LineString",
        "coordinates": [
          [
            190,
            95
          ],
          [
            191,
            96
          ]
        ]
      },
      "properties": {
        "source": 283,
        "target": 287,
        "length_pixels": 2,
        "kind": "road_segment"
      }
    },
    {
      "type": "Feature",
      "geometry": {
        "type": "LineString",
        "coordinates": [
          [
            191,
            96
          ],
          [
            191,
            95
          ]
        ]
      },
      "properties": {
        "source": 284,
        "target": 287,
        "length_pixels": 2,
        "kind": "road_segment"
      }
    },
    {
      "type": "Feature",
      "geometry": {
        "type": "LineString",
        "coordinates": [
          [
            190,
            96
          ],
          [
            191,
            95
          ]
        ]
      },
      "properties": {
        "source": 284,
        "target": 286,
        "length_pixels": 2,
        "kind": "road_segment"
      }
    },
    {
      "type": "Feature",
      "geometry": {
        "type": "LineString",
        "coordinates": [
          [
            360,
            95
          ],
          [
            361,
            96
          ],
          [
            362,
            97
          ]
        ]
      },
      "properties": {
        "source": 285,
        "target": 291,
        "length_pixels": 3,
        "kind": "road_segment"
      }
    },
    {
      "type": "Feature",
      "geometry": {
        "type": "LineString",
        "coordinates": [
          [
            191,
            96
          ],
          [
            190,
            96
          ]
        ]
      },
      "properties": {
        "source": 286,
        "target": 287,
        "length_pixels": 2,
        "kind": "road_segment"
      }
    },
    {
      "type": "Feature",
      "geometry": {
        "type": "LineString",
        "coordinates": [
          [
            191,
            97
          ],
          [
            190,
            96
          ]
        ]
      },
      "properties": {
        "source": 286,
        "target": 289,
        "length_pixels": 2,
        "kind": "road_segment"
      }
    },
    {
      "type": "Feature",
      "geometry": {
        "type": "LineString",
        "coordinates": [
          [
            190,
            97
          ],
          [
            190,
            96
          ]
        ]
      },
      "properties": {
        "source": 286,
        "target": 288,
        "length_pixels": 2,
        "kind": "road_segment"
      }
    },
    {
      "type": "Feature",
      "geometry": {
        "type": "LineString",
        "coordinates": [
          [
            191,
            96
          ],
          [
            190,
            97
          ]
        ]
      },
      "properties": {
        "source": 287,
        "target": 288,
        "length_pixels": 2,
        "kind": "road_segment"
      }
    },
    {
      "type": "Feature",
      "geometry": {
        "type": "LineString",
        "coordinates": [
          [
            191,
            96
          ],
          [
            191,
            97
          ]
        ]
      },
      "properties": {
        "source": 287,
        "target": 289,
        "length_pixels": 2,
        "kind": "road_segment"
      }
    },
    {
      "type": "Feature",
      "geometry": {
        "type": "LineString",
        "coordinates": [
          [
            191,
            97
          ],
          [
            190,
            97
          ]
        ]
      },
      "properties": {
        "source": 288,
        "target": 289,
        "length_pixels": 2,
        "kind": "road_segment"
      }
    },
    {
      "type": "Feature",
      "geometry": {
        "type": "LineString",
        "coordinates": [
          [
            190,
            97
          ],
          [
            190,
            98
          ]
        ]
      },
      "properties": {
        "source": 288,
        "target": 292,
        "length_pixels": 2,
        "kind": "road_segment"
      }
    },
    {
      "type": "Feature",
      "geometry": {
        "type": "LineString",
        "coordinates": [
          [
            191,
            97
          ],
          [
            190,
            98
          ]
        ]
      },
      "properties": {
        "source": 289,
        "target": 292,
        "length_pixels": 2,
        "kind": "road_segment"
      }
    },
    {
      "type": "Feature",
      "geometry": {
        "type": "LineString",
        "coordinates": [
          [
            275,
            105
          ],
          [
            276,
            104
          ],
          [
            276,
            103
          ],
          [
            277,
            102
          ],
          [
            277,
            101
          ],
          [
            278,
            100
          ],
          [
            278,
            99
          ],
          [
            279,
            98
          ],
          [
            279,
            97
          ]
        ]
      },
      "properties": {
        "source": 290,
        "target": 298,
        "length_pixels": 9,
        "kind": "road_segment"
      }
    },
    {
      "type": "Feature",
      "geometry": {
        "type": "LineString",
        "coordinates": [
          [
            190,
            100
          ],
          [
            190,
            99
          ],
          [
            190,
            98
          ]
        ]
      },
      "properties": {
        "source": 292,
        "target": 294,
        "length_pixels": 3,
        "kind": "road_segment"
      }
    },
    {
      "type": "Feature",
      "geometry": {
        "type": "LineString",
        "coordinates": [
          [
            190,
            100
          ],
          [
            189,
            101
          ]
        ]
      },
      "properties": {
        "source": 294,
        "target": 295,
        "length_pixels": 2,
        "kind": "road_segment"
      }
    },
    {
      "type": "Feature",
      "geometry": {
        "type": "LineString",
        "coordinates": [
          [
            190,
            100
          ],
          [
            190,
            101
          ]
        ]
      },
      "properties": {
        "source": 294,
        "target": 296,
        "length_pixels": 2,
        "kind": "road_segment"
      }
    },
    {
      "type": "Feature",
      "geometry": {
        "type": "LineString",
        "coordinates": [
          [
            190,
            101
          ],
          [
            189,
            101
          ]
        ]
      },
      "properties": {
        "source": 295,
        "target": 296,
        "length_pixels": 2,
        "kind": "road_segment"
      }
    },
    {
      "type": "Feature",
      "geometry": {
        "type": "LineString",
        "coordinates": [
          [
            189,
            101
          ],
          [
            190,
            102
          ]
        ]
      },
      "properties": {
        "source": 295,
        "target": 297,
        "length_pixels": 2,
        "kind": "road_segment"
      }
    },
    {
      "type": "Feature",
      "geometry": {
        "type": "LineString",
        "coordinates": [
          [
            190,
            101
          ],
          [
            190,
            102
          ]
        ]
      },
      "properties": {
        "source": 296,
        "target": 297,
        "length_pixels": 2,
        "kind": "road_segment"
      }
    },
    {
      "type": "Feature",
      "geometry": {
        "type": "LineString",
        "coordinates": [
          [
            191,
            110
          ],
          [
            190,
            109
          ],
          [
            190,
            108
          ],
          [
            190,
            107
          ],
          [
            190,
            106
          ],
          [
            190,
            105
          ],
          [
            190,
            104
          ],
          [
            190,
            103
          ],
          [
            190,
            102
          ]
        ]
      },
      "properties": {
        "source": 297,
        "target": 303,
        "length_pixels": 9,
        "kind": "road_segment"
      }
    },
    {
      "type": "Feature",
      "geometry": {
        "type": "LineString",
        "coordinates": [
          [
            275,
            105
          ],
          [
            274,
            106
          ]
        ]
      },
      "properties": {
        "source": 298,
        "target": 299,
        "length_pixels": 2,
        "kind": "road_segment"
      }
    },
    {
      "type": "Feature",
      "geometry": {
        "type": "LineString",
        "coordinates": [
          [
            275,
            105
          ],
          [
            275,
            106
          ]
        ]
      },
      "properties": {
        "source": 298,
        "target": 300,
        "length_pixels": 2,
        "kind": "road_segment"
      }
    },
    {
      "type": "Feature",
      "geometry": {
        "type": "LineString",
        "coordinates": [
          [
            274,
            107
          ],
          [
            274,
            106
          ]
        ]
      },
      "properties": {
        "source": 299,
        "target": 301,
        "length_pixels": 2,
        "kind": "road_segment"
      }
    },
    {
      "type": "Feature",
      "geometry": {
        "type": "LineString",
        "coordinates": [
          [
            275,
            106
          ],
          [
            274,
            106
          ]
        ]
      },
      "properties": {
        "source": 299,
        "target": 300,
        "length_pixels": 2,
        "kind": "road_segment"
      }
    },
    {
      "type": "Feature",
      "geometry": {
        "type": "LineString",
        "coordinates": [
          [
            274,
            107
          ],
          [
            275,
            106
          ]
        ]
      },
      "properties": {
        "source": 300,
        "target": 301,
        "length_pixels": 2,
        "kind": "road_segment"
      }
    },
    {
      "type": "Feature",
      "geometry": {
        "type": "LineString",
        "coordinates": [
          [
            274,
            107
          ],
          [
            273,
            108
          ],
          [
            272,
            109
          ],
          [
            271,
            110
          ],
          [
            270,
            111
          ],
          [
            269,
            112
          ],
          [
            268,
            113
          ],
          [
            267,
            114
          ],
          [
            266,
            115
          ],
          [
            265,
            116
          ]
        ]
      },
      "properties": {
        "source": 301,
        "target": 318,
        "length_pixels": 10,
        "kind": "road_segment"
      }
    },
    {
      "type": "Feature",
      "geometry": {
        "type": "LineString",
        "coordinates": [
          [
            190,
            111
          ],
          [
            191,
            110
          ]
        ]
      },
      "properties": {
        "source": 303,
        "target": 304,
        "length_pixels": 2,
        "kind": "road_segment"
      }
    },
    {
      "type": "Feature",
      "geometry": {
        "type": "LineString",
        "coordinates": [
          [
            191,
            110
          ],
          [
            191,
            111
          ]
        ]
      },
      "properties": {
        "source": 303,
        "target": 305,
        "length_pixels": 2,
        "kind": "road_segment"
      }
    },
    {
      "type": "Feature",
      "geometry": {
        "type": "LineString",
        "coordinates": [
          [
            190,
            111
          ],
          [
            191,
            111
          ]
        ]
      },
      "properties": {
        "source": 304,
        "target": 305,
        "length_pixels": 2,
        "kind": "road_segment"
      }
    },
    {
      "type": "Feature",
      "geometry": {
        "type": "LineString",
        "coordinates": [
          [
            190,
            111
          ],
          [
            190,
            112
          ]
        ]
      },
      "properties": {
        "source": 304,
        "target": 307,
        "length_pixels": 2,
        "kind": "road_segment"
      }
    },
    {
      "type": "Feature",
      "geometry": {
        "type": "LineString",
        "coordinates": [
          [
            190,
            111
          ],
          [
            191,
            112
          ]
        ]
      },
      "properties": {
        "source": 304,
        "target": 308,
        "length_pixels": 2,
        "kind": "road_segment"
      }
    },
    {
      "type": "Feature",
      "geometry": {
        "type": "LineString",
        "coordinates": [
          [
            191,
            112
          ],
          [
            191,
            111
          ]
        ]
      },
      "properties": {
        "source": 305,
        "target": 308,
        "length_pixels": 2,
        "kind": "road_segment"
      }
    },
    {
      "type": "Feature",
      "geometry": {
        "type": "LineString",
        "coordinates": [
          [
            190,
            112
          ],
          [
            191,
            111
          ]
        ]
      },
      "properties": {
        "source": 305,
        "target": 307,
        "length_pixels": 2,
        "kind": "road_segment"
      }
    },
    {
      "type": "Feature",
      "geometry": {
        "type": "LineString",
        "coordinates": [
          [
            191,
            112
          ],
          [
            190,
            112
          ]
        ]
      },
      "properties": {
        "source": 307,
        "target": 308,
        "length_pixels": 2,
        "kind": "road_segment"
      }
    },
    {
      "type": "Feature",
      "geometry": {
        "type": "LineString",
        "coordinates": [
          [
            190,
            112
          ],
          [
            190,
            113
          ]
        ]
      },
      "properties": {
        "source": 307,
        "target": 309,
        "length_pixels": 2,
        "kind": "road_segment"
      }
    },
    {
      "type": "Feature",
      "geometry": {
        "type": "LineString",
        "coordinates": [
          [
            190,
            112
          ],
          [
            191,
            113
          ]
        ]
      },
      "properties": {
        "source": 307,
        "target": 310,
        "length_pixels": 2,
        "kind": "road_segment"
      }
    },
    {
      "type": "Feature",
      "geometry": {
        "type": "LineString",
        "coordinates": [
          [
            191,
            112
          ],
          [
            190,
            113
          ]
        ]
      },
      "properties": {
        "source": 308,
        "target": 309,
        "length_pixels": 2,
        "kind": "road_segment"
      }
    },
    {
      "type": "Feature",
      "geometry": {
        "type": "LineString",
        "coordinates": [
          [
            191,
            112
          ],
          [
            191,
            113
          ]
        ]
      },
      "properties": {
        "source": 308,
        "target": 310,
        "length_pixels": 2,
        "kind": "road_segment"
      }
    },
    {
      "type": "Feature",
      "geometry": {
        "type": "LineString",
        "coordinates": [
          [
            191,
            113
          ],
          [
            190,
            113
          ]
        ]
      },
      "properties": {
        "source": 309,
        "target": 310,
        "length_pixels": 2,
        "kind": "road_segment"
      }
    },
    {
      "type": "Feature",
      "geometry": {
        "type": "LineString",
        "coordinates": [
          [
            191,
            114
          ],
          [
            190,
            113
          ]
        ]
      },
      "properties": {
        "source": 309,
        "target": 312,
        "length_pixels": 2,
        "kind": "road_segment"
      }
    },
    {
      "type": "Feature",
      "geometry": {
        "type": "LineString",
        "coordinates": [
          [
            190,
            113
          ],
          [
            190,
            114
          ]
        ]
      },
      "properties": {
        "source": 309,
        "target": 311,
        "length_pixels": 2,
        "kind": "road_segment"
      }
    },
    {
      "type": "Feature",
      "geometry": {
        "type": "LineString",
        "coordinates": [
          [
            191,
            113
          ],
          [
            190,
            114
          ]
        ]
      },
      "properties": {
        "source": 310,
        "target": 311,
        "length_pixels": 2,
        "kind": "road_segment"
      }
    },
    {
      "type": "Feature",
      "geometry": {
        "type": "LineString",
        "coordinates": [
          [
            191,
            113
          ],
          [
            191,
            114
          ]
        ]
      },
      "properties": {
        "source": 310,
        "target": 312,
        "length_pixels": 2,
        "kind": "road_segment"
      }
    },
    {
      "type": "Feature",
      "geometry": {
        "type": "LineString",
        "coordinates": [
          [
            191,
            115
          ],
          [
            190,
            114
          ]
        ]
      },
      "properties": {
        "source": 311,
        "target": 315,
        "length_pixels": 2,
        "kind": "road_segment"
      }
    },
    {
      "type": "Feature",
      "geometry": {
        "type": "LineString",
        "coordinates": [
          [
            190,
            115
          ],
          [
            190,
            114
          ]
        ]
      },
      "properties": {
        "source": 311,
        "target": 314,
        "length_pixels": 2,
        "kind": "road_segment"
      }
    },
    {
      "type": "Feature",
      "geometry": {
        "type": "LineString",
        "coordinates": [
          [
            191,
            114
          ],
          [
            190,
            114
          ]
        ]
      },
      "properties": {
        "source": 311,
        "target": 312,
        "length_pixels": 2,
        "kind": "road_segment"
      }
    },
    {
      "type": "Feature",
      "geometry": {
        "type": "LineString",
        "coordinates": [
          [
            191,
            115
          ],
          [
            191,
            114
          ]
        ]
      },
      "properties": {
        "source": 312,
        "target": 315,
        "length_pixels": 2,
        "kind": "road_segment"
      }
    },
    {
      "type": "Feature",
      "geometry": {
        "type": "LineString",
        "coordinates": [
          [
            190,
            115
          ],
          [
            191,
            114
          ]
        ]
      },
      "properties": {
        "source": 312,
        "target": 314,
        "length_pixels": 2,
        "kind": "road_segment"
      }
    },
    {
      "type": "Feature",
      "geometry": {
        "type": "LineString",
        "coordinates": [
          [
            191,
            115
          ],
          [
            190,
            115
          ]
        ]
      },
      "properties": {
        "source": 314,
        "target": 315,
        "length_pixels": 2,
        "kind": "road_segment"
      }
    },
    {
      "type": "Feature",
      "geometry": {
        "type": "LineString",
        "coordinates": [
          [
            190,
            115
          ],
          [
            190,
            116
          ]
        ]
      },
      "properties": {
        "source": 314,
        "target": 316,
        "length_pixels": 2,
        "kind": "road_segment"
      }
    },
    {
      "type": "Feature",
      "geometry": {
        "type": "LineString",
        "coordinates": [
          [
            190,
            115
          ],
          [
            191,
            116
          ]
        ]
      },
      "properties": {
        "source": 314,
        "target": 317,
        "length_pixels": 2,
        "kind": "road_segment"
      }
    },
    {
      "type": "Feature",
      "geometry": {
        "type": "LineString",
        "coordinates": [
          [
            191,
            115
          ],
          [
            190,
            116
          ]
        ]
      },
      "properties": {
        "source": 315,
        "target": 316,
        "length_pixels": 2,
        "kind": "road_segment"
      }
    },
    {
      "type": "Feature",
      "geometry": {
        "type": "LineString",
        "coordinates": [
          [
            191,
            115
          ],
          [
            191,
            116
          ]
        ]
      },
      "properties": {
        "source": 315,
        "target": 317,
        "length_pixels": 2,
        "kind": "road_segment"
      }
    },
    {
      "type": "Feature",
      "geometry": {
        "type": "LineString",
        "coordinates": [
          [
            190,
            117
          ],
          [
            190,
            116
          ]
        ]
      },
      "properties": {
        "source": 316,
        "target": 319,
        "length_pixels": 2,
        "kind": "road_segment"
      }
    },
    {
      "type": "Feature",
      "geometry": {
        "type": "LineString",
        "coordinates": [
          [
            191,
            116
          ],
          [
            190,
            116
          ]
        ]
      },
      "properties": {
        "source": 316,
        "target": 317,
        "length_pixels": 2,
        "kind": "road_segment"
      }
    },
    {
      "type": "Feature",
      "geometry": {
        "type": "LineString",
        "coordinates": [
          [
            190,
            116
          ],
          [
            191,
            117
          ]
        ]
      },
      "properties": {
        "source": 316,
        "target": 320,
        "length_pixels": 2,
        "kind": "road_segment"
      }
    },
    {
      "type": "Feature",
      "geometry": {
        "type": "LineString",
        "coordinates": [
          [
            190,
            117
          ],
          [
            191,
            116
          ]
        ]
      },
      "properties": {
        "source": 317,
        "target": 319,
        "length_pixels": 2,
        "kind": "road_segment"
      }
    },
    {
      "type": "Feature",
      "geometry": {
        "type": "LineString",
        "coordinates": [
          [
            191,
            116
          ],
          [
            191,
            117
          ]
        ]
      },
      "properties": {
        "source": 317,
        "target": 320,
        "length_pixels": 2,
        "kind": "road_segment"
      }
    },
    {
      "type": "Feature",
      "geometry": {
        "type": "LineString",
        "coordinates": [
          [
            265,
            117
          ],
          [
            265,
            116
          ]
        ]
      },
      "properties": {
        "source": 318,
        "target": 322,
        "length_pixels": 2,
        "kind": "road_segment"
      }
    },
    {
      "type": "Feature",
      "geometry": {
        "type": "LineString",
        "coordinates": [
          [
            264,
            117
          ],
          [
            265,
            116
          ]
        ]
      },
      "properties": {
        "source": 318,
        "target": 321,
        "length_pixels": 2,
        "kind": "road_segment"
      }
    },
    {
      "type": "Feature",
      "geometry": {
        "type": "LineString",
        "coordinates": [
          [
            190,
            117
          ],
          [
            191,
            117
          ]
        ]
      },
      "properties": {
        "source": 319,
        "target": 320,
        "length_pixels": 2,
        "kind": "road_segment"
      }
    },
    {
      "type": "Feature",
      "geometry": {
        "type": "LineString",
        "coordinates": [
          [
            190,
            117
          ],
          [
            190,
            118
          ]
        ]
      },
      "properties": {
        "source": 319,
        "target": 323,
        "length_pixels": 2,
        "kind": "road_segment"
      }
    },
    {
      "type": "Feature",
      "geometry": {
        "type": "LineString",
        "coordinates": [
          [
            190,
            118
          ],
          [
            191,
            117
          ]
        ]
      },
      "properties": {
        "source": 320,
        "target": 323,
        "length_pixels": 2,
        "kind": "road_segment"
      }
    },
    {
      "type": "Feature",
      "geometry": {
        "type": "LineString",
        "coordinates": [
          [
            265,
            117
          ],
          [
            264,
            117
          ]
        ]
      },
      "properties": {
        "source": 321,
        "target": 322,
        "length_pixels": 2,
        "kind": "road_segment"
      }
    },
    {
      "type": "Feature",
      "geometry": {
        "type": "LineString",
        "coordinates": [
          [
            264,
            117
          ],
          [
            263,
            118
          ]
        ]
      },
      "properties": {
        "source": 321,
        "target": 325,
        "length_pixels": 2,
        "kind": "road_segment"
      }
    },
    {
      "type": "Feature",
      "geometry": {
        "type": "LineString",
        "coordinates": [
          [
            264,
            117
          ],
          [
            264,
            118
          ]
        ]
      },
      "properties": {
        "source": 321,
        "target": 326,
        "length_pixels": 2,
        "kind": "road_segment"
      }
    },
    {
      "type": "Feature",
      "geometry": {
        "type": "LineString",
        "coordinates": [
          [
            265,
            117
          ],
          [
            264,
            118
          ]
        ]
      },
      "properties": {
        "source": 322,
        "target": 326,
        "length_pixels": 2,
        "kind": "road_segment"
      }
    },
    {
      "type": "Feature",
      "geometry": {
        "type": "LineString",
        "coordinates": [
          [
            190,
            118
          ],
          [
            191,
            119
          ],
          [
            191,
            120
          ],
          [
            191,
            121
          ],
          [
            191,
            122
          ],
          [
            191,
            123
          ],
          [
            190,
            124
          ],
          [
            191,
            125
          ],
          [
            191,
            126
          ],
          [
            192,
            127
          ]
        ]
      },
      "properties": {
        "source": 323,
        "target": 332,
        "length_pixels": 10,
        "kind": "road_segment"
      }
    },
    {
      "type": "Feature",
      "geometry": {
        "type": "LineString",
        "coordinates": [
          [
            263,
            119
          ],
          [
            263,
            118
          ]
        ]
      },
      "properties": {
        "source": 325,
        "target": 328,
        "length_pixels": 2,
        "kind": "road_segment"
      }
    },
    {
      "type": "Feature",
      "geometry": {
        "type": "LineString",
        "coordinates": [
          [
            262,
            119
          ],
          [
            263,
            118
          ]
        ]
      },
      "properties": {
        "source": 325,
        "target": 327,
        "length_pixels": 2,
        "kind": "road_segment"
      }
    },
    {
      "type": "Feature",
      "geometry": {
        "type": "LineString",
        "coordinates": [
          [
            264,
            118
          ],
          [
            263,
            118
          ]
        ]
      },
      "properties": {
        "source": 325,
        "target": 326,
        "length_pixels": 2,
        "kind": "road_segment"
      }
    },
    {
      "type": "Feature",
      "geometry": {
        "type": "LineString",
        "coordinates": [
          [
            263,
            119
          ],
          [
            264,
            118
          ]
        ]
      },
      "properties": {
        "source": 326,
        "target": 328,
        "length_pixels": 2,
        "kind": "road_segment"
      }
    },
    {
      "type": "Feature",
      "geometry": {
        "type": "LineString",
        "coordinates": [
          [
            263,
            119
          ],
          [
            262,
            119
          ]
        ]
      },
      "properties": {
        "source": 327,
        "target": 328,
        "length_pixels": 2,
        "kind": "road_segment"
      }
    },
    {
      "type": "Feature",
      "geometry": {
        "type": "LineString",
        "coordinates": [
          [
            262,
            119
          ],
          [
            262,
            120
          ]
        ]
      },
      "properties": {
        "source": 327,
        "target": 329,
        "length_pixels": 2,
        "kind": "road_segment"
      }
    },
    {
      "type": "Feature",
      "geometry": {
        "type": "LineString",
        "coordinates": [
          [
            263,
            119
          ],
          [
            262,
            120
          ]
        ]
      },
      "properties": {
        "source": 328,
        "target": 329,
        "length_pixels": 2,
        "kind": "road_segment"
      }
    },
    {
      "type": "Feature",
      "geometry": {
        "type": "LineString",
        "coordinates": [
          [
            253,
            129
          ],
          [
            254,
            128
          ],
          [
            255,
            127
          ],
          [
            256,
            126
          ],
          [
            257,
            125
          ],
          [
            258,
            124
          ],
          [
            259,
            123
          ],
          [
            260,
            122
          ],
          [
            261,
            121
          ],
          [
            262,
            120
          ]
        ]
      },
      "properties": {
        "source": 329,
        "target": 337,
        "length_pixels": 10,
        "kind": "road_segment"
      }
    },
    {
      "type": "Feature",
      "geometry": {
        "type": "LineString",
        "coordinates": [
          [
            192,
            127
          ],
          [
            191,
            128
          ]
        ]
      },
      "properties": {
        "source": 332,
        "target": 333,
        "length_pixels": 2,
        "kind": "road_segment"
      }
    },
    {
      "type": "Feature",
      "geometry": {
        "type": "LineString",
        "coordinates": [
          [
            192,
            127
          ],
          [
            192,
            128
          ]
        ]
      },
      "properties": {
        "source": 332,
        "target": 334,
        "length_pixels": 2,
        "kind": "road_segment"
      }
    },
    {
      "type": "Feature",
      "geometry": {
        "type": "LineString",
        "coordinates": [
          [
            192,
            129
          ],
          [
            191,
            128
          ]
        ]
      },
      "properties": {
        "source": 333,
        "target": 336,
        "length_pixels": 2,
        "kind": "road_segment"
      }
    },
    {
      "type": "Feature",
      "geometry": {
        "type": "LineString",
        "coordinates": [
          [
            191,
            129
          ],
          [
            191,
            128
          ]
        ]
      },
      "properties": {
        "source": 333,
        "target": 335,
        "length_pixels": 2,
        "kind": "road_segment"
      }
    },
    {
      "type": "Feature",
      "geometry": {
        "type": "LineString",
        "coordinates": [
          [
            192,
            128
          ],
          [
            191,
            128
          ]
        ]
      },
      "properties": {
        "source": 333,
        "target": 334,
        "length_pixels": 2,
        "kind": "road_segment"
      }
    },
    {
      "type": "Feature",
      "geometry": {
        "type": "LineString",
        "coordinates": [
          [
            192,
            129
          ],
          [
            192,
            128
          ]
        ]
      },
      "properties": {
        "source": 334,
        "target": 336,
        "length_pixels": 2,
        "kind": "road_segment"
      }
    },
    {
      "type": "Feature",
      "geometry": {
        "type": "LineString",
        "coordinates": [
          [
            191,
            129
          ],
          [
            192,
            128
          ]
        ]
      },
      "properties": {
        "source": 334,
        "target": 335,
        "length_pixels": 2,
        "kind": "road_segment"
      }
    },
    {
      "type": "Feature",
      "geometry": {
        "type": "LineString",
        "coordinates": [
          [
            192,
            129
          ],
          [
            191,
            129
          ]
        ]
      },
      "properties": {
        "source": 335,
        "target": 336,
        "length_pixels": 2,
        "kind": "road_segment"
      }
    },
    {
      "type": "Feature",
      "geometry": {
        "type": "LineString",
        "coordinates": [
          [
            191,
            129
          ],
          [
            191,
            130
          ]
        ]
      },
      "properties": {
        "source": 335,
        "target": 338,
        "length_pixels": 2,
        "kind": "road_segment"
      }
    },
    {
      "type": "Feature",
      "geometry": {
        "type": "LineString",
        "coordinates": [
          [
            191,
            129
          ],
          [
            192,
            130
          ]
        ]
      },
      "properties": {
        "source": 335,
        "target": 339,
        "length_pixels": 2,
        "kind": "road_segment"
      }
    },
    {
      "type": "Feature",
      "geometry": {
        "type": "LineString",
        "coordinates": [
          [
            192,
            129
          ],
          [
            191,
            130
          ]
        ]
      },
      "properties": {
        "source": 336,
        "target": 338,
        "length_pixels": 2,
        "kind": "road_segment"
      }
    },
    {
      "type": "Feature",
      "geometry": {
        "type": "LineString",
        "coordinates": [
          [
            192,
            129
          ],
          [
            192,
            130
          ]
        ]
      },
      "properties": {
        "source": 336,
        "target": 339,
        "length_pixels": 2,
        "kind": "road_segment"
      }
    },
    {
      "type": "Feature",
      "geometry": {
        "type": "LineString",
        "coordinates": [
          [
            253,
            129
          ],
          [
            252,
            130
          ]
        ]
      },
      "properties": {
        "source": 337,
        "target": 340,
        "length_pixels": 2,
        "kind": "road_segment"
      }
    },
    {
      "type": "Feature",
      "geometry": {
        "type": "LineString",
        "coordinates": [
          [
            253,
            129
          ],
          [
            253,
            130
          ]
        ]
      },
      "properties": {
        "source": 337,
        "target": 341,
        "length_pixels": 2,
        "kind": "road_segment"
      }
    },
    {
      "type": "Feature",
      "geometry": {
        "type": "LineString",
        "coordinates": [
          [
            191,
            131
          ],
          [
            191,
            130
          ]
        ]
      },
      "properties": {
        "source": 338,
        "target": 342,
        "length_pixels": 2,
        "kind": "road_segment"
      }
    },
    {
      "type": "Feature",
      "geometry": {
        "type": "LineString",
        "coordinates": [
          [
            192,
            130
          ],
          [
            191,
            130
          ]
        ]
      },
      "properties": {
        "source": 338,
        "target": 339,
        "length_pixels": 2,
        "kind": "road_segment"
      }
    },
    {
      "type": "Feature",
      "geometry": {
        "type": "LineString",
        "coordinates": [
          [
            192,
            131
          ],
          [
            191,
            130
          ]
        ]
      },
      "properties": {
        "source": 338,
        "target": 343,
        "length_pixels": 2,
        "kind": "road_segment"
      }
    },
    {
      "type": "Feature",
      "geometry": {
        "type": "LineString",
        "coordinates": [
          [
            191,
            131
          ],
          [
            192,
            130
          ]
        ]
      },
      "properties": {
        "source": 339,
        "target": 342,
        "length_pixels": 2,
        "kind": "road_segment"
      }
    },
    {
      "type": "Feature",
      "geometry": {
        "type": "LineString",
        "coordinates": [
          [
            192,
            130
          ],
          [
            192,
            131
          ]
        ]
      },
      "properties": {
        "source": 339,
        "target": 343,
        "length_pixels": 2,
        "kind": "road_segment"
      }
    },
    {
      "type": "Feature",
      "geometry": {
        "type": "LineString",
        "coordinates": [
          [
            253,
            130
          ],
          [
            252,
            130
          ]
        ]
      },
      "properties": {
        "source": 340,
        "target": 341,
        "length_pixels": 2,
        "kind": "road_segment"
      }
    },
    {
      "type": "Feature",
      "geometry": {
        "type": "LineString",
        "coordinates": [
          [
            252,
            130
          ],
          [
            252,
            131
          ]
        ]
      },
      "properties": {
        "source": 340,
        "target": 344,
        "length_pixels": 2,
        "kind": "road_segment"
      }
    },
    {
      "type": "Feature",
      "geometry": {
        "type": "LineString",
        "coordinates": [
          [
            253,
            130
          ],
          [
            252,
            131
          ]
        ]
      },
      "properties": {
        "source": 341,
        "target": 344,
        "length_pixels": 2,
        "kind": "road_segment"
      }
    },
    {
      "type": "Feature",
      "geometry": {
        "type": "LineString",
        "coordinates": [
          [
            191,
            131
          ],
          [
            192,
            131
          ]
        ]
      },
      "properties": {
        "source": 342,
        "target": 343,
        "length_pixels": 2,
        "kind": "road_segment"
      }
    },
    {
      "type": "Feature",
      "geometry": {
        "type": "LineString",
        "coordinates": [
          [
            191,
            131
          ],
          [
            191,
            132
          ]
        ]
      },
      "properties": {
        "source": 342,
        "target": 345,
        "length_pixels": 2,
        "kind": "road_segment"
      }
    },
    {
      "type": "Feature",
      "geometry": {
        "type": "LineString",
        "coordinates": [
          [
            191,
            131
          ],
          [
            192,
            132
          ]
        ]
      },
      "properties": {
        "source": 342,
        "target": 346,
        "length_pixels": 2,
        "kind": "road_segment"
      }
    },
    {
      "type": "Feature",
      "geometry": {
        "type": "LineString",
        "coordinates": [
          [
            192,
            132
          ],
          [
            192,
            131
          ]
        ]
      },
      "properties": {
        "source": 343,
        "target": 346,
        "length_pixels": 2,
        "kind": "road_segment"
      }
    },
    {
      "type": "Feature",
      "geometry": {
        "type": "LineString",
        "coordinates": [
          [
            191,
            132
          ],
          [
            192,
            131
          ]
        ]
      },
      "properties": {
        "source": 343,
        "target": 345,
        "length_pixels": 2,
        "kind": "road_segment"
      }
    },
    {
      "type": "Feature",
      "geometry": {
        "type": "LineString",
        "coordinates": [
          [
            243,
            140
          ],
          [
            244,
            139
          ],
          [
            245,
            138
          ],
          [
            246,
            137
          ],
          [
            247,
            136
          ],
          [
            248,
            135
          ],
          [
            249,
            134
          ],
          [
            250,
            133
          ],
          [
            251,
            132
          ],
          [
            252,
            131
          ]
        ]
      },
      "properties": {
        "source": 344,
        "target": 356,
        "length_pixels": 10,
        "kind": "road_segment"
      }
    },
    {
      "type": "Feature",
      "geometry": {
        "type": "LineString",
        "coordinates": [
          [
            192,
            132
          ],
          [
            191,
            132
          ]
        ]
      },
      "properties": {
        "source": 345,
        "target": 346,
        "length_pixels": 2,
        "kind": "road_segment"
      }
    },
    {
      "type": "Feature",
      "geometry": {
        "type": "LineString",
        "coordinates": [
          [
            191,
            132
          ],
          [
            191,
            133
          ]
        ]
      },
      "properties": {
        "source": 345,
        "target": 347,
        "length_pixels": 2,
        "kind": "road_segment"
      }
    },
    {
      "type": "Feature",
      "geometry": {
        "type": "LineString",
        "coordinates": [
          [
            191,
            132
          ],
          [
            192,
            133
          ]
        ]
      },
      "properties": {
        "source": 345,
        "target": 348,
        "length_pixels": 2,
        "kind": "road_segment"
      }
    },
    {
      "type": "Feature",
      "geometry": {
        "type": "LineString",
        "coordinates": [
          [
            192,
            132
          ],
          [
            191,
            133
          ]
        ]
      },
      "properties": {
        "source": 346,
        "target": 347,
        "length_pixels": 2,
        "kind": "road_segment"
      }
    },
    {
      "type": "Feature",
      "geometry": {
        "type": "LineString",
        "coordinates": [
          [
            192,
            132
          ],
          [
            192,
            133
          ]
        ]
      },
      "properties": {
        "source": 346,
        "target": 348,
        "length_pixels": 2,
        "kind": "road_segment"
      }
    },
    {
      "type": "Feature",
      "geometry": {
        "type": "LineString",
        "coordinates": [
          [
            192,
            134
          ],
          [
            191,
            133
          ]
        ]
      },
      "properties": {
        "source": 347,
        "target": 350,
        "length_pixels": 2,
        "kind": "road_segment"
      }
    },
    {
      "type": "Feature",
      "geometry": {
        "type": "LineString",
        "coordinates": [
          [
            191,
            134
          ],
          [
            191,
            133
          ]
        ]
      },
      "properties": {
        "source": 347,
        "target": 349,
        "length_pixels": 2,
        "kind": "road_segment"
      }
    },
    {
      "type": "Feature",
      "geometry": {
        "type": "LineString",
        "coordinates": [
          [
            192,
            133
          ],
          [
            191,
            133
          ]
        ]
      },
      "properties": {
        "source": 347,
        "target": 348,
        "length_pixels": 2,
        "kind": "road_segment"
      }
    },
    {
      "type": "Feature",
      "geometry": {
        "type": "LineString",
        "coordinates": [
          [
            192,
            134
          ],
          [
            192,
            133
          ]
        ]
      },
      "properties": {
        "source": 348,
        "target": 350,
        "length_pixels": 2,
        "kind": "road_segment"
      }
    },
    {
      "type": "Feature",
      "geometry": {
        "type": "LineString",
        "coordinates": [
          [
            191,
            134
          ],
          [
            192,
            133
          ]
        ]
      },
      "properties": {
        "source": 348,
        "target": 349,
        "length_pixels": 2,
        "kind": "road_segment"
      }
    },
    {
      "type": "Feature",
      "geometry": {
        "type": "LineString",
        "coordinates": [
          [
            192,
            134
          ],
          [
            191,
            134
          ]
        ]
      },
      "properties": {
        "source": 349,
        "target": 350,
        "length_pixels": 2,
        "kind": "road_segment"
      }
    },
    {
      "type": "Feature",
      "geometry": {
        "type": "LineString",
        "coordinates": [
          [
            192,
            135
          ],
          [
            191,
            134
          ]
        ]
      },
      "properties": {
        "source": 349,
        "target": 352,
        "length_pixels": 2,
        "kind": "road_segment"
      }
    },
    {
      "type": "Feature",
      "geometry": {
        "type": "LineString",
        "coordinates": [
          [
            191,
            134
          ],
          [
            191,
            135
          ]
        ]
      },
      "properties": {
        "source": 349,
        "target": 351,
        "length_pixels": 2,
        "kind": "road_segment"
      }
    },
    {
      "type": "Feature",
      "geometry": {
        "type": "LineString",
        "coordinates": [
          [
            192,
            134
          ],
          [
            191,
            135
          ]
        ]
      },
      "properties": {
        "source": 350,
        "target": 351,
        "length_pixels": 2,
        "kind": "road_segment"
      }
    },
    {
      "type": "Feature",
      "geometry": {
        "type": "LineString",
        "coordinates": [
          [
            192,
            134
          ],
          [
            192,
            135
          ]
        ]
      },
      "properties": {
        "source": 350,
        "target": 352,
        "length_pixels": 2,
        "kind": "road_segment"
      }
    },
    {
      "type": "Feature",
      "geometry": {
        "type": "LineString",
        "coordinates": [
          [
            192,
            135
          ],
          [
            191,
            135
          ]
        ]
      },
      "properties": {
        "source": 351,
        "target": 352,
        "length_pixels": 2,
        "kind": "road_segment"
      }
    },
    {
      "type": "Feature",
      "geometry": {
        "type": "LineString",
        "coordinates": [
          [
            191,
            135
          ],
          [
            191,
            136
          ]
        ]
      },
      "properties": {
        "source": 351,
        "target": 354,
        "length_pixels": 2,
        "kind": "road_segment"
      }
    },
    {
      "type": "Feature",
      "geometry": {
        "type": "LineString",
        "coordinates": [
          [
            192,
            135
          ],
          [
            191,
            136
          ]
        ]
      },
      "properties": {
        "source": 352,
        "target": 354,
        "length_pixels": 2,
        "kind": "road_segment"
      }
    },
    {
      "type": "Feature",
      "geometry": {
        "type": "LineString",
        "coordinates": [
          [
            192,
            144
          ],
          [
            192,
            143
          ],
          [
            192,
            142
          ],
          [
            192,
            141
          ],
          [
            192,
            140
          ],
          [
            192,
            139
          ],
          [
            192,
            138
          ],
          [
            192,
            137
          ],
          [
            191,
            136
          ]
        ]
      },
      "properties": {
        "source": 354,
        "target": 367,
        "length_pixels": 9,
        "kind": "road_segment"
      }
    },
    {
      "type": "Feature",
      "geometry": {
        "type": "LineString",
        "coordinates": [
          [
            243,
            140
          ],
          [
            242,
            141
          ]
        ]
      },
      "properties": {
        "source": 356,
        "target": 357,
        "length_pixels": 2,
        "kind": "road_segment"
      }
    },
    {
      "type": "Feature",
      "geometry": {
        "type": "LineString",
        "coordinates": [
          [
            243,
            140
          ],
          [
            243,
            141
          ]
        ]
      },
      "properties": {
        "source": 356,
        "target": 358,
        "length_pixels": 2,
        "kind": "road_segment"
      }
    },
    {
      "type": "Feature",
      "geometry": {
        "type": "LineString",
        "coordinates": [
          [
            242,
            142
          ],
          [
            242,
            141
          ]
        ]
      },
      "properties": {
        "source": 357,
        "target": 361,
        "length_pixels": 2,
        "kind": "road_segment"
      }
    },
    {
      "type": "Feature",
      "geometry": {
        "type": "LineString",
        "coordinates": [
          [
            241,
            142
          ],
          [
            242,
            141
          ]
        ]
      },
      "properties": {
        "source": 357,
        "target": 360,
        "length_pixels": 2,
        "kind": "road_segment"
      }
    },
    {
      "type": "Feature",
      "geometry": {
        "type": "LineString",
        "coordinates": [
          [
            243,
            141
          ],
          [
            242,
            141
          ]
        ]
      },
      "properties": {
        "source": 357,
        "target": 358,
        "length_pixels": 2,
        "kind": "road_segment"
      }
    },
    {
      "type": "Feature",
      "geometry": {
        "type": "LineString",
        "coordinates": [
          [
            242,
            142
          ],
          [
            243,
            141
          ]
        ]
      },
      "properties": {
        "source": 358,
        "target": 361,
        "length_pixels": 2,
        "kind": "road_segment"
      }
    },
    {
      "type": "Feature",
      "geometry": {
        "type": "LineString",
        "coordinates": [
          [
            242,
            142
          ],
          [
            241,
            142
          ]
        ]
      },
      "properties": {
        "source": 360,
        "target": 361,
        "length_pixels": 2,
        "kind": "road_segment"
      }
    },
    {
      "type": "Feature",
      "geometry": {
        "type": "LineString",
        "coordinates": [
          [
            241,
            142
          ],
          [
            240,
            143
          ]
        ]
      },
      "properties": {
        "source": 360,
        "target": 364,
        "length_pixels": 2,
        "kind": "road_segment"
      }
    },
    {
      "type": "Feature",
      "geometry": {
        "type": "LineString",
        "coordinates": [
          [
            241,
            142
          ],
          [
            241,
            143
          ]
        ]
      },
      "properties": {
        "source": 360,
        "target": 365,
        "length_pixels": 2,
        "kind": "road_segment"
      }
    },
    {
      "type": "Feature",
      "geometry": {
        "type": "LineString",
        "coordinates": [
          [
            242,
            142
          ],
          [
            241,
            143
          ]
        ]
      },
      "properties": {
        "source": 361,
        "target": 365,
        "length_pixels": 2,
        "kind": "road_segment"
      }
    },
    {
      "type": "Feature",
      "geometry": {
        "type": "LineString",
        "coordinates": [
          [
            240,
            144
          ],
          [
            240,
            143
          ]
        ]
      },
      "properties": {
        "source": 364,
        "target": 369,
        "length_pixels": 2,
        "kind": "road_segment"
      }
    },
    {
      "type": "Feature",
      "geometry": {
        "type": "LineString",
        "coordinates": [
          [
            239,
            144
          ],
          [
            240,
            143
          ]
        ]
      },
      "properties": {
        "source": 364,
        "target": 368,
        "length_pixels": 2,
        "kind": "road_segment"
      }
    },
    {
      "type": "Feature",
      "geometry": {
        "type": "LineString",
        "coordinates": [
          [
            241,
            143
          ],
          [
            240,
            143
          ]
        ]
      },
      "properties": {
        "source": 364,
        "target": 365,
        "length_pixels": 2,
        "kind": "road_segment"
      }
    },
    {
      "type": "Feature",
      "geometry": {
        "type": "LineString",
        "coordinates": [
          [
            240,
            144
          ],
          [
            241,
            143
          ]
        ]
      },
      "properties": {
        "source": 365,
        "target": 369,
        "length_pixels": 2,
        "kind": "road_segment"
      }
    },
    {
      "type": "Feature",
      "geometry": {
        "type": "LineString",
        "coordinates": [
          [
            191,
            145
          ],
          [
            192,
            144
          ]
        ]
      },
      "properties": {
        "source": 367,
        "target": 370,
        "length_pixels": 2,
        "kind": "road_segment"
      }
    },
    {
      "type": "Feature",
      "geometry": {
        "type": "LineString",
        "coordinates": [
          [
            197,
            149
          ],
          [
            196,
            148
          ],
          [
            195,
            147
          ],
          [
            194,
            146
          ],
          [
            193,
            145
          ],
          [
            192,
            144
          ]
        ]
      },
      "properties": {
        "source": 367,
        "target": 374,
        "length_pixels": 6,
        "kind": "road_segment"
      }
    },
    {
      "type": "Feature",
      "geometry": {
        "type": "LineString",
        "coordinates": [
          [
            240,
            144
          ],
          [
            239,
            144
          ]
        ]
      },
      "properties": {
        "source": 368,
        "target": 369,
        "length_pixels": 2,
        "kind": "road_segment"
      }
    },
    {
      "type": "Feature",
      "geometry": {
        "type": "LineString",
        "coordinates": [
          [
            239,
            144
          ],
          [
            239,
            145
          ]
        ]
      },
      "properties": {
        "source": 368,
        "target": 371,
        "length_pixels": 2,
        "kind": "road_segment"
      }
    },
    {
      "type": "Feature",
      "geometry": {
        "type": "LineString",
        "coordinates": [
          [
            240,
            144
          ],
          [
            239,
            145
          ]
        ]
      },
      "properties": {
        "source": 369,
        "target": 371,
        "length_pixels": 2,
        "kind": "road_segment"
      }
    },
    {
      "type": "Feature",
      "geometry": {
        "type": "LineString",
        "coordinates": [
          [
            231,
            153
          ],
          [
            232,
            152
          ],
          [
            233,
            151
          ],
          [
            234,
            150
          ],
          [
            235,
            149
          ],
          [
            236,
            148
          ],
          [
            237,
            147
          ],
          [
            238,
            146
          ],
          [
            239,
            145
          ]
        ]
      },
      "properties": {
        "source": 371,
        "target": 375,
        "length_pixels": 9,
        "kind": "road_segment"
      }
    },
    {
      "type": "Feature",
      "geometry": {
        "type": "LineString",
        "coordinates": [
          [
            188,
            149
          ],
          [
            189,
            148
          ],
          [
            190,
            147
          ]
        ]
      },
      "properties": {
        "source": 372,
        "target": 373,
        "length_pixels": 3,
        "kind": "road_segment"
      }
    },
    {
      "type": "Feature",
      "geometry": {
        "type": "LineString",
        "coordinates": [
          [
            230,
            154
          ],
          [
            231,
            153
          ]
        ]
      },
      "properties": {
        "source": 375,
        "target": 376,
        "length_pixels": 2,
        "kind": "road_segment"
      }
    },
    {
      "type": "Feature",
      "geometry": {
        "type": "LineString",
        "coordinates": [
          [
            231,
            153
          ],
          [
            231,
            154
          ]
        ]
      },
      "properties": {
        "source": 375,
        "target": 377,
        "length_pixels": 2,
        "kind": "road_segment"
      }
    },
    {
      "type": "Feature",
      "geometry": {
        "type": "LineString",
        "coordinates": [
          [
            230,
            154
          ],
          [
            231,
            154
          ]
        ]
      },
      "properties": {
        "source": 376,
        "target": 377,
        "length_pixels": 2,
        "kind": "road_segment"
      }
    },
    {
      "type": "Feature",
      "geometry": {
        "type": "LineString",
        "coordinates": [
          [
            230,
            154
          ],
          [
            230,
            155
          ]
        ]
      },
      "properties": {
        "source": 376,
        "target": 378,
        "length_pixels": 2,
        "kind": "road_segment"
      }
    },
    {
      "type": "Feature",
      "geometry": {
        "type": "LineString",
        "coordinates": [
          [
            230,
            155
          ],
          [
            231,
            154
          ]
        ]
      },
      "properties": {
        "source": 377,
        "target": 378,
        "length_pixels": 2,
        "kind": "road_segment"
      }
    },
    {
      "type": "Feature",
      "geometry": {
        "type": "LineString",
        "coordinates": [
          [
            221,
            171
          ],
          [
            222,
            170
          ],
          [
            222,
            169
          ],
          [
            223,
            168
          ],
          [
            223,
            167
          ],
          [
            224,
            166
          ],
          [
            224,
            165
          ],
          [
            225,
            164
          ],
          [
            225,
            163
          ],
          [
            225,
            162
          ],
          [
            226,
            161
          ],
          [
            226,
            160
          ],
          [
            227,
            159
          ],
          [
            228,
            158
          ],
          [
            228,
            157
          ],
          [
            229,
            156
          ],
          [
            230,
            155
          ]
        ]
      },
      "properties": {
        "source": 378,
        "target": 379,
        "length_pixels": 17,
        "kind": "road_segment"
      }
    },
    {
      "type": "Feature",
      "geometry": {
        "type": "LineString",
        "coordinates": [
          [
            190,
            186
          ],
          [
            191,
            187
          ],
          [
            192,
            188
          ]
        ]
      },
      "properties": {
        "source": 381,
        "target": 384,
        "length_pixels": 3,
        "kind": "road_segment"
      }
    },
    {
      "type": "Feature",
      "geometry": {
        "type": "LineString",
        "coordinates": [
          [
            206,
            187
          ],
          [
            205,
            188
          ],
          [
            204,
            188
          ],
          [
            203,
            189
          ],
          [
            202,
            189
          ],
          [
            201,
            190
          ],
          [
            200,
            190
          ],
          [
            199,
            191
          ],
          [
            198,
            191
          ],
          [
            197,
            192
          ],
          [
            196,
            192
          ],
          [
            195,
            193
          ]
        ]
      },
      "properties": {
        "source": 383,
        "target": 386,
        "length_pixels": 12,
        "kind": "road_segment"
      }
    },
    {
      "type": "Feature",
      "geometry": {
        "type": "LineString",
        "coordinates": [
          [
            195,
            194
          ],
          [
            195,
            193
          ]
        ]
      },
      "properties": {
        "source": 386,
        "target": 388,
        "length_pixels": 2,
        "kind": "road_segment"
      }
    },
    {
      "type": "Feature",
      "geometry": {
        "type": "LineString",
        "coordinates": [
          [
            194,
            194
          ],
          [
            195,
            193
          ]
        ]
      },
      "properties": {
        "source": 386,
        "target": 387,
        "length_pixels": 2,
        "kind": "road_segment"
      }
    },
    {
      "type": "Feature",
      "geometry": {
        "type": "LineString",
        "coordinates": [
          [
            193,
            195
          ],
          [
            194,
            194
          ]
        ]
      },
      "properties": {
        "source": 387,
        "target": 389,
        "length_pixels": 2,
        "kind": "road_segment"
      }
    },
    {
      "type": "Feature",
      "geometry": {
        "type": "LineString",
        "coordinates": [
          [
            195,
            194
          ],
          [
            194,
            194
          ]
        ]
      },
      "properties": {
        "source": 387,
        "target": 388,
        "length_pixels": 2,
        "kind": "road_segment"
      }
    },
    {
      "type": "Feature",
      "geometry": {
        "type": "LineString",
        "coordinates": [
          [
            194,
            194
          ],
          [
            194,
            195
          ]
        ]
      },
      "properties": {
        "source": 387,
        "target": 390,
        "length_pixels": 2,
        "kind": "road_segment"
      }
    },
    {
      "type": "Feature",
      "geometry": {
        "type": "LineString",
        "coordinates": [
          [
            195,
            194
          ],
          [
            194,
            195
          ]
        ]
      },
      "properties": {
        "source": 388,
        "target": 390,
        "length_pixels": 2,
        "kind": "road_segment"
      }
    },
    {
      "type": "Feature",
      "geometry": {
        "type": "LineString",
        "coordinates": [
          [
            193,
            195
          ],
          [
            194,
            195
          ]
        ]
      },
      "properties": {
        "source": 389,
        "target": 390,
        "length_pixels": 2,
        "kind": "road_segment"
      }
    },
    {
      "type": "Feature",
      "geometry": {
        "type": "LineString",
        "coordinates": [
          [
            193,
            195
          ],
          [
            193,
            196
          ]
        ]
      },
      "properties": {
        "source": 389,
        "target": 391,
        "length_pixels": 2,
        "kind": "road_segment"
      }
    },
    {
      "type": "Feature",
      "geometry": {
        "type": "LineString",
        "coordinates": [
          [
            193,
            196
          ],
          [
            194,
            195
          ]
        ]
      },
      "properties": {
        "source": 390,
        "target": 391,
        "length_pixels": 2,
        "kind": "road_segment"
      }
    },
    {
      "type": "Feature",
      "geometry": {
        "type": "LineString",
        "coordinates": [
          [
            193,
            196
          ],
          [
            192,
            197
          ],
          [
            192,
            198
          ],
          [
            191,
            199
          ],
          [
            191,
            200
          ],
          [
            190,
            201
          ]
        ]
      },
      "properties": {
        "source": 391,
        "target": 392,
        "length_pixels": 6,
        "kind": "road_segment"
      }
    },
    {
      "type": "Feature",
      "geometry": {
        "type": "LineString",
        "coordinates": [
          [
            190,
            202
          ],
          [
            190,
            201
          ]
        ]
      },
      "properties": {
        "source": 392,
        "target": 394,
        "length_pixels": 2,
        "kind": "road_segment"
      }
    },
    {
      "type": "Feature",
      "geometry": {
        "type": "LineString",
        "coordinates": [
          [
            189,
            202
          ],
          [
            190,
            201
          ]
        ]
      },
      "properties": {
        "source": 392,
        "target": 393,
        "length_pixels": 2,
        "kind": "road_segment"
      }
    },
    {
      "type": "Feature",
      "geometry": {
        "type": "LineString",
        "coordinates": [
          [
            190,
            202
          ],
          [
            189,
            202
          ]
        ]
      },
      "properties": {
        "source": 393,
        "target": 394,
        "length_pixels": 2,
        "kind": "road_segment"
      }
    },
    {
      "type": "Feature",
      "geometry": {
        "type": "LineString",
        "coordinates": [
          [
            189,
            202
          ],
          [
            189,
            203
          ]
        ]
      },
      "properties": {
        "source": 393,
        "target": 395,
        "length_pixels": 2,
        "kind": "road_segment"
      }
    },
    {
      "type": "Feature",
      "geometry": {
        "type": "LineString",
        "coordinates": [
          [
            189,
            202
          ],
          [
            190,
            203
          ]
        ]
      },
      "properties": {
        "source": 393,
        "target": 396,
        "length_pixels": 2,
        "kind": "road_segment"
      }
    },
    {
      "type": "Feature",
      "geometry": {
        "type": "LineString",
        "coordinates": [
          [
            190,
            202
          ],
          [
            189,
            203
          ]
        ]
      },
      "properties": {
        "source": 394,
        "target": 395,
        "length_pixels": 2,
        "kind": "road_segment"
      }
    },
    {
      "type": "Feature",
      "geometry": {
        "type": "LineString",
        "coordinates": [
          [
            190,
            202
          ],
          [
            190,
            203
          ]
        ]
      },
      "properties": {
        "source": 394,
        "target": 396,
        "length_pixels": 2,
        "kind": "road_segment"
      }
    },
    {
      "type": "Feature",
      "geometry": {
        "type": "LineString",
        "coordinates": [
          [
            189,
            204
          ],
          [
            189,
            203
          ]
        ]
      },
      "properties": {
        "source": 395,
        "target": 398,
        "length_pixels": 2,
        "kind": "road_segment"
      }
    },
    {
      "type": "Feature",
      "geometry": {
        "type": "LineString",
        "coordinates": [
          [
            188,
            204
          ],
          [
            189,
            203
          ]
        ]
      },
      "properties": {
        "source": 395,
        "target": 397,
        "length_pixels": 2,
        "kind": "road_segment"
      }
    },
    {
      "type": "Feature",
      "geometry": {
        "type": "LineString",
        "coordinates": [
          [
            190,
            203
          ],
          [
            189,
            203
          ]
        ]
      },
      "properties": {
        "source": 395,
        "target": 396,
        "length_pixels": 2,
        "kind": "road_segment"
      }
    },
    {
      "type": "Feature",
      "geometry": {
        "type": "LineString",
        "coordinates": [
          [
            189,
            203
          ],
          [
            190,
            204
          ]
        ]
      },
      "properties": {
        "source": 395,
        "target": 399,
        "length_pixels": 2,
        "kind": "road_segment"
      }
    },
    {
      "type": "Feature",
      "geometry": {
        "type": "LineString",
        "coordinates": [
          [
            189,
            204
          ],
          [
            190,
            203
          ]
        ]
      },
      "properties": {
        "source": 396,
        "target": 398,
        "length_pixels": 2,
        "kind": "road_segment"
      }
    },
    {
      "type": "Feature",
      "geometry": {
        "type": "LineString",
        "coordinates": [
          [
            190,
            203
          ],
          [
            190,
            204
          ]
        ]
      },
      "properties": {
        "source": 396,
        "target": 399,
        "length_pixels": 2,
        "kind": "road_segment"
      }
    },
    {
      "type": "Feature",
      "geometry": {
        "type": "LineString",
        "coordinates": [
          [
            189,
            204
          ],
          [
            188,
            204
          ]
        ]
      },
      "properties": {
        "source": 397,
        "target": 398,
        "length_pixels": 2,
        "kind": "road_segment"
      }
    },
    {
      "type": "Feature",
      "geometry": {
        "type": "LineString",
        "coordinates": [
          [
            188,
            204
          ],
          [
            187,
            205
          ],
          [
            186,
            205
          ],
          [
            185,
            206
          ],
          [
            184,
            206
          ],
          [
            183,
            207
          ]
        ]
      },
      "properties": {
        "source": 397,
        "target": 401,
        "length_pixels": 6,
        "kind": "road_segment"
      }
    },
    {
      "type": "Feature",
      "geometry": {
        "type": "LineString",
        "coordinates": [
          [
            189,
            204
          ],
          [
            190,
            204
          ]
        ]
      },
      "properties": {
        "source": 398,
        "target": 399,
        "length_pixels": 2,
        "kind": "road_segment"
      }
    },
    {
      "type": "Feature",
      "geometry": {
        "type": "LineString",
        "coordinates": [
          [
            198,
            228
          ],
          [
            197,
            227
          ],
          [
            197,
            226
          ],
          [
            197,
            225
          ],
          [
            197,
            224
          ],
          [
            197,
            223
          ],
          [
            197,
            222
          ],
          [
            197,
            221
          ],
          [
            197,
            220
          ],
          [
            197,
            219
          ],
          [
            197,
            218
          ],
          [
            197,
            217
          ],
          [
            197,
            216
          ],
          [
            197,
            215
          ],
          [
            196,
            214
          ],
          [
            195,
            213
          ],
          [
            195,
            212
          ],
          [
            194,
            211
          ],
          [
            194,
            210
          ],
          [
            193,
            209
          ],
          [
            193,
            208
          ],
          [
            192,
            207
          ],
          [
            192,
            206
          ],
          [
            191,
            205
          ],
          [
            190,
            204
          ]
        ]
      },
      "properties": {
        "source": 399,
        "target": 427,
        "length_pixels": 25,
        "kind": "road_segment"
      }
    },
    {
      "type": "Feature",
      "geometry": {
        "type": "LineString",
        "coordinates": [
          [
            182,
            208
          ],
          [
            182,
            207
          ]
        ]
      },
      "properties": {
        "source": 400,
        "target": 403,
        "length_pixels": 2,
        "kind": "road_segment"
      }
    },
    {
      "type": "Feature",
      "geometry": {
        "type": "LineString",
        "coordinates": [
          [
            181,
            208
          ],
          [
            182,
            207
          ]
        ]
      },
      "properties": {
        "source": 400,
        "target": 402,
        "length_pixels": 2,
        "kind": "road_segment"
      }
    },
    {
      "type": "Feature",
      "geometry": {
        "type": "LineString",
        "coordinates": [
          [
            183,
            207
          ],
          [
            182,
            207
          ]
        ]
      },
      "properties": {
        "source": 400,
        "target": 401,
        "length_pixels": 2,
        "kind": "road_segment"
      }
    },
    {
      "type": "Feature",
      "geometry": {
        "type": "LineString",
        "coordinates": [
          [
            182,
            208
          ],
          [
            183,
            207
          ]
        ]
      },
      "properties": {
        "source": 401,
        "target": 403,
        "length_pixels": 2,
        "kind": "road_segment"
      }
    },
    {
      "type": "Feature",
      "geometry": {
        "type": "LineString",
        "coordinates": [
          [
            182,
            208
          ],
          [
            181,
            208
          ]
        ]
      },
      "properties": {
        "source": 402,
        "target": 403,
        "length_pixels": 2,
        "kind": "road_segment"
      }
    },
    {
      "type": "Feature",
      "geometry": {
        "type": "LineString",
        "coordinates": [
          [
            181,
            208
          ],
          [
            180,
            209
          ]
        ]
      },
      "properties": {
        "source": 402,
        "target": 404,
        "length_pixels": 2,
        "kind": "road_segment"
      }
    },
    {
      "type": "Feature",
      "geometry": {
        "type": "LineString",
        "coordinates": [
          [
            181,
            208
          ],
          [
            181,
            209
          ]
        ]
      },
      "properties": {
        "source": 402,
        "target": 405,
        "length_pixels": 2,
        "kind": "road_segment"
      }
    },
    {
      "type": "Feature",
      "geometry": {
        "type": "LineString",
        "coordinates": [
          [
            182,
            208
          ],
          [
            181,
            209
          ]
        ]
      },
      "properties": {
        "source": 403,
        "target": 405,
        "length_pixels": 2,
        "kind": "road_segment"
      }
    },
    {
      "type": "Feature",
      "geometry": {
        "type": "LineString",
        "coordinates": [
          [
            180,
            210
          ],
          [
            180,
            209
          ]
        ]
      },
      "properties": {
        "source": 404,
        "target": 407,
        "length_pixels": 2,
        "kind": "road_segment"
      }
    },
    {
      "type": "Feature",
      "geometry": {
        "type": "LineString",
        "coordinates": [
          [
            179,
            210
          ],
          [
            180,
            209
          ]
        ]
      },
      "properties": {
        "source": 404,
        "target": 406,
        "length_pixels": 2,
        "kind": "road_segment"
      }
    },
    {
      "type": "Feature",
      "geometry": {
        "type": "LineString",
        "coordinates": [
          [
            181,
            209
          ],
          [
            180,
            209
          ]
        ]
      },
      "properties": {
        "source": 404,
        "target": 405,
        "length_pixels": 2,
        "kind": "road_segment"
      }
    },
    {
      "type": "Feature",
      "geometry": {
        "type": "LineString",
        "coordinates": [
          [
            180,
            210
          ],
          [
            181,
            209
          ]
        ]
      },
      "properties": {
        "source": 405,
        "target": 407,
        "length_pixels": 2,
        "kind": "road_segment"
      }
    },
    {
      "type": "Feature",
      "geometry": {
        "type": "LineString",
        "coordinates": [
          [
            179,
            211
          ],
          [
            179,
            210
          ]
        ]
      },
      "properties": {
        "source": 406,
        "target": 409,
        "length_pixels": 2,
        "kind": "road_segment"
      }
    },
    {
      "type": "Feature",
      "geometry": {
        "type": "LineString",
        "coordinates": [
          [
            178,
            211
          ],
          [
            179,
            210
          ]
        ]
      },
      "properties": {
        "source": 406,
        "target": 408,
        "length_pixels": 2,
        "kind": "road_segment"
      }
    },
    {
      "type": "Feature",
      "geometry": {
        "type": "LineString",
        "coordinates": [
          [
            180,
            210
          ],
          [
            179,
            210
          ]
        ]
      },
      "properties": {
        "source": 406,
        "target": 407,
        "length_pixels": 2,
        "kind": "road_segment"
      }
    },
    {
      "type": "Feature",
      "geometry": {
        "type": "LineString",
        "coordinates": [
          [
            179,
            211
          ],
          [
            180,
            210
          ]
        ]
      },
      "properties": {
        "source": 407,
        "target": 409,
        "length_pixels": 2,
        "kind": "road_segment"
      }
    },
    {
      "type": "Feature",
      "geometry": {
        "type": "LineString",
        "coordinates": [
          [
            179,
            211
          ],
          [
            178,
            211
          ]
        ]
      },
      "properties": {
        "source": 408,
        "target": 409,
        "length_pixels": 2,
        "kind": "road_segment"
      }
    },
    {
      "type": "Feature",
      "geometry": {
        "type": "LineString",
        "coordinates": [
          [
            178,
            211
          ],
          [
            177,
            212
          ]
        ]
      },
      "properties": {
        "source": 408,
        "target": 410,
        "length_pixels": 2,
        "kind": "road_segment"
      }
    },
    {
      "type": "Feature",
      "geometry": {
        "type": "LineString",
        "coordinates": [
          [
            178,
            211
          ],
          [
            178,
            212
          ]
        ]
      },
      "properties": {
        "source": 408,
        "target": 411,
        "length_pixels": 2,
        "kind": "road_segment"
      }
    },
    {
      "type": "Feature",
      "geometry": {
        "type": "LineString",
        "coordinates": [
          [
            179,
            211
          ],
          [
            178,
            212
          ]
        ]
      },
      "properties": {
        "source": 409,
        "target": 411,
        "length_pixels": 2,
        "kind": "road_segment"
      }
    },
    {
      "type": "Feature",
      "geometry": {
        "type": "LineString",
        "coordinates": [
          [
            177,
            213
          ],
          [
            177,
            212
          ]
        ]
      },
      "properties": {
        "source": 410,
        "target": 413,
        "length_pixels": 2,
        "kind": "road_segment"
      }
    },
    {
      "type": "Feature",
      "geometry": {
        "type": "LineString",
        "coordinates": [
          [
            176,
            213
          ],
          [
            177,
            212
          ]
        ]
      },
      "properties": {
        "source": 410,
        "target": 412,
        "length_pixels": 2,
        "kind": "road_segment"
      }
    },
    {
      "type": "Feature",
      "geometry": {
        "type": "LineString",
        "coordinates": [
          [
            178,
            212
          ],
          [
            177,
            212
          ]
        ]
      },
      "properties": {
        "source": 410,
        "target": 411,
        "length_pixels": 2,
        "kind": "road_segment"
      }
    },
    {
      "type": "Feature",
      "geometry": {
        "type": "LineString",
        "coordinates": [
          [
            177,
            213
          ],
          [
            178,
            212
          ]
        ]
      },
      "properties": {
        "source": 411,
        "target": 413,
        "length_pixels": 2,
        "kind": "road_segment"
      }
    },
    {
      "type": "Feature",
      "geometry": {
        "type": "LineString",
        "coordinates": [
          [
            177,
            213
          ],
          [
            176,
            213
          ]
        ]
      },
      "properties": {
        "source": 412,
        "target": 413,
        "length_pixels": 2,
        "kind": "road_segment"
      }
    },
    {
      "type": "Feature",
      "geometry": {
        "type": "LineString",
        "coordinates": [
          [
            176,
            213
          ],
          [
            175,
            214
          ]
        ]
      },
      "properties": {
        "source": 412,
        "target": 414,
        "length_pixels": 2,
        "kind": "road_segment"
      }
    },
    {
      "type": "Feature",
      "geometry": {
        "type": "LineString",
        "coordinates": [
          [
            176,
            213
          ],
          [
            176,
            214
          ]
        ]
      },
      "properties": {
        "source": 412,
        "target": 415,
        "length_pixels": 2,
        "kind": "road_segment"
      }
    },
    {
      "type": "Feature",
      "geometry": {
        "type": "LineString",
        "coordinates": [
          [
            177,
            213
          ],
          [
            176,
            214
          ]
        ]
      },
      "properties": {
        "source": 413,
        "target": 415,
        "length_pixels": 2,
        "kind": "road_segment"
      }
    },
    {
      "type": "Feature",
      "geometry": {
        "type": "LineString",
        "coordinates": [
          [
            175,
            215
          ],
          [
            175,
            214
          ]
        ]
      },
      "properties": {
        "source": 414,
        "target": 417,
        "length_pixels": 2,
        "kind": "road_segment"
      }
    },
    {
      "type": "Feature",
      "geometry": {
        "type": "LineString",
        "coordinates": [
          [
            174,
            215
          ],
          [
            175,
            214
          ]
        ]
      },
      "properties": {
        "source": 414,
        "target": 416,
        "length_pixels": 2,
        "kind": "road_segment"
      }
    },
    {
      "type": "Feature",
      "geometry": {
        "type": "LineString",
        "coordinates": [
          [
            176,
            214
          ],
          [
            175,
            214
          ]
        ]
      },
      "properties": {
        "source": 414,
        "target": 415,
        "length_pixels": 2,
        "kind": "road_segment"
      }
    },
    {
      "type": "Feature",
      "geometry": {
        "type": "LineString",
        "coordinates": [
          [
            175,
            215
          ],
          [
            176,
            214
          ]
        ]
      },
      "properties": {
        "source": 415,
        "target": 417,
        "length_pixels": 2,
        "kind": "road_segment"
      }
    },
    {
      "type": "Feature",
      "geometry": {
        "type": "LineString",
        "coordinates": [
          [
            175,
            215
          ],
          [
            174,
            215
          ]
        ]
      },
      "properties": {
        "source": 416,
        "target": 417,
        "length_pixels": 2,
        "kind": "road_segment"
      }
    },
    {
      "type": "Feature",
      "geometry": {
        "type": "LineString",
        "coordinates": [
          [
            174,
            215
          ],
          [
            173,
            216
          ]
        ]
      },
      "properties": {
        "source": 416,
        "target": 418,
        "length_pixels": 2,
        "kind": "road_segment"
      }
    },
    {
      "type": "Feature",
      "geometry": {
        "type": "LineString",
        "coordinates": [
          [
            174,
            215
          ],
          [
            174,
            216
          ]
        ]
      },
      "properties": {
        "source": 416,
        "target": 419,
        "length_pixels": 2,
        "kind": "road_segment"
      }
    },
    {
      "type": "Feature",
      "geometry": {
        "type": "LineString",
        "coordinates": [
          [
            175,
            215
          ],
          [
            174,
            216
          ]
        ]
      },
      "properties": {
        "source": 417,
        "target": 419,
        "length_pixels": 2,
        "kind": "road_segment"
      }
    },
    {
      "type": "Feature",
      "geometry": {
        "type": "LineString",
        "coordinates": [
          [
            173,
            217
          ],
          [
            173,
            216
          ]
        ]
      },
      "properties": {
        "source": 418,
        "target": 420,
        "length_pixels": 2,
        "kind": "road_segment"
      }
    },
    {
      "type": "Feature",
      "geometry": {
        "type": "LineString",
        "coordinates": [
          [
            174,
            216
          ],
          [
            173,
            216
          ]
        ]
      },
      "properties": {
        "source": 418,
        "target": 419,
        "length_pixels": 2,
        "kind": "road_segment"
      }
    },
    {
      "type": "Feature",
      "geometry": {
        "type": "LineString",
        "coordinates": [
          [
            173,
            217
          ],
          [
            174,
            216
          ]
        ]
      },
      "properties": {
        "source": 419,
        "target": 420,
        "length_pixels": 2,
        "kind": "road_segment"
      }
    },
    {
      "type": "Feature",
      "geometry": {
        "type": "LineString",
        "coordinates": [
          [
            165,
            225
          ],
          [
            166,
            224
          ],
          [
            167,
            223
          ],
          [
            168,
            222
          ],
          [
            169,
            221
          ],
          [
            170,
            220
          ],
          [
            171,
            219
          ],
          [
            172,
            218
          ],
          [
            173,
            217
          ]
        ]
      },
      "properties": {
        "source": 420,
        "target": 423,
        "length_pixels": 9,
        "kind": "road_segment"
      }
    },
    {
      "type": "Feature",
      "geometry": {
        "type": "LineString",
        "coordinates": [
          [
            165,
            225
          ],
          [
            164,
            226
          ]
        ]
      },
      "properties": {
        "source": 423,
        "target": 424,
        "length_pixels": 2,
        "kind": "road_segment"
      }
    },
    {
      "type": "Feature",
      "geometry": {
        "type": "LineString",
        "coordinates": [
          [
            165,
            225
          ],
          [
            165,
            226
          ]
        ]
      },
      "properties": {
        "source": 423,
        "target": 425,
        "length_pixels": 2,
        "kind": "road_segment"
      }
    },
    {
      "type": "Feature",
      "geometry": {
        "type": "LineString",
        "coordinates": [
          [
            165,
            226
          ],
          [
            164,
            226
          ]
        ]
      },
      "properties": {
        "source": 424,
        "target": 425,
        "length_pixels": 2,
        "kind": "road_segment"
      }
    },
    {
      "type": "Feature",
      "geometry": {
        "type": "LineString",
        "coordinates": [
          [
            164,
            226
          ],
          [
            164,
            227
          ]
        ]
      },
      "properties": {
        "source": 424,
        "target": 426,
        "length_pixels": 2,
        "kind": "road_segment"
      }
    },
    {
      "type": "Feature",
      "geometry": {
        "type": "LineString",
        "coordinates": [
          [
            165,
            226
          ],
          [
            164,
            227
          ]
        ]
      },
      "properties": {
        "source": 425,
        "target": 426,
        "length_pixels": 2,
        "kind": "road_segment"
      }
    },
    {
      "type": "Feature",
      "geometry": {
        "type": "LineString",
        "coordinates": [
          [
            152,
            243
          ],
          [
            153,
            242
          ],
          [
            153,
            241
          ],
          [
            154,
            240
          ],
          [
            154,
            239
          ],
          [
            154,
            238
          ],
          [
            155,
            237
          ],
          [
            155,
            236
          ],
          [
            156,
            235
          ],
          [
            157,
            234
          ],
          [
            158,
            233
          ],
          [
            159,
            232
          ],
          [
            160,
            231
          ],
          [
            161,
            230
          ],
          [
            162,
            229
          ],
          [
            163,
            228
          ],
          [
            164,
            227
          ]
        ]
      },
      "properties": {
        "source": 426,
        "target": 450,
        "length_pixels": 17,
        "kind": "road_segment"
      }
    },
    {
      "type": "Feature",
      "geometry": {
        "type": "LineString",
        "coordinates": [
          [
            198,
            228
          ],
          [
            197,
            229
          ]
        ]
      },
      "properties": {
        "source": 427,
        "target": 428,
        "length_pixels": 2,
        "kind": "road_segment"
      }
    },
    {
      "type": "Feature",
      "geometry": {
        "type": "LineString",
        "coordinates": [
          [
            198,
            228
          ],
          [
            198,
            229
          ]
        ]
      },
      "properties": {
        "source": 427,
        "target": 429,
        "length_pixels": 2,
        "kind": "road_segment"
      }
    },
    {
      "type": "Feature",
      "geometry": {
        "type": "LineString",
        "coordinates": [
          [
            197,
            230
          ],
          [
            197,
            229
          ]
        ]
      },
      "properties": {
        "source": 428,
        "target": 430,
        "length_pixels": 2,
        "kind": "road_segment"
      }
    },
    {
      "type": "Feature",
      "geometry": {
        "type": "LineString",
        "coordinates": [
          [
            198,
            229
          ],
          [
            197,
            229
          ]
        ]
      },
      "properties": {
        "source": 428,
        "target": 429,
        "length_pixels": 2,
        "kind": "road_segment"
      }
    },
    {
      "type": "Feature",
      "geometry": {
        "type": "LineString",
        "coordinates": [
          [
            197,
            229
          ],
          [
            198,
            230
          ]
        ]
      },
      "properties": {
        "source": 428,
        "target": 431,
        "length_pixels": 2,
        "kind": "road_segment"
      }
    },
    {
      "type": "Feature",
      "geometry": {
        "type": "LineString",
        "coordinates": [
          [
            197,
            230
          ],
          [
            198,
            229
          ]
        ]
      },
      "properties": {
        "source": 429,
        "target": 430,
        "length_pixels": 2,
        "kind": "road_segment"
      }
    },
    {
      "type": "Feature",
      "geometry": {
        "type": "LineString",
        "coordinates": [
          [
            198,
            229
          ],
          [
            198,
            230
          ]
        ]
      },
      "properties": {
        "source": 429,
        "target": 431,
        "length_pixels": 2,
        "kind": "road_segment"
      }
    },
    {
      "type": "Feature",
      "geometry": {
        "type": "LineString",
        "coordinates": [
          [
            197,
            230
          ],
          [
            198,
            230
          ]
        ]
      },
      "properties": {
        "source": 430,
        "target": 431,
        "length_pixels": 2,
        "kind": "road_segment"
      }
    },
    {
      "type": "Feature",
      "geometry": {
        "type": "LineString",
        "coordinates": [
          [
            197,
            230
          ],
          [
            197,
            231
          ]
        ]
      },
      "properties": {
        "source": 430,
        "target": 433,
        "length_pixels": 2,
        "kind": "road_segment"
      }
    },
    {
      "type": "Feature",
      "geometry": {
        "type": "LineString",
        "coordinates": [
          [
            197,
            230
          ],
          [
            198,
            231
          ]
        ]
      },
      "properties": {
        "source": 430,
        "target": 434,
        "length_pixels": 2,
        "kind": "road_segment"
      }
    },
    {
      "type": "Feature",
      "geometry": {
        "type": "LineString",
        "coordinates": [
          [
            197,
            231
          ],
          [
            198,
            230
          ]
        ]
      },
      "properties": {
        "source": 431,
        "target": 433,
        "length_pixels": 2,
        "kind": "road_segment"
      }
    },
    {
      "type": "Feature",
      "geometry": {
        "type": "LineString",
        "coordinates": [
          [
            198,
            230
          ],
          [
            198,
            231
          ]
        ]
      },
      "properties": {
        "source": 431,
        "target": 434,
        "length_pixels": 2,
        "kind": "road_segment"
      }
    },
    {
      "type": "Feature",
      "geometry": {
        "type": "LineString",
        "coordinates": [
          [
            197,
            231
          ],
          [
            198,
            231
          ]
        ]
      },
      "properties": {
        "source": 433,
        "target": 434,
        "length_pixels": 2,
        "kind": "road_segment"
      }
    },
    {
      "type": "Feature",
      "geometry": {
        "type": "LineString",
        "coordinates": [
          [
            197,
            231
          ],
          [
            197,
            232
          ]
        ]
      },
      "properties": {
        "source": 433,
        "target": 436,
        "length_pixels": 2,
        "kind": "road_segment"
      }
    },
    {
      "type": "Feature",
      "geometry": {
        "type": "LineString",
        "coordinates": [
          [
            197,
            231
          ],
          [
            198,
            232
          ]
        ]
      },
      "properties": {
        "source": 433,
        "target": 437,
        "length_pixels": 2,
        "kind": "road_segment"
      }
    },
    {
      "type": "Feature",
      "geometry": {
        "type": "LineString",
        "coordinates": [
          [
            198,
            232
          ],
          [
            198,
            231
          ]
        ]
      },
      "properties": {
        "source": 434,
        "target": 437,
        "length_pixels": 2,
        "kind": "road_segment"
      }
    },
    {
      "type": "Feature",
      "geometry": {
        "type": "LineString",
        "coordinates": [
          [
            197,
            232
          ],
          [
            198,
            231
          ]
        ]
      },
      "properties": {
        "source": 434,
        "target": 436,
        "length_pixels": 2,
        "kind": "road_segment"
      }
    },
    {
      "type": "Feature",
      "geometry": {
        "type": "LineString",
        "coordinates": [
          [
            197,
            233
          ],
          [
            197,
            232
          ]
        ]
      },
      "properties": {
        "source": 436,
        "target": 438,
        "length_pixels": 2,
        "kind": "road_segment"
      }
    },
    {
      "type": "Feature",
      "geometry": {
        "type": "LineString",
        "coordinates": [
          [
            198,
            232
          ],
          [
            197,
            232
          ]
        ]
      },
      "properties": {
        "source": 436,
        "target": 437,
        "length_pixels": 2,
        "kind": "road_segment"
      }
    },
    {
      "type": "Feature",
      "geometry": {
        "type": "LineString",
        "coordinates": [
          [
            197,
            233
          ],
          [
            198,
            232
          ]
        ]
      },
      "properties": {
        "source": 437,
        "target": 438,
        "length_pixels": 2,
        "kind": "road_segment"
      }
    },
    {
      "type": "Feature",
      "geometry": {
        "type": "LineString",
        "coordinates": [
          [
            197,
            233
          ],
          [
            198,
            234
          ],
          [
            198,
            235
          ],
          [
            198,
            236
          ],
          [
            198,
            237
          ],
          [
            198,
            238
          ]
        ]
      },
      "properties": {
        "source": 438,
        "target": 439,
        "length_pixels": 6,
        "kind": "road_segment"
      }
    },
    {
      "type": "Feature",
      "geometry": {
        "type": "LineString",
        "coordinates": [
          [
            198,
            239
          ],
          [
            198,
            238
          ]
        ]
      },
      "properties": {
        "source": 439,
        "target": 440,
        "length_pixels": 2,
        "kind": "road_segment"
      }
    },
    {
      "type": "Feature",
      "geometry": {
        "type": "LineString",
        "coordinates": [
          [
            199,
            239
          ],
          [
            198,
            238
          ]
        ]
      },
      "properties": {
        "source": 439,
        "target": 441,
        "length_pixels": 2,
        "kind": "road_segment"
      }
    },
    {
      "type": "Feature",
      "geometry": {
        "type": "LineString",
        "coordinates": [
          [
            198,
            239
          ],
          [
            199,
            239
          ]
        ]
      },
      "properties": {
        "source": 440,
        "target": 441,
        "length_pixels": 2,
        "kind": "road_segment"
      }
    },
    {
      "type": "Feature",
      "geometry": {
        "type": "LineString",
        "coordinates": [
          [
            198,
            239
          ],
          [
            198,
            240
          ]
        ]
      },
      "properties": {
        "source": 440,
        "target": 442,
        "length_pixels": 2,
        "kind": "road_segment"
      }
    },
    {
      "type": "Feature",
      "geometry": {
        "type": "LineString",
        "coordinates": [
          [
            198,
            239
          ],
          [
            199,
            240
          ]
        ]
      },
      "properties": {
        "source": 440,
        "target": 443,
        "length_pixels": 2,
        "kind": "road_segment"
      }
    },
    {
      "type": "Feature",
      "geometry": {
        "type": "LineString",
        "coordinates": [
          [
            199,
            240
          ],
          [
            199,
            239
          ]
        ]
      },
      "properties": {
        "source": 441,
        "target": 443,
        "length_pixels": 2,
        "kind": "road_segment"
      }
    },
    {
      "type": "Feature",
      "geometry": {
        "type": "LineString",
        "coordinates": [
          [
            198,
            240
          ],
          [
            199,
            239
          ]
        ]
      },
      "properties": {
        "source": 441,
        "target": 442,
        "length_pixels": 2,
        "kind": "road_segment"
      }
    },
    {
      "type": "Feature",
      "geometry": {
        "type": "LineString",
        "coordinates": [
          [
            199,
            240
          ],
          [
            198,
            240
          ]
        ]
      },
      "properties": {
        "source": 442,
        "target": 443,
        "length_pixels": 2,
        "kind": "road_segment"
      }
    },
    {
      "type": "Feature",
      "geometry": {
        "type": "LineString",
        "coordinates": [
          [
            199,
            241
          ],
          [
            198,
            240
          ]
        ]
      },
      "properties": {
        "source": 442,
        "target": 445,
        "length_pixels": 2,
        "kind": "road_segment"
      }
    },
    {
      "type": "Feature",
      "geometry": {
        "type": "LineString",
        "coordinates": [
          [
            198,
            240
          ],
          [
            198,
            241
          ]
        ]
      },
      "properties": {
        "source": 442,
        "target": 444,
        "length_pixels": 2,
        "kind": "road_segment"
      }
    },
    {
      "type": "Feature",
      "geometry": {
        "type": "LineString",
        "coordinates": [
          [
            199,
            240
          ],
          [
            198,
            241
          ]
        ]
      },
      "properties": {
        "source": 443,
        "target": 444,
        "length_pixels": 2,
        "kind": "road_segment"
      }
    },
    {
      "type": "Feature",
      "geometry": {
        "type": "LineString",
        "coordinates": [
          [
            199,
            240
          ],
          [
            199,
            241
          ]
        ]
      },
      "properties": {
        "source": 443,
        "target": 445,
        "length_pixels": 2,
        "kind": "road_segment"
      }
    },
    {
      "type": "Feature",
      "geometry": {
        "type": "LineString",
        "coordinates": [
          [
            198,
            242
          ],
          [
            198,
            241
          ]
        ]
      },
      "properties": {
        "source": 444,
        "target": 447,
        "length_pixels": 2,
        "kind": "road_segment"
      }
    },
    {
      "type": "Feature",
      "geometry": {
        "type": "LineString",
        "coordinates": [
          [
            199,
            241
          ],
          [
            198,
            241
          ]
        ]
      },
      "properties": {
        "source": 444,
        "target": 445,
        "length_pixels": 2,
        "kind": "road_segment"
      }
    },
    {
      "type": "Feature",
      "geometry": {
        "type": "LineString",
        "coordinates": [
          [
            198,
            241
          ],
          [
            199,
            242
          ]
        ]
      },
      "properties": {
        "source": 444,
        "target": 448,
        "length_pixels": 2,
        "kind": "road_segment"
      }
    },
    {
      "type": "Feature",
      "geometry": {
        "type": "LineString",
        "coordinates": [
          [
            198,
            242
          ],
          [
            199,
            241
          ]
        ]
      },
      "properties": {
        "source": 445,
        "target": 447,
        "length_pixels": 2,
        "kind": "road_segment"
      }
    },
    {
      "type": "Feature",
      "geometry": {
        "type": "LineString",
        "coordinates": [
          [
            199,
            241
          ],
          [
            199,
            242
          ]
        ]
      },
      "properties": {
        "source": 445,
        "target": 448,
        "length_pixels": 2,
        "kind": "road_segment"
      }
    },
    {
      "type": "Feature",
      "geometry": {
        "type": "LineString",
        "coordinates": [
          [
            27,
            242
          ],
          [
            28,
            243
          ]
        ]
      },
      "properties": {
        "source": 446,
        "target": 449,
        "length_pixels": 2,
        "kind": "road_segment"
      }
    },
    {
      "type": "Feature",
      "geometry": {
        "type": "LineString",
        "coordinates": [
          [
            198,
            242
          ],
          [
            199,
            243
          ],
          [
            199,
            242
          ]
        ]
      },
      "properties": {
        "source": 447,
        "target": 448,
        "length_pixels": 3,
        "kind": "road_segment"
      }
    },
    {
      "type": "Feature",
      "geometry": {
        "type": "LineString",
        "coordinates": [
          [
            31,
            245
          ],
          [
            30,
            245
          ]
        ]
      },
      "properties": {
        "source": 451,
        "target": 452,
        "length_pixels": 2,
        "kind": "road_segment"
      }
    },
    {
      "type": "Feature",
      "geometry": {
        "type": "LineString",
        "coordinates": [
          [
            30,
            245
          ],
          [
            30,
            246
          ]
        ]
      },
      "properties": {
        "source": 451,
        "target": 463,
        "length_pixels": 2,
        "kind": "road_segment"
      }
    },
    {
      "type": "Feature",
      "geometry": {
        "type": "LineString",
        "coordinates": [
          [
            30,
            245
          ],
          [
            31,
            246
          ]
        ]
      },
      "properties": {
        "source": 451,
        "target": 464,
        "length_pixels": 2,
        "kind": "road_segment"
      }
    },
    {
      "type": "Feature",
      "geometry": {
        "type": "LineString",
        "coordinates": [
          [
            32,
            245
          ],
          [
            31,
            245
          ]
        ]
      },
      "properties": {
        "source": 452,
        "target": 453,
        "length_pixels": 2,
        "kind": "road_segment"
      }
    },
    {
      "type": "Feature",
      "geometry": {
        "type": "LineString",
        "coordinates": [
          [
            31,
            245
          ],
          [
            30,
            246
          ]
        ]
      },
      "properties": {
        "source": 452,
        "target": 463,
        "length_pixels": 2,
        "kind": "road_segment"
      }
    },
    {
      "type": "Feature",
      "geometry": {
        "type": "LineString",
        "coordinates": [
          [
            31,
            245
          ],
          [
            31,
            246
          ]
        ]
      },
      "properties": {
        "source": 452,
        "target": 464,
        "length_pixels": 2,
        "kind": "road_segment"
      }
    },
    {
      "type": "Feature",
      "geometry": {
        "type": "LineString",
        "coordinates": [
          [
            31,
            245
          ],
          [
            32,
            246
          ]
        ]
      },
      "properties": {
        "source": 452,
        "target": 465,
        "length_pixels": 2,
        "kind": "road_segment"
      }
    },
    {
      "type": "Feature",
      "geometry": {
        "type": "LineString",
        "coordinates": [
          [
            33,
            246
          ],
          [
            32,
            245
          ]
        ]
      },
      "properties": {
        "source": 453,
        "target": 466,
        "length_pixels": 2,
        "kind": "road_segment"
      }
    },
    {
      "type": "Feature",
      "geometry": {
        "type": "LineString",
        "coordinates": [
          [
            32,
            245
          ],
          [
            33,
            245
          ]
        ]
      },
      "properties": {
        "source": 453,
        "target": 454,
        "length_pixels": 2,
        "kind": "road_segment"
      }
    },
    {
      "type": "Feature",
      "geometry": {
        "type": "LineString",
        "coordinates": [
          [
            32,
            245
          ],
          [
            31,
            246
          ]
        ]
      },
      "properties": {
        "source": 453,
        "target": 464,
        "length_pixels": 2,
        "kind": "road_segment"
      }
    },
    {
      "type": "Feature",
      "geometry": {
        "type": "LineString",
        "coordinates": [
          [
            32,
            245
          ],
          [
            32,
            246
          ]
        ]
      },
      "properties": {
        "source": 453,
        "target": 465,
        "length_pixels": 2,
        "kind": "road_segment"
      }
    },
    {
      "type": "Feature",
      "geometry": {
        "type": "LineString",
        "coordinates": [
          [
            33,
            246
          ],
          [
            33,
            245
          ]
        ]
      },
      "properties": {
        "source": 454,
        "target": 466,
        "length_pixels": 2,
        "kind": "road_segment"
      }
    },
    {
      "type": "Feature",
      "geometry": {
        "type": "LineString",
        "coordinates": [
          [
            32,
            246
          ],
          [
            33,
            245
          ]
        ]
      },
      "properties": {
        "source": 454,
        "target": 465,
        "length_pixels": 2,
        "kind": "road_segment"
      }
    },
    {
      "type": "Feature",
      "geometry": {
        "type": "LineString",
        "coordinates": [
          [
            34,
            245
          ],
          [
            33,
            245
          ]
        ]
      },
      "properties": {
        "source": 454,
        "target": 455,
        "length_pixels": 2,
        "kind": "road_segment"
      }
    },
    {
      "type": "Feature",
      "geometry": {
        "type": "LineString",
        "coordinates": [
          [
            33,
            245
          ],
          [
            34,
            246
          ]
        ]
      },
      "properties": {
        "source": 454,
        "target": 467,
        "length_pixels": 2,
        "kind": "road_segment"
      }
    },
    {
      "type": "Feature",
      "geometry": {
        "type": "LineString",
        "coordinates": [
          [
            33,
            246
          ],
          [
            34,
            245
          ]
        ]
      },
      "properties": {
        "source": 455,
        "target": 466,
        "length_pixels": 2,
        "kind": "road_segment"
      }
    },
    {
      "type": "Feature",
      "geometry": {
        "type": "LineString",
        "coordinates": [
          [
            35,
            245
          ],
          [
            34,
            245
          ]
        ]
      },
      "properties": {
        "source": 455,
        "target": 456,
        "length_pixels": 2,
        "kind": "road_segment"
      }
    },
    {
      "type": "Feature",
      "geometry": {
        "type": "LineString",
        "coordinates": [
          [
            34,
            245
          ],
          [
            34,
            246
          ]
        ]
      },
      "properties": {
        "source": 455,
        "target": 467,
        "length_pixels": 2,
        "kind": "road_segment"
      }
    },
    {
      "type": "Feature",
      "geometry": {
        "type": "LineString",
        "coordinates": [
          [
            34,
            245
          ],
          [
            35,
            246
          ]
        ]
      },
      "properties": {
        "source": 455,
        "target": 468,
        "length_pixels": 2,
        "kind": "road_segment"
      }
    },
    {
      "type": "Feature",
      "geometry": {
        "type": "LineString",
        "coordinates": [
          [
            36,
            245
          ],
          [
            35,
            245
          ]
        ]
      },
      "properties": {
        "source": 456,
        "target": 457,
        "length_pixels": 2,
        "kind": "road_segment"
      }
    },
    {
      "type": "Feature",
      "geometry": {
        "type": "LineString",
        "coordinates": [
          [
            35,
            245
          ],
          [
            34,
            246
          ]
        ]
      },
      "properties": {
        "source": 456,
        "target": 467,
        "length_pixels": 2,
        "kind": "road_segment"
      }
    },
    {
      "type": "Feature",
      "geometry": {
        "type": "LineString",
        "coordinates": [
          [
            35,
            245
          ],
          [
            35,
            246
          ]
        ]
      },
      "properties": {
        "source": 456,
        "target": 468,
        "length_pixels": 2,
        "kind": "road_segment"
      }
    },
    {
      "type": "Feature",
      "geometry": {
        "type": "LineString",
        "coordinates": [
          [
            35,
            245
          ],
          [
            36,
            246
          ]
        ]
      },
      "properties": {
        "source": 456,
        "target": 469,
        "length_pixels": 2,
        "kind": "road_segment"
      }
    },
    {
      "type": "Feature",
      "geometry": {
        "type": "LineString",
        "coordinates": [
          [
            37,
            245
          ],
          [
            36,
            245
          ]
        ]
      },
      "properties": {
        "source": 457,
        "target": 458,
        "length_pixels": 2,
        "kind": "road_segment"
      }
    },
    {
      "type": "Feature",
      "geometry": {
        "type": "LineString",
        "coordinates": [
          [
            36,
            245
          ],
          [
            35,
            246
          ]
        ]
      },
      "properties": {
        "source": 457,
        "target": 468,
        "length_pixels": 2,
        "kind": "road_segment"
      }
    },
    {
      "type": "Feature",
      "geometry": {
        "type": "LineString",
        "coordinates": [
          [
            36,
            245
          ],
          [
            36,
            246
          ]
        ]
      },
      "properties": {
        "source": 457,
        "target": 469,
        "length_pixels": 2,
        "kind": "road_segment"
      }
    },
    {
      "type": "Feature",
      "geometry": {
        "type": "LineString",
        "coordinates": [
          [
            36,
            245
          ],
          [
            37,
            246
          ]
        ]
      },
      "properties": {
        "source": 457,
        "target": 470,
        "length_pixels": 2,
        "kind": "road_segment"
      }
    },
    {
      "type": "Feature",
      "geometry": {
        "type": "LineString",
        "coordinates": [
          [
            38,
            246
          ],
          [
            37,
            245
          ]
        ]
      },
      "properties": {
        "source": 458,
        "target": 471,
        "length_pixels": 2,
        "kind": "road_segment"
      }
    },
    {
      "type": "Feature",
      "geometry": {
        "type": "LineString",
        "coordinates": [
          [
            37,
            245
          ],
          [
            38,
            245
          ]
        ]
      },
      "properties": {
        "source": 458,
        "target": 459,
        "length_pixels": 2,
        "kind": "road_segment"
      }
    },
    {
      "type": "Feature",
      "geometry": {
        "type": "LineString",
        "coordinates": [
          [
            37,
            245
          ],
          [
            36,
            246
          ]
        ]
      },
      "properties": {
        "source": 458,
        "target": 469,
        "length_pixels": 2,
        "kind": "road_segment"
      }
    },
    {
      "type": "Feature",
      "geometry": {
        "type": "LineString",
        "coordinates": [
          [
            37,
            245
          ],
          [
            37,
            246
          ]
        ]
      },
      "properties": {
        "source": 458,
        "target": 470,
        "length_pixels": 2,
        "kind": "road_segment"
      }
    },
    {
      "type": "Feature",
      "geometry": {
        "type": "LineString",
        "coordinates": [
          [
            38,
            246
          ],
          [
            38,
            245
          ]
        ]
      },
      "properties": {
        "source": 459,
        "target": 471,
        "length_pixels": 2,
        "kind": "road_segment"
      }
    },
    {
      "type": "Feature",
      "geometry": {
        "type": "LineString",
        "coordinates": [
          [
            37,
            246
          ],
          [
            38,
            245
          ]
        ]
      },
      "properties": {
        "source": 459,
        "target": 470,
        "length_pixels": 2,
        "kind": "road_segment"
      }
    },
    {
      "type": "Feature",
      "geometry": {
        "type": "LineString",
        "coordinates": [
          [
            39,
            245
          ],
          [
            38,
            245
          ]
        ]
      },
      "properties": {
        "source": 459,
        "target": 460,
        "length_pixels": 2,
        "kind": "road_segment"
      }
    },
    {
      "type": "Feature",
      "geometry": {
        "type": "LineString",
        "coordinates": [
          [
            38,
            245
          ],
          [
            39,
            246
          ]
        ]
      },
      "properties": {
        "source": 459,
        "target": 472,
        "length_pixels": 2,
        "kind": "road_segment"
      }
    },
    {
      "type": "Feature",
      "geometry": {
        "type": "LineString",
        "coordinates": [
          [
            38,
            246
          ],
          [
            39,
            245
          ]
        ]
      },
      "properties": {
        "source": 460,
        "target": 471,
        "length_pixels": 2,
        "kind": "road_segment"
      }
    },
    {
      "type": "Feature",
      "geometry": {
        "type": "LineString",
        "coordinates": [
          [
            40,
            245
          ],
          [
            39,
            245
          ]
        ]
      },
      "properties": {
        "source": 460,
        "target": 461,
        "length_pixels": 2,
        "kind": "road_segment"
      }
    },
    {
      "type": "Feature",
      "geometry": {
        "type": "LineString",
        "coordinates": [
          [
            40,
            246
          ],
          [
            39,
            245
          ]
        ]
      },
      "properties": {
        "source": 460,
        "target": 473,
        "length_pixels": 2,
        "kind": "road_segment"
      }
    },
    {
      "type": "Feature",
      "geometry": {
        "type": "LineString",
        "coordinates": [
          [
            39,
            245
          ],
          [
            39,
            246
          ]
        ]
      },
      "properties": {
        "source": 460,
        "target": 472,
        "length_pixels": 2,
        "kind": "road_segment"
      }
    },
    {
      "type": "Feature",
      "geometry": {
        "type": "LineString",
        "coordinates": [
          [
            41,
            245
          ],
          [
            40,
            245
          ]
        ]
      },
      "properties": {
        "source": 461,
        "target": 462,
        "length_pixels": 2,
        "kind": "road_segment"
      }
    },
    {
      "type": "Feature",
      "geometry": {
        "type": "LineString",
        "coordinates": [
          [
            40,
            245
          ],
          [
            39,
            246
          ]
        ]
      },
      "properties": {
        "source": 461,
        "target": 472,
        "length_pixels": 2,
        "kind": "road_segment"
      }
    },
    {
      "type": "Feature",
      "geometry": {
        "type": "LineString",
        "coordinates": [
          [
            40,
            245
          ],
          [
            40,
            246
          ]
        ]
      },
      "properties": {
        "source": 461,
        "target": 473,
        "length_pixels": 2,
        "kind": "road_segment"
      }
    },
    {
      "type": "Feature",
      "geometry": {
        "type": "LineString",
        "coordinates": [
          [
            40,
            245
          ],
          [
            41,
            246
          ]
        ]
      },
      "properties": {
        "source": 461,
        "target": 474,
        "length_pixels": 2,
        "kind": "road_segment"
      }
    },
    {
      "type": "Feature",
      "geometry": {
        "type": "LineString",
        "coordinates": [
          [
            41,
            245
          ],
          [
            40,
            246
          ]
        ]
      },
      "properties": {
        "source": 462,
        "target": 473,
        "length_pixels": 2,
        "kind": "road_segment"
      }
    },
    {
      "type": "Feature",
      "geometry": {
        "type": "LineString",
        "coordinates": [
          [
            41,
            245
          ],
          [
            41,
            246
          ]
        ]
      },
      "properties": {
        "source": 462,
        "target": 474,
        "length_pixels": 2,
        "kind": "road_segment"
      }
    },
    {
      "type": "Feature",
      "geometry": {
        "type": "LineString",
        "coordinates": [
          [
            41,
            245
          ],
          [
            42,
            246
          ]
        ]
      },
      "properties": {
        "source": 462,
        "target": 475,
        "length_pixels": 2,
        "kind": "road_segment"
      }
    },
    {
      "type": "Feature",
      "geometry": {
        "type": "LineString",
        "coordinates": [
          [
            29,
            247
          ],
          [
            30,
            246
          ]
        ]
      },
      "properties": {
        "source": 463,
        "target": 479,
        "length_pixels": 2,
        "kind": "road_segment"
      }
    },
    {
      "type": "Feature",
      "geometry": {
        "type": "LineString",
        "coordinates": [
          [
            31,
            246
          ],
          [
            30,
            246
          ]
        ]
      },
      "properties": {
        "source": 463,
        "target": 464,
        "length_pixels": 2,
        "kind": "road_segment"
      }
    },
    {
      "type": "Feature",
      "geometry": {
        "type": "LineString",
        "coordinates": [
          [
            32,
            246
          ],
          [
            31,
            246
          ]
        ]
      },
      "properties": {
        "source": 464,
        "target": 465,
        "length_pixels": 2,
        "kind": "road_segment"
      }
    },
    {
      "type": "Feature",
      "geometry": {
        "type": "LineString",
        "coordinates": [
          [
            33,
            246
          ],
          [
            32,
            246
          ]
        ]
      },
      "properties": {
        "source": 465,
        "target": 466,
        "length_pixels": 2,
        "kind": "road_segment"
      }
    },
    {
      "type": "Feature",
      "geometry": {
        "type": "LineString",
        "coordinates": [
          [
            33,
            246
          ],
          [
            34,
            246
          ]
        ]
      },
      "properties": {
        "source": 466,
        "target": 467,
        "length_pixels": 2,
        "kind": "road_segment"
      }
    },
    {
      "type": "Feature",
      "geometry": {
        "type": "LineString",
        "coordinates": [
          [
            35,
            246
          ],
          [
            34,
            246
          ]
        ]
      },
      "properties": {
        "source": 467,
        "target": 468,
        "length_pixels": 2,
        "kind": "road_segment"
      }
    },
    {
      "type": "Feature",
      "geometry": {
        "type": "LineString",
        "coordinates": [
          [
            36,
            246
          ],
          [
            35,
            246
          ]
        ]
      },
      "properties": {
        "source": 468,
        "target": 469,
        "length_pixels": 2,
        "kind": "road_segment"
      }
    },
    {
      "type": "Feature",
      "geometry": {
        "type": "LineString",
        "coordinates": [
          [
            37,
            246
          ],
          [
            36,
            246
          ]
        ]
      },
      "properties": {
        "source": 469,
        "target": 470,
        "length_pixels": 2,
        "kind": "road_segment"
      }
    },
    {
      "type": "Feature",
      "geometry": {
        "type": "LineString",
        "coordinates": [
          [
            38,
            246
          ],
          [
            37,
            246
          ]
        ]
      },
      "properties": {
        "source": 470,
        "target": 471,
        "length_pixels": 2,
        "kind": "road_segment"
      }
    },
    {
      "type": "Feature",
      "geometry": {
        "type": "LineString",
        "coordinates": [
          [
            38,
            246
          ],
          [
            39,
            246
          ]
        ]
      },
      "properties": {
        "source": 471,
        "target": 472,
        "length_pixels": 2,
        "kind": "road_segment"
      }
    },
    {
      "type": "Feature",
      "geometry": {
        "type": "LineString",
        "coordinates": [
          [
            40,
            246
          ],
          [
            39,
            246
          ]
        ]
      },
      "properties": {
        "source": 472,
        "target": 473,
        "length_pixels": 2,
        "kind": "road_segment"
      }
    },
    {
      "type": "Feature",
      "geometry": {
        "type": "LineString",
        "coordinates": [
          [
            41,
            246
          ],
          [
            40,
            246
          ]
        ]
      },
      "properties": {
        "source": 473,
        "target": 474,
        "length_pixels": 2,
        "kind": "road_segment"
      }
    },
    {
      "type": "Feature",
      "geometry": {
        "type": "LineString",
        "coordinates": [
          [
            42,
            246
          ],
          [
            41,
            246
          ]
        ]
      },
      "properties": {
        "source": 474,
        "target": 475,
        "length_pixels": 2,
        "kind": "road_segment"
      }
    },
    {
      "type": "Feature",
      "geometry": {
        "type": "LineString",
        "coordinates": [
          [
            70,
            246
          ],
          [
            69,
            246
          ],
          [
            68,
            246
          ],
          [
            67,
            246
          ],
          [
            66,
            246
          ],
          [
            65,
            246
          ],
          [
            64,
            246
          ],
          [
            63,
            246
          ],
          [
            62,
            246
          ],
          [
            61,
            246
          ],
          [
            60,
            246
          ],
          [
            59,
            246
          ],
          [
            58,
            246
          ],
          [
            57,
            246
          ],
          [
            56,
            246
          ],
          [
            55,
            246
          ],
          [
            54,
            246
          ],
          [
            53,
            246
          ],
          [
            52,
            246
          ],
          [
            51,
            246
          ],
          [
            50,
            246
          ],
          [
            49,
            246
          ],
          [
            48,
            246
          ],
          [
            47,
            246
          ],
          [
            46,
            246
          ],
          [
            45,
            246
          ],
          [
            44,
            246
          ],
          [
            43,
            246
          ],
          [
            42,
            246
          ]
        ]
      },
      "properties": {
        "source": 475,
        "target": 476,
        "length_pixels": 29,
        "kind": "road_segment"
      }
    },
    {
      "type": "Feature",
      "geometry": {
        "type": "LineString",
        "coordinates": [
          [
            70,
            246
          ],
          [
            71,
            246
          ]
        ]
      },
      "properties": {
        "source": 476,
        "target": 477,
        "length_pixels": 2,
        "kind": "road_segment"
      }
    },
    {
      "type": "Feature",
      "geometry": {
        "type": "LineString",
        "coordinates": [
          [
            70,
            246
          ],
          [
            71,
            247
          ]
        ]
      },
      "properties": {
        "source": 476,
        "target": 480,
        "length_pixels": 2,
        "kind": "road_segment"
      }
    },
    {
      "type": "Feature",
      "geometry": {
        "type": "LineString",
        "coordinates": [
          [
            72,
            247
          ],
          [
            71,
            246
          ]
        ]
      },
      "properties": {
        "source": 477,
        "target": 481,
        "length_pixels": 2,
        "kind": "road_segment"
      }
    },
    {
      "type": "Feature",
      "geometry": {
        "type": "LineString",
        "coordinates": [
          [
            71,
            247
          ],
          [
            71,
            246
          ]
        ]
      },
      "properties": {
        "source": 477,
        "target": 480,
        "length_pixels": 2,
        "kind": "road_segment"
      }
    },
    {
      "type": "Feature",
      "geometry": {
        "type": "LineString",
        "coordinates": [
          [
            72,
            246
          ],
          [
            71,
            246
          ]
        ]
      },
      "properties": {
        "source": 477,
        "target": 478,
        "length_pixels": 2,
        "kind": "road_segment"
      }
    },
    {
      "type": "Feature",
      "geometry": {
        "type": "LineString",
        "coordinates": [
          [
            72,
            247
          ],
          [
            72,
            246
          ]
        ]
      },
      "properties": {
        "source": 478,
        "target": 481,
        "length_pixels": 2,
        "kind": "road_segment"
      }
    },
    {
      "type": "Feature",
      "geometry": {
        "type": "LineString",
        "coordinates": [
          [
            71,
            247
          ],
          [
            72,
            246
          ]
        ]
      },
      "properties": {
        "source": 478,
        "target": 480,
        "length_pixels": 2,
        "kind": "road_segment"
      }
    },
    {
      "type": "Feature",
      "geometry": {
        "type": "LineString",
        "coordinates": [
          [
            72,
            246
          ],
          [
            73,
            247
          ]
        ]
      },
      "properties": {
        "source": 478,
        "target": 482,
        "length_pixels": 2,
        "kind": "road_segment"
      }
    },
    {
      "type": "Feature",
      "geometry": {
        "type": "LineString",
        "coordinates": [
          [
            72,
            247
          ],
          [
            71,
            247
          ]
        ]
      },
      "properties": {
        "source": 480,
        "target": 481,
        "length_pixels": 2,
        "kind": "road_segment"
      }
    },
    {
      "type": "Feature",
      "geometry": {
        "type": "LineString",
        "coordinates": [
          [
            72,
            247
          ],
          [
            73,
            247
          ]
        ]
      },
      "properties": {
        "source": 481,
        "target": 482,
        "length_pixels": 2,
        "kind": "road_segment"
      }
    },
    {
      "type": "Feature",
      "geometry": {
        "type": "LineString",
        "coordinates": [
          [
            77,
            247
          ],
          [
            76,
            247
          ],
          [
            75,
            247
          ],
          [
            74,
            246
          ],
          [
            73,
            247
          ]
        ]
      },
      "properties": {
        "source": 482,
        "target": 483,
        "length_pixels": 5,
        "kind": "road_segment"
      }
    },
    {
      "type": "Feature",
      "geometry": {
        "type": "LineString",
        "coordinates": [
          [
            79,
            248
          ],
          [
            80,
            248
          ]
        ]
      },
      "properties": {
        "source": 484,
        "target": 485,
        "length_pixels": 2,
        "kind": "road_segment"
      }
    },
    {
      "type": "Feature",
      "geometry": {
        "type": "LineString",
        "coordinates": [
          [
            81,
            248
          ],
          [
            80,
            248
          ]
        ]
      },
      "properties": {
        "source": 485,
        "target": 486,
        "length_pixels": 2,
        "kind": "road_segment"
      }
    },
    {
      "type": "Feature",
      "geometry": {
        "type": "LineString",
        "coordinates": [
          [
            80,
            248
          ],
          [
            81,
            249
          ]
        ]
      },
      "properties": {
        "source": 485,
        "target": 498,
        "length_pixels": 2,
        "kind": "road_segment"
      }
    },
    {
      "type": "Feature",
      "geometry": {
        "type": "LineString",
        "coordinates": [
          [
            82,
            248
          ],
          [
            81,
            248
          ]
        ]
      },
      "properties": {
        "source": 486,
        "target": 487,
        "length_pixels": 2,
        "kind": "road_segment"
      }
    },
    {
      "type": "Feature",
      "geometry": {
        "type": "LineString",
        "coordinates": [
          [
            81,
            248
          ],
          [
            81,
            249
          ]
        ]
      },
      "properties": {
        "source": 486,
        "target": 498,
        "length_pixels": 2,
        "kind": "road_segment"
      }
    },
    {
      "type": "Feature",
      "geometry": {
        "type": "LineString",
        "coordinates": [
          [
            102,
            249
          ],
          [
            101,
            248
          ],
          [
            100,
            248
          ],
          [
            99,
            248
          ],
          [
            98,
            248
          ],
          [
            97,
            248
          ],
          [
            96,
            248
          ],
          [
            95,
            248
          ],
          [
            94,
            248
          ],
          [
            93,
            248
          ],
          [
            92,
            248
          ],
          [
            91,
            248
          ],
          [
            90,
            248
          ],
          [
            89,
            248
          ],
          [
            88,
            248
          ],
          [
            87,
            248
          ],
          [
            86,
            248
          ],
          [
            85,
            248
          ],
          [
            84,
            248
          ],
          [
            83,
            248
          ],
          [
            82,
            248
          ]
        ]
      },
      "properties": {
        "source": 487,
        "target": 499,
        "length_pixels": 21,
        "kind": "road_segment"
      }
    },
    {
      "type": "Feature",
      "geometry": {
        "type": "LineString",
        "coordinates": [
          [
            82,
            248
          ],
          [
            81,
            249
          ]
        ]
      },
      "properties": {
        "source": 487,
        "target": 498,
        "length_pixels": 2,
        "kind": "road_segment"
      }
    },
    {
      "type": "Feature",
      "geometry": {
        "type": "LineString",
        "coordinates": [
          [
            103,
            249
          ],
          [
            103,
            248
          ]
        ]
      },
      "properties": {
        "source": 488,
        "target": 500,
        "length_pixels": 2,
        "kind": "road_segment"
      }
    },
    {
      "type": "Feature",
      "geometry": {
        "type": "LineString",
        "coordinates": [
          [
            102,
            249
          ],
          [
            103,
            248
          ]
        ]
      },
      "properties": {
        "source": 488,
        "target": 499,
        "length_pixels": 2,
        "kind": "road_segment"
      }
    },
    {
      "type": "Feature",
      "geometry": {
        "type": "LineString",
        "coordinates": [
          [
            104,
            248
          ],
          [
            103,
            248
          ]
        ]
      },
      "properties": {
        "source": 488,
        "target": 489,
        "length_pixels": 2,
        "kind": "road_segment"
      }
    },
    {
      "type": "Feature",
      "geometry": {
        "type": "LineString",
        "coordinates": [
          [
            103,
            248
          ],
          [
            104,
            249
          ]
        ]
      },
      "properties": {
        "source": 488,
        "target": 501,
        "length_pixels": 2,
        "kind": "road_segment"
      }
    },
    {
      "type": "Feature",
      "geometry": {
        "type": "LineString",
        "coordinates": [
          [
            103,
            249
          ],
          [
            104,
            248
          ]
        ]
      },
      "properties": {
        "source": 489,
        "target": 500,
        "length_pixels": 2,
        "kind": "road_segment"
      }
    },
    {
      "type": "Feature",
      "geometry": {
        "type": "LineString",
        "coordinates": [
          [
            105,
            248
          ],
          [
            104,
            248
          ]
        ]
      },
      "properties": {
        "source": 489,
        "target": 490,
        "length_pixels": 2,
        "kind": "road_segment"
      }
    },
    {
      "type": "Feature",
      "geometry": {
        "type": "LineString",
        "coordinates": [
          [
            104,
            248
          ],
          [
            104,
            249
          ]
        ]
      },
      "properties": {
        "source": 489,
        "target": 501,
        "length_pixels": 2,
        "kind": "road_segment"
      }
    },
    {
      "type": "Feature",
      "geometry": {
        "type": "LineString",
        "coordinates": [
          [
            104,
            248
          ],
          [
            105,
            249
          ]
        ]
      },
      "properties": {
        "source": 489,
        "target": 502,
        "length_pixels": 2,
        "kind": "road_segment"
      }
    },
    {
      "type": "Feature",
      "geometry": {
        "type": "LineString",
        "coordinates": [
          [
            106,
            248
          ],
          [
            105,
            248
          ]
        ]
      },
      "properties": {
        "source": 490,
        "target": 491,
        "length_pixels": 2,
        "kind": "road_segment"
      }
    },
    {
      "type": "Feature",
      "geometry": {
        "type": "LineString",
        "coordinates": [
          [
            105,
            248
          ],
          [
            104,
            249
          ]
        ]
      },
      "properties": {
        "source": 490,
        "target": 501,
        "length_pixels": 2,
        "kind": "road_segment"
      }
    },
    {
      "type": "Feature",
      "geometry": {
        "type": "LineString",
        "coordinates": [
          [
            105,
            248
          ],
          [
            105,
            249
          ]
        ]
      },
      "properties": {
        "source": 490,
        "target": 502,
        "length_pixels": 2,
        "kind": "road_segment"
      }
    },
    {
      "type": "Feature",
      "geometry": {
        "type": "LineString",
        "coordinates": [
          [
            105,
            248
          ],
          [
            106,
            249
          ]
        ]
      },
      "properties": {
        "source": 490,
        "target": 503,
        "length_pixels": 2,
        "kind": "road_segment"
      }
    },
    {
      "type": "Feature",
      "geometry": {
        "type": "LineString",
        "coordinates": [
          [
            106,
            248
          ],
          [
            107,
            248
          ]
        ]
      },
      "properties": {
        "source": 491,
        "target": 492,
        "length_pixels": 2,
        "kind": "road_segment"
      }
    },
    {
      "type": "Feature",
      "geometry": {
        "type": "LineString",
        "coordinates": [
          [
            106,
            248
          ],
          [
            105,
            249
          ]
        ]
      },
      "properties": {
        "source": 491,
        "target": 502,
        "length_pixels": 2,
        "kind": "road_segment"
      }
    },
    {
      "type": "Feature",
      "geometry": {
        "type": "LineString",
        "coordinates": [
          [
            106,
            248
          ],
          [
            106,
            249
          ]
        ]
      },
      "properties": {
        "source": 491,
        "target": 503,
        "length_pixels": 2,
        "kind": "road_segment"
      }
    },
    {
      "type": "Feature",
      "geometry": {
        "type": "LineString",
        "coordinates": [
          [
            106,
            248
          ],
          [
            107,
            249
          ]
        ]
      },
      "properties": {
        "source": 491,
        "target": 504,
        "length_pixels": 2,
        "kind": "road_segment"
      }
    },
    {
      "type": "Feature",
      "geometry": {
        "type": "LineString",
        "coordinates": [
          [
            108,
            249
          ],
          [
            107,
            248
          ]
        ]
      },
      "properties": {
        "source": 492,
        "target": 505,
        "length_pixels": 2,
        "kind": "road_segment"
      }
    },
    {
      "type": "Feature",
      "geometry": {
        "type": "LineString",
        "coordinates": [
          [
            107,
            249
          ],
          [
            107,
            248
          ]
        ]
      },
      "properties": {
        "source": 492,
        "target": 504,
        "length_pixels": 2,
        "kind": "road_segment"
      }
    },
    {
      "type": "Feature",
      "geometry": {
        "type": "LineString",
        "coordinates": [
          [
            106,
            249
          ],
          [
            107,
            248
          ]
        ]
      },
      "properties": {
        "source": 492,
        "target": 503,
        "length_pixels": 2,
        "kind": "road_segment"
      }
    },
    {
      "type": "Feature",
      "geometry": {
        "type": "LineString",
        "coordinates": [
          [
            108,
            248
          ],
          [
            107,
            248
          ]
        ]
      },
      "properties": {
        "source": 492,
        "target": 493,
        "length_pixels": 2,
        "kind": "road_segment"
      }
    },
    {
      "type": "Feature",
      "geometry": {
        "type": "LineString",
        "coordinates": [
          [
            108,
            249
          ],
          [
            108,
            248
          ]
        ]
      },
      "properties": {
        "source": 493,
        "target": 505,
        "length_pixels": 2,
        "kind": "road_segment"
      }
    },
    {
      "type": "Feature",
      "geometry": {
        "type": "LineString",
        "coordinates": [
          [
            107,
            249
          ],
          [
            108,
            248
          ]
        ]
      },
      "properties": {
        "source": 493,
        "target": 504,
        "length_pixels": 2,
        "kind": "road_segment"
      }
    },
    {
      "type": "Feature",
      "geometry": {
        "type": "LineString",
        "coordinates": [
          [
            109,
            248
          ],
          [
            108,
            248
          ]
        ]
      },
      "properties": {
        "source": 493,
        "target": 494,
        "length_pixels": 2,
        "kind": "road_segment"
      }
    },
    {
      "type": "Feature",
      "geometry": {
        "type": "LineString",
        "coordinates": [
          [
            108,
            248
          ],
          [
            109,
            249
          ]
        ]
      },
      "properties": {
        "source": 493,
        "target": 506,
        "length_pixels": 2,
        "kind": "road_segment"
      }
    },
    {
      "type": "Feature",
      "geometry": {
        "type": "LineString",
        "coordinates": [
          [
            108,
            249
          ],
          [
            109,
            248
          ]
        ]
      },
      "properties": {
        "source": 494,
        "target": 505,
        "length_pixels": 2,
        "kind": "road_segment"
      }
    },
    {
      "type": "Feature",
      "geometry": {
        "type": "LineString",
        "coordinates": [
          [
            110,
            248
          ],
          [
            109,
            248
          ]
        ]
      },
      "properties": {
        "source": 494,
        "target": 495,
        "length_pixels": 2,
        "kind": "road_segment"
      }
    },
    {
      "type": "Feature",
      "geometry": {
        "type": "LineString",
        "coordinates": [
          [
            109,
            248
          ],
          [
            109,
            249
          ]
        ]
      },
      "properties": {
        "source": 494,
        "target": 506,
        "length_pixels": 2,
        "kind": "road_segment"
      }
    },
    {
      "type": "Feature",
      "geometry": {
        "type": "LineString",
        "coordinates": [
          [
            109,
            248
          ],
          [
            110,
            249
          ]
        ]
      },
      "properties": {
        "source": 494,
        "target": 507,
        "length_pixels": 2,
        "kind": "road_segment"
      }
    },
    {
      "type": "Feature",
      "geometry": {
        "type": "LineString",
        "coordinates": [
          [
            110,
            248
          ],
          [
            111,
            248
          ]
        ]
      },
      "properties": {
        "source": 495,
        "target": 496,
        "length_pixels": 2,
        "kind": "road_segment"
      }
    },
    {
      "type": "Feature",
      "geometry": {
        "type": "LineString",
        "coordinates": [
          [
            110,
            248
          ],
          [
            109,
            249
          ]
        ]
      },
      "properties": {
        "source": 495,
        "target": 506,
        "length_pixels": 2,
        "kind": "road_segment"
      }
    },
    {
      "type": "Feature",
      "geometry": {
        "type": "LineString",
        "coordinates": [
          [
            110,
            248
          ],
          [
            110,
            249
          ]
        ]
      },
      "properties": {
        "source": 495,
        "target": 507,
        "length_pixels": 2,
        "kind": "road_segment"
      }
    },
    {
      "type": "Feature",
      "geometry": {
        "type": "LineString",
        "coordinates": [
          [
            110,
            249
          ],
          [
            111,
            248
          ]
        ]
      },
      "properties": {
        "source": 496,
        "target": 507,
        "length_pixels": 2,
        "kind": "road_segment"
      }
    },
    {
      "type": "Feature",
      "geometry": {
        "type": "LineString",
        "coordinates": [
          [
            119,
            249
          ],
          [
            118,
            249
          ],
          [
            117,
            249
          ],
          [
            116,
            249
          ],
          [
            115,
            249
          ],
          [
            114,
            249
          ],
          [
            113,
            249
          ],
          [
            112,
            249
          ],
          [
            111,
            248
          ]
        ]
      },
      "properties": {
        "source": 496,
        "target": 508,
        "length_pixels": 9,
        "kind": "road_segment"
      }
    },
    {
      "type": "Feature",
      "geometry": {
        "type": "LineString",
        "coordinates": [
          [
            120,
            248
          ],
          [
            119,
            249
          ]
        ]
      },
      "properties": {
        "source": 497,
        "target": 508,
        "length_pixels": 2,
        "kind": "road_segment"
      }
    },
    {
      "type": "Feature",
      "geometry": {
        "type": "LineString",
        "coordinates": [
          [
            120,
            248
          ],
          [
            120,
            249
          ]
        ]
      },
      "properties": {
        "source": 497,
        "target": 509,
        "length_pixels": 2,
        "kind": "road_segment"
      }
    },
    {
      "type": "Feature",
      "geometry": {
        "type": "LineString",
        "coordinates": [
          [
            120,
            248
          ],
          [
            121,
            249
          ]
        ]
      },
      "properties": {
        "source": 497,
        "target": 510,
        "length_pixels": 2,
        "kind": "road_segment"
      }
    },
    {
      "type": "Feature",
      "geometry": {
        "type": "LineString",
        "coordinates": [
          [
            103,
            249
          ],
          [
            102,
            249
          ]
        ]
      },
      "properties": {
        "source": 499,
        "target": 500,
        "length_pixels": 2,
        "kind": "road_segment"
      }
    },
    {
      "type": "Feature",
      "geometry": {
        "type": "LineString",
        "coordinates": [
          [
            103,
            249
          ],
          [
            104,
            249
          ]
        ]
      },
      "properties": {
        "source": 500,
        "target": 501,
        "length_pixels": 2,
        "kind": "road_segment"
      }
    },
    {
      "type": "Feature",
      "geometry": {
        "type": "LineString",
        "coordinates": [
          [
            105,
            249
          ],
          [
            104,
            249
          ]
        ]
      },
      "properties": {
        "source": 501,
        "target": 502,
        "length_pixels": 2,
        "kind": "road_segment"
      }
    },
    {
      "type": "Feature",
      "geometry": {
        "type": "LineString",
        "coordinates": [
          [
            106,
            249
          ],
          [
            105,
            249
          ]
        ]
      },
      "properties": {
        "source": 502,
        "target": 503,
        "length_pixels": 2,
        "kind": "road_segment"
      }
    },
    {
      "type": "Feature",
      "geometry": {
        "type": "LineString",
        "coordinates": [
          [
            107,
            249
          ],
          [
            106,
            249
          ]
        ]
      },
      "properties": {
        "source": 503,
        "target": 504,
        "length_pixels": 2,
        "kind": "road_segment"
      }
    },
    {
      "type": "Feature",
      "geometry": {
        "type": "LineString",
        "coordinates": [
          [
            108,
            249
          ],
          [
            107,
            249
          ]
        ]
      },
      "properties": {
        "source": 504,
        "target": 505,
        "length_pixels": 2,
        "kind": "road_segment"
      }
    },
    {
      "type": "Feature",
      "geometry": {
        "type": "LineString",
        "coordinates": [
          [
            108,
            249
          ],
          [
            109,
            249
          ]
        ]
      },
      "properties": {
        "source": 505,
        "target": 506,
        "length_pixels": 2,
        "kind": "road_segment"
      }
    },
    {
      "type": "Feature",
      "geometry": {
        "type": "LineString",
        "coordinates": [
          [
            110,
            249
          ],
          [
            109,
            249
          ]
        ]
      },
      "properties": {
        "source": 506,
        "target": 507,
        "length_pixels": 2,
        "kind": "road_segment"
      }
    },
    {
      "type": "Feature",
      "geometry": {
        "type": "LineString",
        "coordinates": [
          [
            120,
            249
          ],
          [
            119,
            249
          ]
        ]
      },
      "properties": {
        "source": 508,
        "target": 509,
        "length_pixels": 2,
        "kind": "road_segment"
      }
    },
    {
      "type": "Feature",
      "geometry": {
        "type": "LineString",
        "coordinates": [
          [
            121,
            249
          ],
          [
            120,
            249
          ]
        ]
      },
      "properties": {
        "source": 509,
        "target": 510,
        "length_pixels": 2,
        "kind": "road_segment"
      }
    },
    {
      "type": "Feature",
      "geometry": {
        "type": "LineString",
        "coordinates": [
          [
            122,
            249
          ],
          [
            121,
            249
          ]
        ]
      },
      "properties": {
        "source": 510,
        "target": 511,
        "length_pixels": 2,
        "kind": "road_segment"
      }
    },
    {
      "type": "Feature",
      "geometry": {
        "type": "LineString",
        "coordinates": [
          [
            121,
            249
          ],
          [
            122,
            250
          ]
        ]
      },
      "properties": {
        "source": 510,
        "target": 515,
        "length_pixels": 2,
        "kind": "road_segment"
      }
    },
    {
      "type": "Feature",
      "geometry": {
        "type": "LineString",
        "coordinates": [
          [
            123,
            250
          ],
          [
            122,
            249
          ]
        ]
      },
      "properties": {
        "source": 511,
        "target": 516,
        "length_pixels": 2,
        "kind": "road_segment"
      }
    },
    {
      "type": "Feature",
      "geometry": {
        "type": "LineString",
        "coordinates": [
          [
            122,
            249
          ],
          [
            122,
            250
          ]
        ]
      },
      "properties": {
        "source": 511,
        "target": 515,
        "length_pixels": 2,
        "kind": "road_segment"
      }
    },
    {
      "type": "Feature",
      "geometry": {
        "type": "LineString",
        "coordinates": [
          [
            143,
            250
          ],
          [
            143,
            249
          ]
        ]
      },
      "properties": {
        "source": 512,
        "target": 518,
        "length_pixels": 2,
        "kind": "road_segment"
      }
    },
    {
      "type": "Feature",
      "geometry": {
        "type": "LineString",
        "coordinates": [
          [
            142,
            250
          ],
          [
            143,
            249
          ]
        ]
      },
      "properties": {
        "source": 512,
        "target": 517,
        "length_pixels": 2,
        "kind": "road_segment"
      }
    },
    {
      "type": "Feature",
      "geometry": {
        "type": "LineString",
        "coordinates": [
          [
            144,
            249
          ],
          [
            143,
            249
          ]
        ]
      },
      "properties": {
        "source": 512,
        "target": 513,
        "length_pixels": 2,
        "kind": "road_segment"
      }
    },
    {
      "type": "Feature",
      "geometry": {
        "type": "LineString",
        "coordinates": [
          [
            143,
            250
          ],
          [
            144,
            249
          ]
        ]
      },
      "properties": {
        "source": 513,
        "target": 518,
        "length_pixels": 2,
        "kind": "road_segment"
      }
    },
    {
      "type": "Feature",
      "geometry": {
        "type": "LineString",
        "coordinates": [
          [
            144,
            249
          ],
          [
            145,
            248
          ],
          [
            146,
            248
          ],
          [
            147,
            247
          ],
          [
            148,
            247
          ],
          [
            149,
            246
          ],
          [
            150,
            246
          ],
          [
            151,
            245
          ],
          [
            152,
            245
          ],
          [
            153,
            246
          ],
          [
            154,
            246
          ],
          [
            155,
            247
          ],
          [
            156,
            247
          ],
          [
            157,
            248
          ],
          [
            158,
            248
          ],
          [
            159,
            249
          ],
          [
            160,
            249
          ],
          [
            161,
            250
          ],
          [
            162,
            250
          ],
          [
            163,
            251
          ],
          [
            164,
            251
          ],
          [
            165,
            251
          ],
          [
            166,
            251
          ],
          [
            167,
            252
          ]
        ]
      },
      "properties": {
        "source": 513,
        "target": 532,
        "length_pixels": 24,
        "kind": "road_segment"
      }
    },
    {
      "type": "Feature",
      "geometry": {
        "type": "LineString",
        "coordinates": [
          [
            26,
            252
          ],
          [
            27,
            251
          ],
          [
            28,
            250
          ]
        ]
      },
      "properties": {
        "source": 514,
        "target": 531,
        "length_pixels": 3,
        "kind": "road_segment"
      }
    },
    {
      "type": "Feature",
      "geometry": {
        "type": "LineString",
        "coordinates": [
          [
            123,
            250
          ],
          [
            122,
            250
          ]
        ]
      },
      "properties": {
        "source": 515,
        "target": 516,
        "length_pixels": 2,
        "kind": "road_segment"
      }
    },
    {
      "type": "Feature",
      "geometry": {
        "type": "LineString",
        "coordinates": [
          [
            123,
            250
          ],
          [
            124,
            251
          ],
          [
            125,
            251
          ],
          [
            126,
            252
          ],
          [
            127,
            252
          ],
          [
            128,
            253
          ],
          [
            129,
            253
          ],
          [
            130,
            254
          ],
          [
            131,
            254
          ],
          [
            132,
            255
          ]
        ]
      },
      "properties": {
        "source": 516,
        "target": 579,
        "length_pixels": 10,
        "kind": "road_segment"
      }
    },
    {
      "type": "Feature",
      "geometry": {
        "type": "LineString",
        "coordinates": [
          [
            143,
            250
          ],
          [
            142,
            250
          ]
        ]
      },
      "properties": {
        "source": 517,
        "target": 518,
        "length_pixels": 2,
        "kind": "road_segment"
      }
    },
    {
      "type": "Feature",
      "geometry": {
        "type": "LineString",
        "coordinates": [
          [
            142,
            250
          ],
          [
            141,
            251
          ]
        ]
      },
      "properties": {
        "source": 517,
        "target": 519,
        "length_pixels": 2,
        "kind": "road_segment"
      }
    },
    {
      "type": "Feature",
      "geometry": {
        "type": "LineString",
        "coordinates": [
          [
            142,
            250
          ],
          [
            142,
            251
          ]
        ]
      },
      "properties": {
        "source": 517,
        "target": 520,
        "length_pixels": 2,
        "kind": "road_segment"
      }
    },
    {
      "type": "Feature",
      "geometry": {
        "type": "LineString",
        "coordinates": [
          [
            143,
            250
          ],
          [
            142,
            251
          ]
        ]
      },
      "properties": {
        "source": 518,
        "target": 520,
        "length_pixels": 2,
        "kind": "road_segment"
      }
    },
    {
      "type": "Feature",
      "geometry": {
        "type": "LineString",
        "coordinates": [
          [
            135,
            255
          ],
          [
            136,
            254
          ],
          [
            137,
            254
          ],
          [
            138,
            253
          ],
          [
            139,
            253
          ],
          [
            140,
            252
          ],
          [
            141,
            251
          ]
        ]
      },
      "properties": {
        "source": 519,
        "target": 582,
        "length_pixels": 7,
        "kind": "road_segment"
      }
    },
    {
      "type": "Feature",
      "geometry": {
        "type": "LineString",
        "coordinates": [
          [
            142,
            251
          ],
          [
            141,
            251
          ]
        ]
      },
      "properties": {
        "source": 519,
        "target": 520,
        "length_pixels": 2,
        "kind": "road_segment"
      }
    },
    {
      "type": "Feature",
      "geometry": {
        "type": "LineString",
        "coordinates": [
          [
            169,
            252
          ],
          [
            168,
            251
          ]
        ]
      },
      "properties": {
        "source": 521,
        "target": 534,
        "length_pixels": 2,
        "kind": "road_segment"
      }
    },
    {
      "type": "Feature",
      "geometry": {
        "type": "LineString",
        "coordinates": [
          [
            168,
            252
          ],
          [
            168,
            251
          ]
        ]
      },
      "properties": {
        "source": 521,
        "target": 533,
        "length_pixels": 2,
        "kind": "road_segment"
      }
    },
    {
      "type": "Feature",
      "geometry": {
        "type": "LineString",
        "coordinates": [
          [
            167,
            252
          ],
          [
            168,
            251
          ]
        ]
      },
      "properties": {
        "source": 521,
        "target": 532,
        "length_pixels": 2,
        "kind": "road_segment"
      }
    },
    {
      "type": "Feature",
      "geometry": {
        "type": "LineString",
        "coordinates": [
          [
            169,
            251
          ],
          [
            168,
            251
          ]
        ]
      },
      "properties": {
        "source": 521,
        "target": 522,
        "length_pixels": 2,
        "kind": "road_segment"
      }
    },
    {
      "type": "Feature",
      "geometry": {
        "type": "LineString",
        "coordinates": [
          [
            169,
            252
          ],
          [
            169,
            251
          ]
        ]
      },
      "properties": {
        "source": 522,
        "target": 534,
        "length_pixels": 2,
        "kind": "road_segment"
      }
    },
    {
      "type": "Feature",
      "geometry": {
        "type": "LineString",
        "coordinates": [
          [
            168,
            252
          ],
          [
            169,
            251
          ]
        ]
      },
      "properties": {
        "source": 522,
        "target": 533,
        "length_pixels": 2,
        "kind": "road_segment"
      }
    },
    {
      "type": "Feature",
      "geometry": {
        "type": "LineString",
        "coordinates": [
          [
            170,
            251
          ],
          [
            169,
            251
          ]
        ]
      },
      "properties": {
        "source": 522,
        "target": 523,
        "length_pixels": 2,
        "kind": "road_segment"
      }
    },
    {
      "type": "Feature",
      "geometry": {
        "type": "LineString",
        "coordinates": [
          [
            170,
            252
          ],
          [
            169,
            251
          ]
        ]
      },
      "properties": {
        "source": 522,
        "target": 535,
        "length_pixels": 2,
        "kind": "road_segment"
      }
    },
    {
      "type": "Feature",
      "geometry": {
        "type": "LineString",
        "coordinates": [
          [
            169,
            252
          ],
          [
            170,
            251
          ]
        ]
      },
      "properties": {
        "source": 523,
        "target": 534,
        "length_pixels": 2,
        "kind": "road_segment"
      }
    },
    {
      "type": "Feature",
      "geometry": {
        "type": "LineString",
        "coordinates": [
          [
            171,
            251
          ],
          [
            170,
            251
          ]
        ]
      },
      "properties": {
        "source": 523,
        "target": 524,
        "length_pixels": 2,
        "kind": "road_segment"
      }
    },
    {
      "type": "Feature",
      "geometry": {
        "type": "LineString",
        "coordinates": [
          [
            171,
            252
          ],
          [
            170,
            251
          ]
        ]
      },
      "properties": {
        "source": 523,
        "target": 536,
        "length_pixels": 2,
        "kind": "road_segment"
      }
    },
    {
      "type": "Feature",
      "geometry": {
        "type": "LineString",
        "coordinates": [
          [
            170,
            251
          ],
          [
            170,
            252
          ]
        ]
      },
      "properties": {
        "source": 523,
        "target": 535,
        "length_pixels": 2,
        "kind": "road_segment"
      }
    },
    {
      "type": "Feature",
      "geometry": {
        "type": "LineString",
        "coordinates": [
          [
            172,
            251
          ],
          [
            171,
            251
          ]
        ]
      },
      "properties": {
        "source": 524,
        "target": 525,
        "length_pixels": 2,
        "kind": "road_segment"
      }
    },
    {
      "type": "Feature",
      "geometry": {
        "type": "LineString",
        "coordinates": [
          [
            172,
            252
          ],
          [
            171,
            251
          ]
        ]
      },
      "properties": {
        "source": 524,
        "target": 537,
        "length_pixels": 2,
        "kind": "road_segment"
      }
    },
    {
      "type": "Feature",
      "geometry": {
        "type": "LineString",
        "coordinates": [
          [
            171,
            251
          ],
          [
            170,
            252
          ]
        ]
      },
      "properties": {
        "source": 524,
        "target": 535,
        "length_pixels": 2,
        "kind": "road_segment"
      }
    },
    {
      "type": "Feature",
      "geometry": {
        "type": "LineString",
        "coordinates": [
          [
            171,
            251
          ],
          [
            171,
            252
          ]
        ]
      },
      "properties": {
        "source": 524,
        "target": 536,
        "length_pixels": 2,
        "kind": "road_segment"
      }
    },
    {
      "type": "Feature",
      "geometry": {
        "type": "LineString",
        "coordinates": [
          [
            173,
            252
          ],
          [
            172,
            251
          ]
        ]
      },
      "properties": {
        "source": 525,
        "target": 538,
        "length_pixels": 2,
        "kind": "road_segment"
      }
    },
    {
      "type": "Feature",
      "geometry": {
        "type": "LineString",
        "coordinates": [
          [
            172,
            251
          ],
          [
            173,
            251
          ]
        ]
      },
      "properties": {
        "source": 525,
        "target": 526,
        "length_pixels": 2,
        "kind": "road_segment"
      }
    },
    {
      "type": "Feature",
      "geometry": {
        "type": "LineString",
        "coordinates": [
          [
            172,
            251
          ],
          [
            171,
            252
          ]
        ]
      },
      "properties": {
        "source": 525,
        "target": 536,
        "length_pixels": 2,
        "kind": "road_segment"
      }
    },
    {
      "type": "Feature",
      "geometry": {
        "type": "LineString",
        "coordinates": [
          [
            172,
            251
          ],
          [
            172,
            252
          ]
        ]
      },
      "properties": {
        "source": 525,
        "target": 537,
        "length_pixels": 2,
        "kind": "road_segment"
      }
    },
    {
      "type": "Feature",
      "geometry": {
        "type": "LineString",
        "coordinates": [
          [
            174,
            252
          ],
          [
            173,
            251
          ]
        ]
      },
      "properties": {
        "source": 526,
        "target": 539,
        "length_pixels": 2,
        "kind": "road_segment"
      }
    },
    {
      "type": "Feature",
      "geometry": {
        "type": "LineString",
        "coordinates": [
          [
            173,
            252
          ],
          [
            173,
            251
          ]
        ]
      },
      "properties": {
        "source": 526,
        "target": 538,
        "length_pixels": 2,
        "kind": "road_segment"
      }
    },
    {
      "type": "Feature",
      "geometry": {
        "type": "LineString",
        "coordinates": [
          [
            172,
            252
          ],
          [
            173,
            251
          ]
        ]
      },
      "properties": {
        "source": 526,
        "target": 537,
        "length_pixels": 2,
        "kind": "road_segment"
      }
    },
    {
      "type": "Feature",
      "geometry": {
        "type": "LineString",
        "coordinates": [
          [
            174,
            251
          ],
          [
            173,
            251
          ]
        ]
      },
      "properties": {
        "source": 526,
        "target": 527,
        "length_pixels": 2,
        "kind": "road_segment"
      }
    },
    {
      "type": "Feature",
      "geometry": {
        "type": "LineString",
        "coordinates": [
          [
            174,
            252
          ],
          [
            174,
            251
          ]
        ]
      },
      "properties": {
        "source": 527,
        "target": 539,
        "length_pixels": 2,
        "kind": "road_segment"
      }
    },
    {
      "type": "Feature",
      "geometry": {
        "type": "LineString",
        "coordinates": [
          [
            173,
            252
          ],
          [
            174,
            251
          ]
        ]
      },
      "properties": {
        "source": 527,
        "target": 538,
        "length_pixels": 2,
        "kind": "road_segment"
      }
    },
    {
      "type": "Feature",
      "geometry": {
        "type": "LineString",
        "coordinates": [
          [
            175,
            251
          ],
          [
            174,
            251
          ]
        ]
      },
      "properties": {
        "source": 527,
        "target": 528,
        "length_pixels": 2,
        "kind": "road_segment"
      }
    },
    {
      "type": "Feature",
      "geometry": {
        "type": "LineString",
        "coordinates": [
          [
            175,
            252
          ],
          [
            174,
            251
          ]
        ]
      },
      "properties": {
        "source": 527,
        "target": 540,
        "length_pixels": 2,
        "kind": "road_segment"
      }
    },
    {
      "type": "Feature",
      "geometry": {
        "type": "LineString",
        "coordinates": [
          [
            174,
            252
          ],
          [
            175,
            251
          ]
        ]
      },
      "properties": {
        "source": 528,
        "target": 539,
        "length_pixels": 2,
        "kind": "road_segment"
      }
    },
    {
      "type": "Feature",
      "geometry": {
        "type": "LineString",
        "coordinates": [
          [
            176,
            251
          ],
          [
            175,
            251
          ]
        ]
      },
      "properties": {
        "source": 528,
        "target": 529,
        "length_pixels": 2,
        "kind": "road_segment"
      }
    },
    {
      "type": "Feature",
      "geometry": {
        "type": "LineString",
        "coordinates": [
          [
            175,
            251
          ],
          [
            175,
            252
          ]
        ]
      },
      "properties": {
        "source": 528,
        "target": 540,
        "length_pixels": 2,
        "kind": "road_segment"
      }
    },
    {
      "type": "Feature",
      "geometry": {
        "type": "LineString",
        "coordinates": [
          [
            175,
            251
          ],
          [
            176,
            252
          ]
        ]
      },
      "properties": {
        "source": 528,
        "target": 541,
        "length_pixels": 2,
        "kind": "road_segment"
      }
    },
    {
      "type": "Feature",
      "geometry": {
        "type": "LineString",
        "coordinates": [
          [
            177,
            251
          ],
          [
            176,
            251
          ]
        ]
      },
      "properties": {
        "source": 529,
        "target": 530,
        "length_pixels": 2,
        "kind": "road_segment"
      }
    },
    {
      "type": "Feature",
      "geometry": {
        "type": "LineString",
        "coordinates": [
          [
            176,
            251
          ],
          [
            175,
            252
          ]
        ]
      },
      "properties": {
        "source": 529,
        "target": 540,
        "length_pixels": 2,
        "kind": "road_segment"
      }
    },
    {
      "type": "Feature",
      "geometry": {
        "type": "LineString",
        "coordinates": [
          [
            176,
            251
          ],
          [
            176,
            252
          ]
        ]
      },
      "properties": {
        "source": 529,
        "target": 541,
        "length_pixels": 2,
        "kind": "road_segment"
      }
    },
    {
      "type": "Feature",
      "geometry": {
        "type": "LineString",
        "coordinates": [
          [
            183,
            252
          ],
          [
            182,
            252
          ],
          [
            181,
            252
          ],
          [
            180,
            252
          ],
          [
            179,
            252
          ],
          [
            178,
            252
          ],
          [
            177,
            251
          ]
        ]
      },
      "properties": {
        "source": 530,
        "target": 542,
        "length_pixels": 7,
        "kind": "road_segment"
      }
    },
    {
      "type": "Feature",
      "geometry": {
        "type": "LineString",
        "coordinates": [
          [
            177,
            251
          ],
          [
            176,
            252
          ]
        ]
      },
      "properties": {
        "source": 530,
        "target": 541,
        "length_pixels": 2,
        "kind": "road_segment"
      }
    },
    {
      "type": "Feature",
      "geometry": {
        "type": "LineString",
        "coordinates": [
          [
            168,
            252
          ],
          [
            167,
            252
          ]
        ]
      },
      "properties": {
        "source": 532,
        "target": 533,
        "length_pixels": 2,
        "kind": "road_segment"
      }
    },
    {
      "type": "Feature",
      "geometry": {
        "type": "LineString",
        "coordinates": [
          [
            169,
            252
          ],
          [
            168,
            252
          ]
        ]
      },
      "properties": {
        "source": 533,
        "target": 534,
        "length_pixels": 2,
        "kind": "road_segment"
      }
    },
    {
      "type": "Feature",
      "geometry": {
        "type": "LineString",
        "coordinates": [
          [
            169,
            252
          ],
          [
            170,
            252
          ]
        ]
      },
      "properties": {
        "source": 534,
        "target": 535,
        "length_pixels": 2,
        "kind": "road_segment"
      }
    },
    {
      "type": "Feature",
      "geometry": {
        "type": "LineString",
        "coordinates": [
          [
            171,
            252
          ],
          [
            170,
            252
          ]
        ]
      },
      "properties": {
        "source": 535,
        "target": 536,
        "length_pixels": 2,
        "kind": "road_segment"
      }
    },
    {
      "type": "Feature",
      "geometry": {
        "type": "LineString",
        "coordinates": [
          [
            172,
            252
          ],
          [
            171,
            252
          ]
        ]
      },
      "properties": {
        "source": 536,
        "target": 537,
        "length_pixels": 2,
        "kind": "road_segment"
      }
    },
    {
      "type": "Feature",
      "geometry": {
        "type": "LineString",
        "coordinates": [
          [
            173,
            252
          ],
          [
            172,
            252
          ]
        ]
      },
      "properties": {
        "source": 537,
        "target": 538,
        "length_pixels": 2,
        "kind": "road_segment"
      }
    },
    {
      "type": "Feature",
      "geometry": {
        "type": "LineString",
        "coordinates": [
          [
            174,
            252
          ],
          [
            173,
            252
          ]
        ]
      },
      "properties": {
        "source": 538,
        "target": 539,
        "length_pixels": 2,
        "kind": "road_segment"
      }
    },
    {
      "type": "Feature",
      "geometry": {
        "type": "LineString",
        "coordinates": [
          [
            174,
            252
          ],
          [
            175,
            252
          ]
        ]
      },
      "properties": {
        "source": 539,
        "target": 540,
        "length_pixels": 2,
        "kind": "road_segment"
      }
    },
    {
      "type": "Feature",
      "geometry": {
        "type": "LineString",
        "coordinates": [
          [
            176,
            252
          ],
          [
            175,
            252
          ]
        ]
      },
      "properties": {
        "source": 540,
        "target": 541,
        "length_pixels": 2,
        "kind": "road_segment"
      }
    },
    {
      "type": "Feature",
      "geometry": {
        "type": "LineString",
        "coordinates": [
          [
            183,
            252
          ],
          [
            184,
            252
          ]
        ]
      },
      "properties": {
        "source": 542,
        "target": 543,
        "length_pixels": 2,
        "kind": "road_segment"
      }
    },
    {
      "type": "Feature",
      "geometry": {
        "type": "LineString",
        "coordinates": [
          [
            183,
            252
          ],
          [
            184,
            253
          ]
        ]
      },
      "properties": {
        "source": 542,
        "target": 545,
        "length_pixels": 2,
        "kind": "road_segment"
      }
    },
    {
      "type": "Feature",
      "geometry": {
        "type": "LineString",
        "coordinates": [
          [
            185,
            253
          ],
          [
            184,
            252
          ]
        ]
      },
      "properties": {
        "source": 543,
        "target": 546,
        "length_pixels": 2,
        "kind": "road_segment"
      }
    },
    {
      "type": "Feature",
      "geometry": {
        "type": "LineString",
        "coordinates": [
          [
            184,
            253
          ],
          [
            184,
            252
          ]
        ]
      },
      "properties": {
        "source": 543,
        "target": 545,
        "length_pixels": 2,
        "kind": "road_segment"
      }
    },
    {
      "type": "Feature",
      "geometry": {
        "type": "LineString",
        "coordinates": [
          [
            185,
            253
          ],
          [
            186,
            252
          ],
          [
            187,
            252
          ],
          [
            188,
            252
          ],
          [
            189,
            252
          ],
          [
            190,
            252
          ]
        ]
      },
      "properties": {
        "source": 544,
        "target": 546,
        "length_pixels": 6,
        "kind": "road_segment"
      }
    },
    {
      "type": "Feature",
      "geometry": {
        "type": "LineString",
        "coordinates": [
          [
            185,
            253
          ],
          [
            184,
            253
          ]
        ]
      },
      "properties": {
        "source": 545,
        "target": 546,
        "length_pixels": 2,
        "kind": "road_segment"
      }
    },
    {
      "type": "Feature",
      "geometry": {
        "type": "LineString",
        "coordinates": [
          [
            210,
            254
          ],
          [
            209,
            253
          ]
        ]
      },
      "properties": {
        "source": 548,
        "target": 559,
        "length_pixels": 2,
        "kind": "road_segment"
      }
    },
    {
      "type": "Feature",
      "geometry": {
        "type": "LineString",
        "coordinates": [
          [
            210,
            254
          ],
          [
            211,
            253
          ]
        ]
      },
      "properties": {
        "source": 549,
        "target": 559,
        "length_pixels": 2,
        "kind": "road_segment"
      }
    },
    {
      "type": "Feature",
      "geometry": {
        "type": "LineString",
        "coordinates": [
          [
            212,
            253
          ],
          [
            211,
            253
          ]
        ]
      },
      "properties": {
        "source": 549,
        "target": 550,
        "length_pixels": 2,
        "kind": "road_segment"
      }
    },
    {
      "type": "Feature",
      "geometry": {
        "type": "LineString",
        "coordinates": [
          [
            211,
            253
          ],
          [
            211,
            254
          ]
        ]
      },
      "properties": {
        "source": 549,
        "target": 560,
        "length_pixels": 2,
        "kind": "road_segment"
      }
    },
    {
      "type": "Feature",
      "geometry": {
        "type": "LineString",
        "coordinates": [
          [
            211,
            253
          ],
          [
            212,
            254
          ]
        ]
      },
      "properties": {
        "source": 549,
        "target": 561,
        "length_pixels": 2,
        "kind": "road_segment"
      }
    },
    {
      "type": "Feature",
      "geometry": {
        "type": "LineString",
        "coordinates": [
          [
            212,
            253
          ],
          [
            213,
            253
          ]
        ]
      },
      "properties": {
        "source": 550,
        "target": 551,
        "length_pixels": 2,
        "kind": "road_segment"
      }
    },
    {
      "type": "Feature",
      "geometry": {
        "type": "LineString",
        "coordinates": [
          [
            212,
            253
          ],
          [
            211,
            254
          ]
        ]
      },
      "properties": {
        "source": 550,
        "target": 560,
        "length_pixels": 2,
        "kind": "road_segment"
      }
    },
    {
      "type": "Feature",
      "geometry": {
        "type": "LineString",
        "coordinates": [
          [
            212,
            253
          ],
          [
            212,
            254
          ]
        ]
      },
      "properties": {
        "source": 550,
        "target": 561,
        "length_pixels": 2,
        "kind": "road_segment"
      }
    },
    {
      "type": "Feature",
      "geometry": {
        "type": "LineString",
        "coordinates": [
          [
            212,
            253
          ],
          [
            213,
            254
          ]
        ]
      },
      "properties": {
        "source": 550,
        "target": 562,
        "length_pixels": 2,
        "kind": "road_segment"
      }
    },
    {
      "type": "Feature",
      "geometry": {
        "type": "LineString",
        "coordinates": [
          [
            214,
            254
          ],
          [
            213,
            253
          ]
        ]
      },
      "properties": {
        "source": 551,
        "target": 563,
        "length_pixels": 2,
        "kind": "road_segment"
      }
    },
    {
      "type": "Feature",
      "geometry": {
        "type": "LineString",
        "coordinates": [
          [
            213,
            254
          ],
          [
            213,
            253
          ]
        ]
      },
      "properties": {
        "source": 551,
        "target": 562,
        "length_pixels": 2,
        "kind": "road_segment"
      }
    },
    {
      "type": "Feature",
      "geometry": {
        "type": "LineString",
        "coordinates": [
          [
            212,
            254
          ],
          [
            213,
            253
          ]
        ]
      },
      "properties": {
        "source": 551,
        "target": 561,
        "length_pixels": 2,
        "kind": "road_segment"
      }
    },
    {
      "type": "Feature",
      "geometry": {
        "type": "LineString",
        "coordinates": [
          [
            214,
            253
          ],
          [
            213,
            253
          ]
        ]
      },
      "properties": {
        "source": 551,
        "target": 552,
        "length_pixels": 2,
        "kind": "road_segment"
      }
    },
    {
      "type": "Feature",
      "geometry": {
        "type": "LineString",
        "coordinates": [
          [
            214,
            254
          ],
          [
            214,
            253
          ]
        ]
      },
      "properties": {
        "source": 552,
        "target": 563,
        "length_pixels": 2,
        "kind": "road_segment"
      }
    },
    {
      "type": "Feature",
      "geometry": {
        "type": "LineString",
        "coordinates": [
          [
            213,
            254
          ],
          [
            214,
            253
          ]
        ]
      },
      "properties": {
        "source": 552,
        "target": 562,
        "length_pixels": 2,
        "kind": "road_segment"
      }
    },
    {
      "type": "Feature",
      "geometry": {
        "type": "LineString",
        "coordinates": [
          [
            215,
            253
          ],
          [
            214,
            253
          ]
        ]
      },
      "properties": {
        "source": 552,
        "target": 553,
        "length_pixels": 2,
        "kind": "road_segment"
      }
    },
    {
      "type": "Feature",
      "geometry": {
        "type": "LineString",
        "coordinates": [
          [
            214,
            253
          ],
          [
            215,
            254
          ]
        ]
      },
      "properties": {
        "source": 552,
        "target": 564,
        "length_pixels": 2,
        "kind": "road_segment"
      }
    },
    {
      "type": "Feature",
      "geometry": {
        "type": "LineString",
        "coordinates": [
          [
            214,
            254
          ],
          [
            215,
            253
          ]
        ]
      },
      "properties": {
        "source": 553,
        "target": 563,
        "length_pixels": 2,
        "kind": "road_segment"
      }
    },
    {
      "type": "Feature",
      "geometry": {
        "type": "LineString",
        "coordinates": [
          [
            216,
            253
          ],
          [
            215,
            253
          ]
        ]
      },
      "properties": {
        "source": 553,
        "target": 554,
        "length_pixels": 2,
        "kind": "road_segment"
      }
    },
    {
      "type": "Feature",
      "geometry": {
        "type": "LineString",
        "coordinates": [
          [
            215,
            253
          ],
          [
            215,
            254
          ]
        ]
      },
      "properties": {
        "source": 553,
        "target": 564,
        "length_pixels": 2,
        "kind": "road_segment"
      }
    },
    {
      "type": "Feature",
      "geometry": {
        "type": "LineString",
        "coordinates": [
          [
            215,
            253
          ],
          [
            216,
            254
          ]
        ]
      },
      "properties": {
        "source": 553,
        "target": 565,
        "length_pixels": 2,
        "kind": "road_segment"
      }
    },
    {
      "type": "Feature",
      "geometry": {
        "type": "LineString",
        "coordinates": [
          [
            217,
            253
          ],
          [
            216,
            253
          ]
        ]
      },
      "properties": {
        "source": 554,
        "target": 555,
        "length_pixels": 2,
        "kind": "road_segment"
      }
    },
    {
      "type": "Feature",
      "geometry": {
        "type": "LineString",
        "coordinates": [
          [
            216,
            253
          ],
          [
            215,
            254
          ]
        ]
      },
      "properties": {
        "source": 554,
        "target": 564,
        "length_pixels": 2,
        "kind": "road_segment"
      }
    },
    {
      "type": "Feature",
      "geometry": {
        "type": "LineString",
        "coordinates": [
          [
            216,
            253
          ],
          [
            216,
            254
          ]
        ]
      },
      "properties": {
        "source": 554,
        "target": 565,
        "length_pixels": 2,
        "kind": "road_segment"
      }
    },
    {
      "type": "Feature",
      "geometry": {
        "type": "LineString",
        "coordinates": [
          [
            216,
            253
          ],
          [
            217,
            254
          ]
        ]
      },
      "properties": {
        "source": 554,
        "target": 566,
        "length_pixels": 2,
        "kind": "road_segment"
      }
    },
    {
      "type": "Feature",
      "geometry": {
        "type": "LineString",
        "coordinates": [
          [
            217,
            253
          ],
          [
            218,
            253
          ]
        ]
      },
      "properties": {
        "source": 555,
        "target": 556,
        "length_pixels": 2,
        "kind": "road_segment"
      }
    },
    {
      "type": "Feature",
      "geometry": {
        "type": "LineString",
        "coordinates": [
          [
            217,
            253
          ],
          [
            216,
            254
          ]
        ]
      },
      "properties": {
        "source": 555,
        "target": 565,
        "length_pixels": 2,
        "kind": "road_segment"
      }
    },
    {
      "type": "Feature",
      "geometry": {
        "type": "LineString",
        "coordinates": [
          [
            217,
            253
          ],
          [
            217,
            254
          ]
        ]
      },
      "properties": {
        "source": 555,
        "target": 566,
        "length_pixels": 2,
        "kind": "road_segment"
      }
    },
    {
      "type": "Feature",
      "geometry": {
        "type": "LineString",
        "coordinates": [
          [
            217,
            253
          ],
          [
            218,
            254
          ]
        ]
      },
      "properties": {
        "source": 555,
        "target": 567,
        "length_pixels": 2,
        "kind": "road_segment"
      }
    },
    {
      "type": "Feature",
      "geometry": {
        "type": "LineString",
        "coordinates": [
          [
            219,
            254
          ],
          [
            218,
            253
          ]
        ]
      },
      "properties": {
        "source": 556,
        "target": 568,
        "length_pixels": 2,
        "kind": "road_segment"
      }
    },
    {
      "type": "Feature",
      "geometry": {
        "type": "LineString",
        "coordinates": [
          [
            218,
            254
          ],
          [
            218,
            253
          ]
        ]
      },
      "properties": {
        "source": 556,
        "target": 567,
        "length_pixels": 2,
        "kind": "road_segment"
      }
    },
    {
      "type": "Feature",
      "geometry": {
        "type": "LineString",
        "coordinates": [
          [
            217,
            254
          ],
          [
            218,
            253
          ]
        ]
      },
      "properties": {
        "source": 556,
        "target": 566,
        "length_pixels": 2,
        "kind": "road_segment"
      }
    },
    {
      "type": "Feature",
      "geometry": {
        "type": "LineString",
        "coordinates": [
          [
            219,
            253
          ],
          [
            218,
            253
          ]
        ]
      },
      "properties": {
        "source": 556,
        "target": 557,
        "length_pixels": 2,
        "kind": "road_segment"
      }
    },
    {
      "type": "Feature",
      "geometry": {
        "type": "LineString",
        "coordinates": [
          [
            219,
            254
          ],
          [
            219,
            253
          ]
        ]
      },
      "properties": {
        "source": 557,
        "target": 568,
        "length_pixels": 2,
        "kind": "road_segment"
      }
    },
    {
      "type": "Feature",
      "geometry": {
        "type": "LineString",
        "coordinates": [
          [
            218,
            254
          ],
          [
            219,
            253
          ]
        ]
      },
      "properties": {
        "source": 557,
        "target": 567,
        "length_pixels": 2,
        "kind": "road_segment"
      }
    },
    {
      "type": "Feature",
      "geometry": {
        "type": "LineString",
        "coordinates": [
          [
            220,
            253
          ],
          [
            219,
            253
          ]
        ]
      },
      "properties": {
        "source": 557,
        "target": 558,
        "length_pixels": 2,
        "kind": "road_segment"
      }
    },
    {
      "type": "Feature",
      "geometry": {
        "type": "LineString",
        "coordinates": [
          [
            219,
            254
          ],
          [
            220,
            253
          ]
        ]
      },
      "properties": {
        "source": 558,
        "target": 568,
        "length_pixels": 2,
        "kind": "road_segment"
      }
    },
    {
      "type": "Feature",
      "geometry": {
        "type": "LineString",
        "coordinates": [
          [
            220,
            253
          ],
          [
            221,
            254
          ],
          [
            222,
            254
          ],
          [
            223,
            254
          ],
          [
            224,
            254
          ],
          [
            225,
            254
          ]
        ]
      },
      "properties": {
        "source": 558,
        "target": 569,
        "length_pixels": 6,
        "kind": "road_segment"
      }
    },
    {
      "type": "Feature",
      "geometry": {
        "type": "LineString",
        "coordinates": [
          [
            210,
            254
          ],
          [
            211,
            254
          ]
        ]
      },
      "properties": {
        "source": 559,
        "target": 560,
        "length_pixels": 2,
        "kind": "road_segment"
      }
    },
    {
      "type": "Feature",
      "geometry": {
        "type": "LineString",
        "coordinates": [
          [
            212,
            254
          ],
          [
            211,
            254
          ]
        ]
      },
      "properties": {
        "source": 560,
        "target": 561,
        "length_pixels": 2,
        "kind": "road_segment"
      }
    },
    {
      "type": "Feature",
      "geometry": {
        "type": "LineString",
        "coordinates": [
          [
            213,
            254
          ],
          [
            212,
            254
          ]
        ]
      },
      "properties": {
        "source": 561,
        "target": 562,
        "length_pixels": 2,
        "kind": "road_segment"
      }
    },
    {
      "type": "Feature",
      "geometry": {
        "type": "LineString",
        "coordinates": [
          [
            214,
            254
          ],
          [
            213,
            254
          ]
        ]
      },
      "properties": {
        "source": 562,
        "target": 563,
        "length_pixels": 2,
        "kind": "road_segment"
      }
    },
    {
      "type": "Feature",
      "geometry": {
        "type": "LineString",
        "coordinates": [
          [
            214,
            254
          ],
          [
            215,
            254
          ]
        ]
      },
      "properties": {
        "source": 563,
        "target": 564,
        "length_pixels": 2,
        "kind": "road_segment"
      }
    },
    {
      "type": "Feature",
      "geometry": {
        "type": "LineString",
        "coordinates": [
          [
            216,
            254
          ],
          [
            215,
            254
          ]
        ]
      },
      "properties": {
        "source": 564,
        "target": 565,
        "length_pixels": 2,
        "kind": "road_segment"
      }
    },
    {
      "type": "Feature",
      "geometry": {
        "type": "LineString",
        "coordinates": [
          [
            217,
            254
          ],
          [
            216,
            254
          ]
        ]
      },
      "properties": {
        "source": 565,
        "target": 566,
        "length_pixels": 2,
        "kind": "road_segment"
      }
    },
    {
      "type": "Feature",
      "geometry": {
        "type": "LineString",
        "coordinates": [
          [
            218,
            254
          ],
          [
            217,
            254
          ]
        ]
      },
      "properties": {
        "source": 566,
        "target": 567,
        "length_pixels": 2,
        "kind": "road_segment"
      }
    },
    {
      "type": "Feature",
      "geometry": {
        "type": "LineString",
        "coordinates": [
          [
            219,
            254
          ],
          [
            218,
            254
          ]
        ]
      },
      "properties": {
        "source": 567,
        "target": 568,
        "length_pixels": 2,
        "kind": "road_segment"
      }
    },
    {
      "type": "Feature",
      "geometry": {
        "type": "LineString",
        "coordinates": [
          [
            226,
            255
          ],
          [
            225,
            254
          ]
        ]
      },
      "properties": {
        "source": 569,
        "target": 583,
        "length_pixels": 2,
        "kind": "road_segment"
      }
    },
    {
      "type": "Feature",
      "geometry": {
        "type": "LineString",
        "coordinates": [
          [
            226,
            254
          ],
          [
            225,
            254
          ]
        ]
      },
      "properties": {
        "source": 569,
        "target": 570,
        "length_pixels": 2,
        "kind": "road_segment"
      }
    },
    {
      "type": "Feature",
      "geometry": {
        "type": "LineString",
        "coordinates": [
          [
            226,
            255
          ],
          [
            226,
            254
          ]
        ]
      },
      "properties": {
        "source": 570,
        "target": 583,
        "length_pixels": 2,
        "kind": "road_segment"
      }
    },
    {
      "type": "Feature",
      "geometry": {
        "type": "LineString",
        "coordinates": [
          [
            227,
            254
          ],
          [
            226,
            254
          ]
        ]
      },
      "properties": {
        "source": 570,
        "target": 571,
        "length_pixels": 2,
        "kind": "road_segment"
      }
    },
    {
      "type": "Feature",
      "geometry": {
        "type": "LineString",
        "coordinates": [
          [
            226,
            255
          ],
          [
            227,
            254
          ]
        ]
      },
      "properties": {
        "source": 571,
        "target": 583,
        "length_pixels": 2,
        "kind": "road_segment"
      }
    },
    {
      "type": "Feature",
      "geometry": {
        "type": "LineString",
        "coordinates": [
          [
            235,
            255
          ],
          [
            234,
            254
          ],
          [
            233,
            254
          ],
          [
            232,
            254
          ],
          [
            231,
            254
          ],
          [
            230,
            254
          ],
          [
            229,
            254
          ],
          [
            228,
            254
          ],
          [
            227,
            254
          ]
        ]
      },
      "properties": {
        "source": 571,
        "target": 584,
        "length_pixels": 9,
        "kind": "road_segment"
      }
    },
    {
      "type": "Feature",
      "geometry": {
        "type": "LineString",
        "coordinates": [
          [
            235,
            255
          ],
          [
            236,
            254
          ]
        ]
      },
      "properties": {
        "source": 572,
        "target": 584,
        "length_pixels": 2,
        "kind": "road_segment"
      }
    },
    {
      "type": "Feature",
      "geometry": {
        "type": "LineString",
        "coordinates": [
          [
            237,
            254
          ],
          [
            236,
            254
          ]
        ]
      },
      "properties": {
        "source": 572,
        "target": 573,
        "length_pixels": 2,
        "kind": "road_segment"
      }
    },
    {
      "type": "Feature",
      "geometry": {
        "type": "LineString",
        "coordinates": [
          [
            237,
            255
          ],
          [
            236,
            254
          ]
        ]
      },
      "properties": {
        "source": 572,
        "target": 586,
        "length_pixels": 2,
        "kind": "road_segment"
      }
    },
    {
      "type": "Feature",
      "geometry": {
        "type": "LineString",
        "coordinates": [
          [
            236,
            254
          ],
          [
            236,
            255
          ]
        ]
      },
      "properties": {
        "source": 572,
        "target": 585,
        "length_pixels": 2,
        "kind": "road_segment"
      }
    },
    {
      "type": "Feature",
      "geometry": {
        "type": "LineString",
        "coordinates": [
          [
            238,
            254
          ],
          [
            237,
            254
          ]
        ]
      },
      "properties": {
        "source": 573,
        "target": 574,
        "length_pixels": 2,
        "kind": "road_segment"
      }
    },
    {
      "type": "Feature",
      "geometry": {
        "type": "LineString",
        "coordinates": [
          [
            237,
            254
          ],
          [
            236,
            255
          ]
        ]
      },
      "properties": {
        "source": 573,
        "target": 585,
        "length_pixels": 2,
        "kind": "road_segment"
      }
    },
    {
      "type": "Feature",
      "geometry": {
        "type": "LineString",
        "coordinates": [
          [
            237,
            254
          ],
          [
            237,
            255
          ]
        ]
      },
      "properties": {
        "source": 573,
        "target": 586,
        "length_pixels": 2,
        "kind": "road_segment"
      }
    },
    {
      "type": "Feature",
      "geometry": {
        "type": "LineString",
        "coordinates": [
          [
            237,
            254
          ],
          [
            238,
            255
          ]
        ]
      },
      "properties": {
        "source": 573,
        "target": 587,
        "length_pixels": 2,
        "kind": "road_segment"
      }
    },
    {
      "type": "Feature",
      "geometry": {
        "type": "LineString",
        "coordinates": [
          [
            239,
            255
          ],
          [
            238,
            254
          ]
        ]
      },
      "properties": {
        "source": 574,
        "target": 588,
        "length_pixels": 2,
        "kind": "road_segment"
      }
    },
    {
      "type": "Feature",
      "geometry": {
        "type": "LineString",
        "coordinates": [
          [
            238,
            254
          ],
          [
            239,
            254
          ]
        ]
      },
      "properties": {
        "source": 574,
        "target": 575,
        "length_pixels": 2,
        "kind": "road_segment"
      }
    },
    {
      "type": "Feature",
      "geometry": {
        "type": "LineString",
        "coordinates": [
          [
            238,
            254
          ],
          [
            237,
            255
          ]
        ]
      },
      "properties": {
        "source": 574,
        "target": 586,
        "length_pixels": 2,
        "kind": "road_segment"
      }
    },
    {
      "type": "Feature",
      "geometry": {
        "type": "LineString",
        "coordinates": [
          [
            238,
            254
          ],
          [
            238,
            255
          ]
        ]
      },
      "properties": {
        "source": 574,
        "target": 587,
        "length_pixels": 2,
        "kind": "road_segment"
      }
    },
    {
      "type": "Feature",
      "geometry": {
        "type": "LineString",
        "coordinates": [
          [
            240,
            255
          ],
          [
            239,
            254
          ]
        ]
      },
      "properties": {
        "source": 575,
        "target": 589,
        "length_pixels": 2,
        "kind": "road_segment"
      }
    },
    {
      "type": "Feature",
      "geometry": {
        "type": "LineString",
        "coordinates": [
          [
            239,
            255
          ],
          [
            239,
            254
          ]
        ]
      },
      "properties": {
        "source": 575,
        "target": 588,
        "length_pixels": 2,
        "kind": "road_segment"
      }
    },
    {
      "type": "Feature",
      "geometry": {
        "type": "LineString",
        "coordinates": [
          [
            238,
            255
          ],
          [
            239,
            254
          ]
        ]
      },
      "properties": {
        "source": 575,
        "target": 587,
        "length_pixels": 2,
        "kind": "road_segment"
      }
    },
    {
      "type": "Feature",
      "geometry": {
        "type": "LineString",
        "coordinates": [
          [
            240,
            254
          ],
          [
            239,
            254
          ]
        ]
      },
      "properties": {
        "source": 575,
        "target": 576,
        "length_pixels": 2,
        "kind": "road_segment"
      }
    },
    {
      "type": "Feature",
      "geometry": {
        "type": "LineString",
        "coordinates": [
          [
            240,
            255
          ],
          [
            240,
            254
          ]
        ]
      },
      "properties": {
        "source": 576,
        "target": 589,
        "length_pixels": 2,
        "kind": "road_segment"
      }
    },
    {
      "type": "Feature",
      "geometry": {
        "type": "LineString",
        "coordinates": [
          [
            239,
            255
          ],
          [
            240,
            254
          ]
        ]
      },
      "properties": {
        "source": 576,
        "target": 588,
        "length_pixels": 2,
        "kind": "road_segment"
      }
    },
    {
      "type": "Feature",
      "geometry": {
        "type": "LineString",
        "coordinates": [
          [
            241,
            254
          ],
          [
            240,
            254
          ]
        ]
      },
      "properties": {
        "source": 576,
        "target": 577,
        "length_pixels": 2,
        "kind": "road_segment"
      }
    },
    {
      "type": "Feature",
      "geometry": {
        "type": "LineString",
        "coordinates": [
          [
            240,
            254
          ],
          [
            241,
            255
          ]
        ]
      },
      "properties": {
        "source": 576,
        "target": 590,
        "length_pixels": 2,
        "kind": "road_segment"
      }
    },
    {
      "type": "Feature",
      "geometry": {
        "type": "LineString",
        "coordinates": [
          [
            240,
            255
          ],
          [
            241,
            254
          ]
        ]
      },
      "properties": {
        "source": 577,
        "target": 589,
        "length_pixels": 2,
        "kind": "road_segment"
      }
    },
    {
      "type": "Feature",
      "geometry": {
        "type": "LineString",
        "coordinates": [
          [
            242,
            254
          ],
          [
            241,
            254
          ]
        ]
      },
      "properties": {
        "source": 577,
        "target": 578,
        "length_pixels": 2,
        "kind": "road_segment"
      }
    },
    {
      "type": "Feature",
      "geometry": {
        "type": "LineString",
        "coordinates": [
          [
            241,
            254
          ],
          [
            241,
            255
          ]
        ]
      },
      "properties": {
        "source": 577,
        "target": 590,
        "length_pixels": 2,
        "kind": "road_segment"
      }
    },
    {
      "type": "Feature",
      "geometry": {
        "type": "LineString",
        "coordinates": [
          [
            244,
            255
          ],
          [
            243,
            255
          ],
          [
            242,
            254
          ]
        ]
      },
      "properties": {
        "source": 578,
        "target": 591,
        "length_pixels": 3,
        "kind": "road_segment"
      }
    },
    {
      "type": "Feature",
      "geometry": {
        "type": "LineString",
        "coordinates": [
          [
            242,
            254
          ],
          [
            241,
            255
          ]
        ]
      },
      "properties": {
        "source": 578,
        "target": 590,
        "length_pixels": 2,
        "kind": "road_segment"
      }
    },
    {
      "type": "Feature",
      "geometry": {
        "type": "LineString",
        "coordinates": [
          [
            133,
            256
          ],
          [
            132,
            255
          ]
        ]
      },
      "properties": {
        "source": 579,
        "target": 616,
        "length_pixels": 2,
        "kind": "road_segment"
      }
    },
    {
      "type": "Feature",
      "geometry": {
        "type": "LineString",
        "coordinates": [
          [
            132,
            255
          ],
          [
            133,
            255
          ]
        ]
      },
      "properties": {
        "source": 579,
        "target": 580,
        "length_pixels": 2,
        "kind": "road_segment"
      }
    },
    {
      "type": "Feature",
      "geometry": {
        "type": "LineString",
        "coordinates": [
          [
            134,
            256
          ],
          [
            133,
            255
          ]
        ]
      },
      "properties": {
        "source": 580,
        "target": 617,
        "length_pixels": 2,
        "kind": "road_segment"
      }
    },
    {
      "type": "Feature",
      "geometry": {
        "type": "LineString",
        "coordinates": [
          [
            133,
            256
          ],
          [
            133,
            255
          ]
        ]
      },
      "properties": {
        "source": 580,
        "target": 616,
        "length_pixels": 2,
        "kind": "road_segment"
      }
    },
    {
      "type": "Feature",
      "geometry": {
        "type": "LineString",
        "coordinates": [
          [
            134,
            255
          ],
          [
            133,
            255
          ]
        ]
      },
      "properties": {
        "source": 580,
        "target": 581,
        "length_pixels": 2,
        "kind": "road_segment"
      }
    },
    {
      "type": "Feature",
      "geometry": {
        "type": "LineString",
        "coordinates": [
          [
            134,
            256
          ],
          [
            134,
            255
          ]
        ]
      },
      "properties": {
        "source": 581,
        "target": 617,
        "length_pixels": 2,
        "kind": "road_segment"
      }
    },
    {
      "type": "Feature",
      "geometry": {
        "type": "LineString",
        "coordinates": [
          [
            133,
            256
          ],
          [
            134,
            255
          ]
        ]
      },
      "properties": {
        "source": 581,
        "target": 616,
        "length_pixels": 2,
        "kind": "road_segment"
      }
    },
    {
      "type": "Feature",
      "geometry": {
        "type": "LineString",
        "coordinates": [
          [
            135,
            255
          ],
          [
            134,
            255
          ]
        ]
      },
      "properties": {
        "source": 581,
        "target": 582,
        "length_pixels": 2,
        "kind": "road_segment"
      }
    },
    {
      "type": "Feature",
      "geometry": {
        "type": "LineString",
        "coordinates": [
          [
            134,
            256
          ],
          [
            135,
            255
          ]
        ]
      },
      "properties": {
        "source": 582,
        "target": 617,
        "length_pixels": 2,
        "kind": "road_segment"
      }
    },
    {
      "type": "Feature",
      "geometry": {
        "type": "LineString",
        "coordinates": [
          [
            235,
            255
          ],
          [
            236,
            255
          ]
        ]
      },
      "properties": {
        "source": 584,
        "target": 585,
        "length_pixels": 2,
        "kind": "road_segment"
      }
    },
    {
      "type": "Feature",
      "geometry": {
        "type": "LineString",
        "coordinates": [
          [
            237,
            255
          ],
          [
            236,
            255
          ]
        ]
      },
      "properties": {
        "source": 585,
        "target": 586,
        "length_pixels": 2,
        "kind": "road_segment"
      }
    },
    {
      "type": "Feature",
      "geometry": {
        "type": "LineString",
        "coordinates": [
          [
            238,
            255
          ],
          [
            237,
            255
          ]
        ]
      },
      "properties": {
        "source": 586,
        "target": 587,
        "length_pixels": 2,
        "kind": "road_segment"
      }
    },
    {
      "type": "Feature",
      "geometry": {
        "type": "LineString",
        "coordinates": [
          [
            239,
            255
          ],
          [
            238,
            255
          ]
        ]
      },
      "properties": {
        "source": 587,
        "target": 588,
        "length_pixels": 2,
        "kind": "road_segment"
      }
    },
    {
      "type": "Feature",
      "geometry": {
        "type": "LineString",
        "coordinates": [
          [
            240,
            255
          ],
          [
            239,
            255
          ]
        ]
      },
      "properties": {
        "source": 588,
        "target": 589,
        "length_pixels": 2,
        "kind": "road_segment"
      }
    },
    {
      "type": "Feature",
      "geometry": {
        "type": "LineString",
        "coordinates": [
          [
            240,
            255
          ],
          [
            241,
            255
          ]
        ]
      },
      "properties": {
        "source": 589,
        "target": 590,
        "length_pixels": 2,
        "kind": "road_segment"
      }
    },
    {
      "type": "Feature",
      "geometry": {
        "type": "LineString",
        "coordinates": [
          [
            244,
            255
          ],
          [
            245,
            255
          ]
        ]
      },
      "properties": {
        "source": 591,
        "target": 592,
        "length_pixels": 2,
        "kind": "road_segment"
      }
    },
    {
      "type": "Feature",
      "geometry": {
        "type": "LineString",
        "coordinates": [
          [
            244,
            255
          ],
          [
            245,
            256
          ]
        ]
      },
      "properties": {
        "source": 591,
        "target": 618,
        "length_pixels": 2,
        "kind": "road_segment"
      }
    },
    {
      "type": "Feature",
      "geometry": {
        "type": "LineString",
        "coordinates": [
          [
            245,
            256
          ],
          [
            245,
            255
          ]
        ]
      },
      "properties": {
        "source": 592,
        "target": 618,
        "length_pixels": 2,
        "kind": "road_segment"
      }
    },
    {
      "type": "Feature",
      "geometry": {
        "type": "LineString",
        "coordinates": [
          [
            246,
            255
          ],
          [
            245,
            255
          ]
        ]
      },
      "properties": {
        "source": 592,
        "target": 593,
        "length_pixels": 2,
        "kind": "road_segment"
      }
    },
    {
      "type": "Feature",
      "geometry": {
        "type": "LineString",
        "coordinates": [
          [
            246,
            256
          ],
          [
            245,
            255
          ]
        ]
      },
      "properties": {
        "source": 592,
        "target": 619,
        "length_pixels": 2,
        "kind": "road_segment"
      }
    },
    {
      "type": "Feature",
      "geometry": {
        "type": "LineString",
        "coordinates": [
          [
            245,
            256
          ],
          [
            246,
            255
          ]
        ]
      },
      "properties": {
        "source": 593,
        "target": 618,
        "length_pixels": 2,
        "kind": "road_segment"
      }
    },
    {
      "type": "Feature",
      "geometry": {
        "type": "LineString",
        "coordinates": [
          [
            247,
            255
          ],
          [
            246,
            255
          ]
        ]
      },
      "properties": {
        "source": 593,
        "target": 594,
        "length_pixels": 2,
        "kind": "road_segment"
      }
    },
    {
      "type": "Feature",
      "geometry": {
        "type": "LineString",
        "coordinates": [
          [
            247,
            256
          ],
          [
            246,
            255
          ]
        ]
      },
      "properties": {
        "source": 593,
        "target": 620,
        "length_pixels": 2,
        "kind": "road_segment"
      }
    },
    {
      "type": "Feature",
      "geometry": {
        "type": "LineString",
        "coordinates": [
          [
            246,
            255
          ],
          [
            246,
            256
          ]
        ]
      },
      "properties": {
        "source": 593,
        "target": 619,
        "length_pixels": 2,
        "kind": "road_segment"
      }
    },
    {
      "type": "Feature",
      "geometry": {
        "type": "LineString",
        "coordinates": [
          [
            248,
            255
          ],
          [
            247,
            255
          ]
        ]
      },
      "properties": {
        "source": 594,
        "target": 595,
        "length_pixels": 2,
        "kind": "road_segment"
      }
    },
    {
      "type": "Feature",
      "geometry": {
        "type": "LineString",
        "coordinates": [
          [
            248,
            256
          ],
          [
            247,
            255
          ]
        ]
      },
      "properties": {
        "source": 594,
        "target": 621,
        "length_pixels": 2,
        "kind": "road_segment"
      }
    },
    {
      "type": "Feature",
      "geometry": {
        "type": "LineString",
        "coordinates": [
          [
            247,
            255
          ],
          [
            246,
            256
          ]
        ]
      },
      "properties": {
        "source": 594,
        "target": 619,
        "length_pixels": 2,
        "kind": "road_segment"
      }
    },
    {
      "type": "Feature",
      "geometry": {
        "type": "LineString",
        "coordinates": [
          [
            247,
            255
          ],
          [
            247,
            256
          ]
        ]
      },
      "properties": {
        "source": 594,
        "target": 620,
        "length_pixels": 2,
        "kind": "road_segment"
      }
    },
    {
      "type": "Feature",
      "geometry": {
        "type": "LineString",
        "coordinates": [
          [
            249,
            255
          ],
          [
            248,
            255
          ]
        ]
      },
      "properties": {
        "source": 595,
        "target": 596,
        "length_pixels": 2,
        "kind": "road_segment"
      }
    },
    {
      "type": "Feature",
      "geometry": {
        "type": "LineString",
        "coordinates": [
          [
            249,
            256
          ],
          [
            248,
            255
          ]
        ]
      },
      "properties": {
        "source": 595,
        "target": 622,
        "length_pixels": 2,
        "kind": "road_segment"
      }
    },
    {
      "type": "Feature",
      "geometry": {
        "type": "LineString",
        "coordinates": [
          [
            248,
            255
          ],
          [
            247,
            256
          ]
        ]
      },
      "properties": {
        "source": 595,
        "target": 620,
        "length_pixels": 2,
        "kind": "road_segment"
      }
    },
    {
      "type": "Feature",
      "geometry": {
        "type": "LineString",
        "coordinates": [
          [
            248,
            255
          ],
          [
            248,
            256
          ]
        ]
      },
      "properties": {
        "source": 595,
        "target": 621,
        "length_pixels": 2,
        "kind": "road_segment"
      }
    },
    {
      "type": "Feature",
      "geometry": {
        "type": "LineString",
        "coordinates": [
          [
            249,
            255
          ],
          [
            250,
            255
          ]
        ]
      },
      "properties": {
        "source": 596,
        "target": 597,
        "length_pixels": 2,
        "kind": "road_segment"
      }
    },
    {
      "type": "Feature",
      "geometry": {
        "type": "LineString",
        "coordinates": [
          [
            249,
            255
          ],
          [
            248,
            256
          ]
        ]
      },
      "properties": {
        "source": 596,
        "target": 621,
        "length_pixels": 2,
        "kind": "road_segment"
      }
    },
    {
      "type": "Feature",
      "geometry": {
        "type": "LineString",
        "coordinates": [
          [
            249,
            255
          ],
          [
            249,
            256
          ]
        ]
      },
      "properties": {
        "source": 596,
        "target": 622,
        "length_pixels": 2,
        "kind": "road_segment"
      }
    },
    {
      "type": "Feature",
      "geometry": {
        "type": "LineString",
        "coordinates": [
          [
            249,
            255
          ],
          [
            250,
            256
          ]
        ]
      },
      "properties": {
        "source": 596,
        "target": 623,
        "length_pixels": 2,
        "kind": "road_segment"
      }
    },
    {
      "type": "Feature",
      "geometry": {
        "type": "LineString",
        "coordinates": [
          [
            250,
            256
          ],
          [
            250,
            255
          ]
        ]
      },
      "properties": {
        "source": 597,
        "target": 623,
        "length_pixels": 2,
        "kind": "road_segment"
      }
    },
    {
      "type": "Feature",
      "geometry": {
        "type": "LineString",
        "coordinates": [
          [
            249,
            256
          ],
          [
            250,
            255
          ]
        ]
      },
      "properties": {
        "source": 597,
        "target": 622,
        "length_pixels": 2,
        "kind": "road_segment"
      }
    },
    {
      "type": "Feature",
      "geometry": {
        "type": "LineString",
        "coordinates": [
          [
            251,
            255
          ],
          [
            250,
            255
          ]
        ]
      },
      "properties": {
        "source": 597,
        "target": 598,
        "length_pixels": 2,
        "kind": "road_segment"
      }
    },
    {
      "type": "Feature",
      "geometry": {
        "type": "LineString",
        "coordinates": [
          [
            251,
            256
          ],
          [
            250,
            255
          ]
        ]
      },
      "properties": {
        "source": 597,
        "target": 624,
        "length_pixels": 2,
        "kind": "road_segment"
      }
    },
    {
      "type": "Feature",
      "geometry": {
        "type": "LineString",
        "coordinates": [
          [
            250,
            256
          ],
          [
            251,
            255
          ]
        ]
      },
      "properties": {
        "source": 598,
        "target": 623,
        "length_pixels": 2,
        "kind": "road_segment"
      }
    },
    {
      "type": "Feature",
      "geometry": {
        "type": "LineString",
        "coordinates": [
          [
            252,
            255
          ],
          [
            251,
            255
          ]
        ]
      },
      "properties": {
        "source": 598,
        "target": 599,
        "length_pixels": 2,
        "kind": "road_segment"
      }
    },
    {
      "type": "Feature",
      "geometry": {
        "type": "LineString",
        "coordinates": [
          [
            251,
            255
          ],
          [
            251,
            256
          ]
        ]
      },
      "properties": {
        "source": 598,
        "target": 624,
        "length_pixels": 2,
        "kind": "road_segment"
      }
    },
    {
      "type": "Feature",
      "geometry": {
        "type": "LineString",
        "coordinates": [
          [
            251,
            255
          ],
          [
            252,
            256
          ]
        ]
      },
      "properties": {
        "source": 598,
        "target": 625,
        "length_pixels": 2,
        "kind": "road_segment"
      }
    },
    {
      "type": "Feature",
      "geometry": {
        "type": "LineString",
        "coordinates": [
          [
            253,
            255
          ],
          [
            252,
            255
          ]
        ]
      },
      "properties": {
        "source": 599,
        "target": 600,
        "length_pixels": 2,
        "kind": "road_segment"
      }
    },
    {
      "type": "Feature",
      "geometry": {
        "type": "LineString",
        "coordinates": [
          [
            253,
            256
          ],
          [
            252,
            255
          ]
        ]
      },
      "properties": {
        "source": 599,
        "target": 626,
        "length_pixels": 2,
        "kind": "road_segment"
      }
    },
    {
      "type": "Feature",
      "geometry": {
        "type": "LineString",
        "coordinates": [
          [
            252,
            255
          ],
          [
            251,
            256
          ]
        ]
      },
      "properties": {
        "source": 599,
        "target": 624,
        "length_pixels": 2,
        "kind": "road_segment"
      }
    },
    {
      "type": "Feature",
      "geometry": {
        "type": "LineString",
        "coordinates": [
          [
            252,
            255
          ],
          [
            252,
            256
          ]
        ]
      },
      "properties": {
        "source": 599,
        "target": 625,
        "length_pixels": 2,
        "kind": "road_segment"
      }
    },
    {
      "type": "Feature",
      "geometry": {
        "type": "LineString",
        "coordinates": [
          [
            254,
            256
          ],
          [
            253,
            255
          ]
        ]
      },
      "properties": {
        "source": 600,
        "target": 627,
        "length_pixels": 2,
        "kind": "road_segment"
      }
    },
    {
      "type": "Feature",
      "geometry": {
        "type": "LineString",
        "coordinates": [
          [
            253,
            255
          ],
          [
            254,
            255
          ]
        ]
      },
      "properties": {
        "source": 600,
        "target": 601,
        "length_pixels": 2,
        "kind": "road_segment"
      }
    },
    {
      "type": "Feature",
      "geometry": {
        "type": "LineString",
        "coordinates": [
          [
            253,
            255
          ],
          [
            252,
            256
          ]
        ]
      },
      "properties": {
        "source": 600,
        "target": 625,
        "length_pixels": 2,
        "kind": "road_segment"
      }
    },
    {
      "type": "Feature",
      "geometry": {
        "type": "LineString",
        "coordinates": [
          [
            253,
            255
          ],
          [
            253,
            256
          ]
        ]
      },
      "properties": {
        "source": 600,
        "target": 626,
        "length_pixels": 2,
        "kind": "road_segment"
      }
    },
    {
      "type": "Feature",
      "geometry": {
        "type": "LineString",
        "coordinates": [
          [
            254,
            256
          ],
          [
            254,
            255
          ]
        ]
      },
      "properties": {
        "source": 601,
        "target": 627,
        "length_pixels": 2,
        "kind": "road_segment"
      }
    },
    {
      "type": "Feature",
      "geometry": {
        "type": "LineString",
        "coordinates": [
          [
            253,
            256
          ],
          [
            254,
            255
          ]
        ]
      },
      "properties": {
        "source": 601,
        "target": 626,
        "length_pixels": 2,
        "kind": "road_segment"
      }
    },
    {
      "type": "Feature",
      "geometry": {
        "type": "LineString",
        "coordinates": [
          [
            257,
            255
          ],
          [
            256,
            255
          ]
        ]
      },
      "properties": {
        "source": 602,
        "target": 603,
        "length_pixels": 2,
        "kind": "road_segment"
      }
    },
    {
      "type": "Feature",
      "geometry": {
        "type": "LineString",
        "coordinates": [
          [
            256,
            255
          ],
          [
            256,
            256
          ]
        ]
      },
      "properties": {
        "source": 602,
        "target": 628,
        "length_pixels": 2,
        "kind": "road_segment"
      }
    },
    {
      "type": "Feature",
      "geometry": {
        "type": "LineString",
        "coordinates": [
          [
            256,
            255
          ],
          [
            257,
            256
          ]
        ]
      },
      "properties": {
        "source": 602,
        "target": 629,
        "length_pixels": 2,
        "kind": "road_segment"
      }
    },
    {
      "type": "Feature",
      "geometry": {
        "type": "LineString",
        "coordinates": [
          [
            258,
            255
          ],
          [
            257,
            255
          ]
        ]
      },
      "properties": {
        "source": 603,
        "target": 604,
        "length_pixels": 2,
        "kind": "road_segment"
      }
    },
    {
      "type": "Feature",
      "geometry": {
        "type": "LineString",
        "coordinates": [
          [
            258,
            256
          ],
          [
            257,
            255
          ]
        ]
      },
      "properties": {
        "source": 603,
        "target": 630,
        "length_pixels": 2,
        "kind": "road_segment"
      }
    },
    {
      "type": "Feature",
      "geometry": {
        "type": "LineString",
        "coordinates": [
          [
            257,
            255
          ],
          [
            256,
            256
          ]
        ]
      },
      "properties": {
        "source": 603,
        "target": 628,
        "length_pixels": 2,
        "kind": "road_segment"
      }
    },
    {
      "type": "Feature",
      "geometry": {
        "type": "LineString",
        "coordinates": [
          [
            257,
            255
          ],
          [
            257,
            256
          ]
        ]
      },
      "properties": {
        "source": 603,
        "target": 629,
        "length_pixels": 2,
        "kind": "road_segment"
      }
    },
    {
      "type": "Feature",
      "geometry": {
        "type": "LineString",
        "coordinates": [
          [
            258,
            255
          ],
          [
            259,
            255
          ]
        ]
      },
      "properties": {
        "source": 604,
        "target": 605,
        "length_pixels": 2,
        "kind": "road_segment"
      }
    },
    {
      "type": "Feature",
      "geometry": {
        "type": "LineString",
        "coordinates": [
          [
            258,
            255
          ],
          [
            257,
            256
          ]
        ]
      },
      "properties": {
        "source": 604,
        "target": 629,
        "length_pixels": 2,
        "kind": "road_segment"
      }
    },
    {
      "type": "Feature",
      "geometry": {
        "type": "LineString",
        "coordinates": [
          [
            258,
            255
          ],
          [
            258,
            256
          ]
        ]
      },
      "properties": {
        "source": 604,
        "target": 630,
        "length_pixels": 2,
        "kind": "road_segment"
      }
    },
    {
      "type": "Feature",
      "geometry": {
        "type": "LineString",
        "coordinates": [
          [
            258,
            255
          ],
          [
            259,
            256
          ]
        ]
      },
      "properties": {
        "source": 604,
        "target": 631,
        "length_pixels": 2,
        "kind": "road_segment"
      }
    },
    {
      "type": "Feature",
      "geometry": {
        "type": "LineString",
        "coordinates": [
          [
            259,
            256
          ],
          [
            259,
            255
          ]
        ]
      },
      "properties": {
        "source": 605,
        "target": 631,
        "length_pixels": 2,
        "kind": "road_segment"
      }
    },
    {
      "type": "Feature",
      "geometry": {
        "type": "LineString",
        "coordinates": [
          [
            258,
            256
          ],
          [
            259,
            255
          ]
        ]
      },
      "properties": {
        "source": 605,
        "target": 630,
        "length_pixels": 2,
        "kind": "road_segment"
      }
    },
    {
      "type": "Feature",
      "geometry": {
        "type": "LineString",
        "coordinates": [
          [
            260,
            255
          ],
          [
            259,
            255
          ]
        ]
      },
      "properties": {
        "source": 605,
        "target": 606,
        "length_pixels": 2,
        "kind": "road_segment"
      }
    },
    {
      "type": "Feature",
      "geometry": {
        "type": "LineString",
        "coordinates": [
          [
            260,
            256
          ],
          [
            259,
            255
          ]
        ]
      },
      "properties": {
        "source": 605,
        "target": 632,
        "length_pixels": 2,
        "kind": "road_segment"
      }
    },
    {
      "type": "Feature",
      "geometry": {
        "type": "LineString",
        "coordinates": [
          [
            259,
            256
          ],
          [
            260,
            255
          ]
        ]
      },
      "properties": {
        "source": 606,
        "target": 631,
        "length_pixels": 2,
        "kind": "road_segment"
      }
    },
    {
      "type": "Feature",
      "geometry": {
        "type": "LineString",
        "coordinates": [
          [
            261,
            255
          ],
          [
            260,
            255
          ]
        ]
      },
      "properties": {
        "source": 606,
        "target": 607,
        "length_pixels": 2,
        "kind": "road_segment"
      }
    },
    {
      "type": "Feature",
      "geometry": {
        "type": "LineString",
        "coordinates": [
          [
            261,
            256
          ],
          [
            260,
            255
          ]
        ]
      },
      "properties": {
        "source": 606,
        "target": 633,
        "length_pixels": 2,
        "kind": "road_segment"
      }
    },
    {
      "type": "Feature",
      "geometry": {
        "type": "LineString",
        "coordinates": [
          [
            260,
            255
          ],
          [
            260,
            256
          ]
        ]
      },
      "properties": {
        "source": 606,
        "target": 632,
        "length_pixels": 2,
        "kind": "road_segment"
      }
    },
    {
      "type": "Feature",
      "geometry": {
        "type": "LineString",
        "coordinates": [
          [
            262,
            255
          ],
          [
            261,
            255
          ]
        ]
      },
      "properties": {
        "source": 607,
        "target": 608,
        "length_pixels": 2,
        "kind": "road_segment"
      }
    },
    {
      "type": "Feature",
      "geometry": {
        "type": "LineString",
        "coordinates": [
          [
            262,
            256
          ],
          [
            261,
            255
          ]
        ]
      },
      "properties": {
        "source": 607,
        "target": 634,
        "length_pixels": 2,
        "kind": "road_segment"
      }
    },
    {
      "type": "Feature",
      "geometry": {
        "type": "LineString",
        "coordinates": [
          [
            261,
            255
          ],
          [
            260,
            256
          ]
        ]
      },
      "properties": {
        "source": 607,
        "target": 632,
        "length_pixels": 2,
        "kind": "road_segment"
      }
    },
    {
      "type": "Feature",
      "geometry": {
        "type": "LineString",
        "coordinates": [
          [
            261,
            255
          ],
          [
            261,
            256
          ]
        ]
      },
      "properties": {
        "source": 607,
        "target": 633,
        "length_pixels": 2,
        "kind": "road_segment"
      }
    },
    {
      "type": "Feature",
      "geometry": {
        "type": "LineString",
        "coordinates": [
          [
            263,
            256
          ],
          [
            262,
            255
          ]
        ]
      },
      "properties": {
        "source": 608,
        "target": 635,
        "length_pixels": 2,
        "kind": "road_segment"
      }
    },
    {
      "type": "Feature",
      "geometry": {
        "type": "LineString",
        "coordinates": [
          [
            262,
            255
          ],
          [
            263,
            255
          ]
        ]
      },
      "properties": {
        "source": 608,
        "target": 609,
        "length_pixels": 2,
        "kind": "road_segment"
      }
    },
    {
      "type": "Feature",
      "geometry": {
        "type": "LineString",
        "coordinates": [
          [
            262,
            255
          ],
          [
            261,
            256
          ]
        ]
      },
      "properties": {
        "source": 608,
        "target": 633,
        "length_pixels": 2,
        "kind": "road_segment"
      }
    },
    {
      "type": "Feature",
      "geometry": {
        "type": "LineString",
        "coordinates": [
          [
            262,
            255
          ],
          [
            262,
            256
          ]
        ]
      },
      "properties": {
        "source": 608,
        "target": 634,
        "length_pixels": 2,
        "kind": "road_segment"
      }
    },
    {
      "type": "Feature",
      "geometry": {
        "type": "LineString",
        "coordinates": [
          [
            264,
            256
          ],
          [
            263,
            255
          ]
        ]
      },
      "properties": {
        "source": 609,
        "target": 636,
        "length_pixels": 2,
        "kind": "road_segment"
      }
    },
    {
      "type": "Feature",
      "geometry": {
        "type": "LineString",
        "coordinates": [
          [
            263,
            256
          ],
          [
            263,
            255
          ]
        ]
      },
      "properties": {
        "source": 609,
        "target": 635,
        "length_pixels": 2,
        "kind": "road_segment"
      }
    },
    {
      "type": "Feature",
      "geometry": {
        "type": "LineString",
        "coordinates": [
          [
            262,
            256
          ],
          [
            263,
            255
          ]
        ]
      },
      "properties": {
        "source": 609,
        "target": 634,
        "length_pixels": 2,
        "kind": "road_segment"
      }
    },
    {
      "type": "Feature",
      "geometry": {
        "type": "LineString",
        "coordinates": [
          [
            264,
            255
          ],
          [
            263,
            255
          ]
        ]
      },
      "properties": {
        "source": 609,
        "target": 610,
        "length_pixels": 2,
        "kind": "road_segment"
      }
    },
    {
      "type": "Feature",
      "geometry": {
        "type": "LineString",
        "coordinates": [
          [
            264,
            256
          ],
          [
            264,
            255
          ]
        ]
      },
      "properties": {
        "source": 610,
        "target": 636,
        "length_pixels": 2,
        "kind": "road_segment"
      }
    },
    {
      "type": "Feature",
      "geometry": {
        "type": "LineString",
        "coordinates": [
          [
            263,
            256
          ],
          [
            264,
            255
          ]
        ]
      },
      "properties": {
        "source": 610,
        "target": 635,
        "length_pixels": 2,
        "kind": "road_segment"
      }
    },
    {
      "type": "Feature",
      "geometry": {
        "type": "LineString",
        "coordinates": [
          [
            265,
            255
          ],
          [
            264,
            255
          ]
        ]
      },
      "properties": {
        "source": 610,
        "target": 611,
        "length_pixels": 2,
        "kind": "road_segment"
      }
    },
    {
      "type": "Feature",
      "geometry": {
        "type": "LineString",
        "coordinates": [
          [
            265,
            256
          ],
          [
            264,
            255
          ]
        ]
      },
      "properties": {
        "source": 610,
        "target": 637,
        "length_pixels": 2,
        "kind": "road_segment"
      }
    },
    {
      "type": "Feature",
      "geometry": {
        "type": "LineString",
        "coordinates": [
          [
            264,
            256
          ],
          [
            265,
            255
          ]
        ]
      },
      "properties": {
        "source": 611,
        "target": 636,
        "length_pixels": 2,
        "kind": "road_segment"
      }
    },
    {
      "type": "Feature",
      "geometry": {
        "type": "LineString",
        "coordinates": [
          [
            266,
            255
          ],
          [
            265,
            255
          ]
        ]
      },
      "properties": {
        "source": 611,
        "target": 612,
        "length_pixels": 2,
        "kind": "road_segment"
      }
    },
    {
      "type": "Feature",
      "geometry": {
        "type": "LineString",
        "coordinates": [
          [
            266,
            256
          ],
          [
            265,
            255
          ]
        ]
      },
      "properties": {
        "source": 611,
        "target": 638,
        "length_pixels": 2,
        "kind": "road_segment"
      }
    },
    {
      "type": "Feature",
      "geometry": {
        "type": "LineString",
        "coordinates": [
          [
            265,
            255
          ],
          [
            265,
            256
          ]
        ]
      },
      "properties": {
        "source": 611,
        "target": 637,
        "length_pixels": 2,
        "kind": "road_segment"
      }
    },
    {
      "type": "Feature",
      "geometry": {
        "type": "LineString",
        "coordinates": [
          [
            267,
            255
          ],
          [
            266,
            255
          ]
        ]
      },
      "properties": {
        "source": 612,
        "target": 613,
        "length_pixels": 2,
        "kind": "road_segment"
      }
    },
    {
      "type": "Feature",
      "geometry": {
        "type": "LineString",
        "coordinates": [
          [
            267,
            256
          ],
          [
            266,
            255
          ]
        ]
      },
      "properties": {
        "source": 612,
        "target": 639,
        "length_pixels": 2,
        "kind": "road_segment"
      }
    },
    {
      "type": "Feature",
      "geometry": {
        "type": "LineString",
        "coordinates": [
          [
            266,
            255
          ],
          [
            265,
            256
          ]
        ]
      },
      "properties": {
        "source": 612,
        "target": 637,
        "length_pixels": 2,
        "kind": "road_segment"
      }
    },
    {
      "type": "Feature",
      "geometry": {
        "type": "LineString",
        "coordinates": [
          [
            266,
            255
          ],
          [
            266,
            256
          ]
        ]
      },
      "properties": {
        "source": 612,
        "target": 638,
        "length_pixels": 2,
        "kind": "road_segment"
      }
    },
    {
      "type": "Feature",
      "geometry": {
        "type": "LineString",
        "coordinates": [
          [
            268,
            256
          ],
          [
            267,
            255
          ]
        ]
      },
      "properties": {
        "source": 613,
        "target": 640,
        "length_pixels": 2,
        "kind": "road_segment"
      }
    },
    {
      "type": "Feature",
      "geometry": {
        "type": "LineString",
        "coordinates": [
          [
            267,
            255
          ],
          [
            268,
            255
          ]
        ]
      },
      "properties": {
        "source": 613,
        "target": 614,
        "length_pixels": 2,
        "kind": "road_segment"
      }
    },
    {
      "type": "Feature",
      "geometry": {
        "type": "LineString",
        "coordinates": [
          [
            267,
            255
          ],
          [
            266,
            256
          ]
        ]
      },
      "properties": {
        "source": 613,
        "target": 638,
        "length_pixels": 2,
        "kind": "road_segment"
      }
    },
    {
      "type": "Feature",
      "geometry": {
        "type": "LineString",
        "coordinates": [
          [
            267,
            255
          ],
          [
            267,
            256
          ]
        ]
      },
      "properties": {
        "source": 613,
        "target": 639,
        "length_pixels": 2,
        "kind": "road_segment"
      }
    },
    {
      "type": "Feature",
      "geometry": {
        "type": "LineString",
        "coordinates": [
          [
            268,
            256
          ],
          [
            268,
            255
          ]
        ]
      },
      "properties": {
        "source": 614,
        "target": 640,
        "length_pixels": 2,
        "kind": "road_segment"
      }
    },
    {
      "type": "Feature",
      "geometry": {
        "type": "LineString",
        "coordinates": [
          [
            267,
            256
          ],
          [
            268,
            255
          ]
        ]
      },
      "properties": {
        "source": 614,
        "target": 639,
        "length_pixels": 2,
        "kind": "road_segment"
      }
    },
    {
      "type": "Feature",
      "geometry": {
        "type": "LineString",
        "coordinates": [
          [
            269,
            255
          ],
          [
            268,
            255
          ]
        ]
      },
      "properties": {
        "source": 614,
        "target": 615,
        "length_pixels": 2,
        "kind": "road_segment"
      }
    },
    {
      "type": "Feature",
      "geometry": {
        "type": "LineString",
        "coordinates": [
          [
            279,
            257
          ],
          [
            278,
            256
          ],
          [
            277,
            256
          ],
          [
            276,
            256
          ],
          [
            275,
            256
          ],
          [
            274,
            256
          ],
          [
            273,
            256
          ],
          [
            272,
            256
          ],
          [
            271,
            256
          ],
          [
            270,
            256
          ],
          [
            269,
            255
          ]
        ]
      },
      "properties": {
        "source": 615,
        "target": 653,
        "length_pixels": 11,
        "kind": "road_segment"
      }
    },
    {
      "type": "Feature",
      "geometry": {
        "type": "LineString",
        "coordinates": [
          [
            268,
            256
          ],
          [
            269,
            255
          ]
        ]
      },
      "properties": {
        "source": 615,
        "target": 640,
        "length_pixels": 2,
        "kind": "road_segment"
      }
    },
    {
      "type": "Feature",
      "geometry": {
        "type": "LineString",
        "coordinates": [
          [
            134,
            256
          ],
          [
            133,
            256
          ]
        ]
      },
      "properties": {
        "source": 616,
        "target": 617,
        "length_pixels": 2,
        "kind": "road_segment"
      }
    },
    {
      "type": "Feature",
      "geometry": {
        "type": "LineString",
        "coordinates": [
          [
            133,
            256
          ],
          [
            133,
            257
          ]
        ]
      },
      "properties": {
        "source": 616,
        "target": 652,
        "length_pixels": 2,
        "kind": "road_segment"
      }
    },
    {
      "type": "Feature",
      "geometry": {
        "type": "LineString",
        "coordinates": [
          [
            134,
            256
          ],
          [
            133,
            257
          ]
        ]
      },
      "properties": {
        "source": 617,
        "target": 652,
        "length_pixels": 2,
        "kind": "road_segment"
      }
    },
    {
      "type": "Feature",
      "geometry": {
        "type": "LineString",
        "coordinates": [
          [
            245,
            256
          ],
          [
            246,
            256
          ]
        ]
      },
      "properties": {
        "source": 618,
        "target": 619,
        "length_pixels": 2,
        "kind": "road_segment"
      }
    },
    {
      "type": "Feature",
      "geometry": {
        "type": "LineString",
        "coordinates": [
          [
            247,
            256
          ],
          [
            246,
            256
          ]
        ]
      },
      "properties": {
        "source": 619,
        "target": 620,
        "length_pixels": 2,
        "kind": "road_segment"
      }
    },
    {
      "type": "Feature",
      "geometry": {
        "type": "LineString",
        "coordinates": [
          [
            248,
            256
          ],
          [
            247,
            256
          ]
        ]
      },
      "properties": {
        "source": 620,
        "target": 621,
        "length_pixels": 2,
        "kind": "road_segment"
      }
    },
    {
      "type": "Feature",
      "geometry": {
        "type": "LineString",
        "coordinates": [
          [
            249,
            256
          ],
          [
            248,
            256
          ]
        ]
      },
      "properties": {
        "source": 621,
        "target": 622,
        "length_pixels": 2,
        "kind": "road_segment"
      }
    },
    {
      "type": "Feature",
      "geometry": {
        "type": "LineString",
        "coordinates": [
          [
            250,
            256
          ],
          [
            249,
            256
          ]
        ]
      },
      "properties": {
        "source": 622,
        "target": 623,
        "length_pixels": 2,
        "kind": "road_segment"
      }
    },
    {
      "type": "Feature",
      "geometry": {
        "type": "LineString",
        "coordinates": [
          [
            250,
            256
          ],
          [
            251,
            256
          ]
        ]
      },
      "properties": {
        "source": 623,
        "target": 624,
        "length_pixels": 2,
        "kind": "road_segment"
      }
    },
    {
      "type": "Feature",
      "geometry": {
        "type": "LineString",
        "coordinates": [
          [
            252,
            256
          ],
          [
            251,
            256
          ]
        ]
      },
      "properties": {
        "source": 624,
        "target": 625,
        "length_pixels": 2,
        "kind": "road_segment"
      }
    },
    {
      "type": "Feature",
      "geometry": {
        "type": "LineString",
        "coordinates": [
          [
            253,
            256
          ],
          [
            252,
            256
          ]
        ]
      },
      "properties": {
        "source": 625,
        "target": 626,
        "length_pixels": 2,
        "kind": "road_segment"
      }
    },
    {
      "type": "Feature",
      "geometry": {
        "type": "LineString",
        "coordinates": [
          [
            254,
            256
          ],
          [
            253,
            256
          ]
        ]
      },
      "properties": {
        "source": 626,
        "target": 627,
        "length_pixels": 2,
        "kind": "road_segment"
      }
    },
    {
      "type": "Feature",
      "geometry": {
        "type": "LineString",
        "coordinates": [
          [
            257,
            256
          ],
          [
            256,
            256
          ]
        ]
      },
      "properties": {
        "source": 628,
        "target": 629,
        "length_pixels": 2,
        "kind": "road_segment"
      }
    },
    {
      "type": "Feature",
      "geometry": {
        "type": "LineString",
        "coordinates": [
          [
            258,
            256
          ],
          [
            257,
            256
          ]
        ]
      },
      "properties": {
        "source": 629,
        "target": 630,
        "length_pixels": 2,
        "kind": "road_segment"
      }
    },
    {
      "type": "Feature",
      "geometry": {
        "type": "LineString",
        "coordinates": [
          [
            259,
            256
          ],
          [
            258,
            256
          ]
        ]
      },
      "properties": {
        "source": 630,
        "target": 631,
        "length_pixels": 2,
        "kind": "road_segment"
      }
    },
    {
      "type": "Feature",
      "geometry": {
        "type": "LineString",
        "coordinates": [
          [
            259,
            256
          ],
          [
            260,
            256
          ]
        ]
      },
      "properties": {
        "source": 631,
        "target": 632,
        "length_pixels": 2,
        "kind": "road_segment"
      }
    },
    {
      "type": "Feature",
      "geometry": {
        "type": "LineString",
        "coordinates": [
          [
            261,
            256
          ],
          [
            260,
            256
          ]
        ]
      },
      "properties": {
        "source": 632,
        "target": 633,
        "length_pixels": 2,
        "kind": "road_segment"
      }
    },
    {
      "type": "Feature",
      "geometry": {
        "type": "LineString",
        "coordinates": [
          [
            262,
            256
          ],
          [
            261,
            256
          ]
        ]
      },
      "properties": {
        "source": 633,
        "target": 634,
        "length_pixels": 2,
        "kind": "road_segment"
      }
    },
    {
      "type": "Feature",
      "geometry": {
        "type": "LineString",
        "coordinates": [
          [
            263,
            256
          ],
          [
            262,
            256
          ]
        ]
      },
      "properties": {
        "source": 634,
        "target": 635,
        "length_pixels": 2,
        "kind": "road_segment"
      }
    },
    {
      "type": "Feature",
      "geometry": {
        "type": "LineString",
        "coordinates": [
          [
            264,
            256
          ],
          [
            263,
            256
          ]
        ]
      },
      "properties": {
        "source": 635,
        "target": 636,
        "length_pixels": 2,
        "kind": "road_segment"
      }
    },
    {
      "type": "Feature",
      "geometry": {
        "type": "LineString",
        "coordinates": [
          [
            264,
            256
          ],
          [
            265,
            256
          ]
        ]
      },
      "properties": {
        "source": 636,
        "target": 637,
        "length_pixels": 2,
        "kind": "road_segment"
      }
    },
    {
      "type": "Feature",
      "geometry": {
        "type": "LineString",
        "coordinates": [
          [
            266,
            256
          ],
          [
            265,
            256
          ]
        ]
      },
      "properties": {
        "source": 637,
        "target": 638,
        "length_pixels": 2,
        "kind": "road_segment"
      }
    },
    {
      "type": "Feature",
      "geometry": {
        "type": "LineString",
        "coordinates": [
          [
            267,
            256
          ],
          [
            266,
            256
          ]
        ]
      },
      "properties": {
        "source": 638,
        "target": 639,
        "length_pixels": 2,
        "kind": "road_segment"
      }
    },
    {
      "type": "Feature",
      "geometry": {
        "type": "LineString",
        "coordinates": [
          [
            268,
            256
          ],
          [
            267,
            256
          ]
        ]
      },
      "properties": {
        "source": 639,
        "target": 640,
        "length_pixels": 2,
        "kind": "road_segment"
      }
    },
    {
      "type": "Feature",
      "geometry": {
        "type": "LineString",
        "coordinates": [
          [
            280,
            257
          ],
          [
            280,
            256
          ]
        ]
      },
      "properties": {
        "source": 641,
        "target": 654,
        "length_pixels": 2,
        "kind": "road_segment"
      }
    },
    {
      "type": "Feature",
      "geometry": {
        "type": "LineString",
        "coordinates": [
          [
            279,
            257
          ],
          [
            280,
            256
          ]
        ]
      },
      "properties": {
        "source": 641,
        "target": 653,
        "length_pixels": 2,
        "kind": "road_segment"
      }
    },
    {
      "type": "Feature",
      "geometry": {
        "type": "LineString",
        "coordinates": [
          [
            281,
            256
          ],
          [
            280,
            256
          ]
        ]
      },
      "properties": {
        "source": 641,
        "target": 642,
        "length_pixels": 2,
        "kind": "road_segment"
      }
    },
    {
      "type": "Feature",
      "geometry": {
        "type": "LineString",
        "coordinates": [
          [
            280,
            256
          ],
          [
            281,
            257
          ]
        ]
      },
      "properties": {
        "source": 641,
        "target": 655,
        "length_pixels": 2,
        "kind": "road_segment"
      }
    },
    {
      "type": "Feature",
      "geometry": {
        "type": "LineString",
        "coordinates": [
          [
            280,
            257
          ],
          [
            281,
            256
          ]
        ]
      },
      "properties": {
        "source": 642,
        "target": 654,
        "length_pixels": 2,
        "kind": "road_segment"
      }
    },
    {
      "type": "Feature",
      "geometry": {
        "type": "LineString",
        "coordinates": [
          [
            282,
            256
          ],
          [
            281,
            256
          ]
        ]
      },
      "properties": {
        "source": 642,
        "target": 643,
        "length_pixels": 2,
        "kind": "road_segment"
      }
    },
    {
      "type": "Feature",
      "geometry": {
        "type": "LineString",
        "coordinates": [
          [
            281,
            256
          ],
          [
            281,
            257
          ]
        ]
      },
      "properties": {
        "source": 642,
        "target": 655,
        "length_pixels": 2,
        "kind": "road_segment"
      }
    },
    {
      "type": "Feature",
      "geometry": {
        "type": "LineString",
        "coordinates": [
          [
            281,
            256
          ],
          [
            282,
            257
          ]
        ]
      },
      "properties": {
        "source": 642,
        "target": 656,
        "length_pixels": 2,
        "kind": "road_segment"
      }
    },
    {
      "type": "Feature",
      "geometry": {
        "type": "LineString",
        "coordinates": [
          [
            283,
            256
          ],
          [
            282,
            256
          ]
        ]
      },
      "properties": {
        "source": 643,
        "target": 644,
        "length_pixels": 2,
        "kind": "road_segment"
      }
    },
    {
      "type": "Feature",
      "geometry": {
        "type": "LineString",
        "coordinates": [
          [
            282,
            256
          ],
          [
            281,
            257
          ]
        ]
      },
      "properties": {
        "source": 643,
        "target": 655,
        "length_pixels": 2,
        "kind": "road_segment"
      }
    },
    {
      "type": "Feature",
      "geometry": {
        "type": "LineString",
        "coordinates": [
          [
            282,
            256
          ],
          [
            282,
            257
          ]
        ]
      },
      "properties": {
        "source": 643,
        "target": 656,
        "length_pixels": 2,
        "kind": "road_segment"
      }
    },
    {
      "type": "Feature",
      "geometry": {
        "type": "LineString",
        "coordinates": [
          [
            282,
            256
          ],
          [
            283,
            257
          ]
        ]
      },
      "properties": {
        "source": 643,
        "target": 657,
        "length_pixels": 2,
        "kind": "road_segment"
      }
    },
    {
      "type": "Feature",
      "geometry": {
        "type": "LineString",
        "coordinates": [
          [
            283,
            256
          ],
          [
            284,
            256
          ]
        ]
      },
      "properties": {
        "source": 644,
        "target": 645,
        "length_pixels": 2,
        "kind": "road_segment"
      }
    },
    {
      "type": "Feature",
      "geometry": {
        "type": "LineString",
        "coordinates": [
          [
            283,
            256
          ],
          [
            282,
            257
          ]
        ]
      },
      "properties": {
        "source": 644,
        "target": 656,
        "length_pixels": 2,
        "kind": "road_segment"
      }
    },
    {
      "type": "Feature",
      "geometry": {
        "type": "LineString",
        "coordinates": [
          [
            283,
            256
          ],
          [
            283,
            257
          ]
        ]
      },
      "properties": {
        "source": 644,
        "target": 657,
        "length_pixels": 2,
        "kind": "road_segment"
      }
    },
    {
      "type": "Feature",
      "geometry": {
        "type": "LineString",
        "coordinates": [
          [
            283,
            256
          ],
          [
            284,
            257
          ]
        ]
      },
      "properties": {
        "source": 644,
        "target": 658,
        "length_pixels": 2,
        "kind": "road_segment"
      }
    },
    {
      "type": "Feature",
      "geometry": {
        "type": "LineString",
        "coordinates": [
          [
            285,
            257
          ],
          [
            284,
            256
          ]
        ]
      },
      "properties": {
        "source": 645,
        "target": 659,
        "length_pixels": 2,
        "kind": "road_segment"
      }
    },
    {
      "type": "Feature",
      "geometry": {
        "type": "LineString",
        "coordinates": [
          [
            284,
            257
          ],
          [
            284,
            256
          ]
        ]
      },
      "properties": {
        "source": 645,
        "target": 658,
        "length_pixels": 2,
        "kind": "road_segment"
      }
    },
    {
      "type": "Feature",
      "geometry": {
        "type": "LineString",
        "coordinates": [
          [
            283,
            257
          ],
          [
            284,
            256
          ]
        ]
      },
      "properties": {
        "source": 645,
        "target": 657,
        "length_pixels": 2,
        "kind": "road_segment"
      }
    },
    {
      "type": "Feature",
      "geometry": {
        "type": "LineString",
        "coordinates": [
          [
            285,
            256
          ],
          [
            284,
            256
          ]
        ]
      },
      "properties": {
        "source": 645,
        "target": 646,
        "length_pixels": 2,
        "kind": "road_segment"
      }
    },
    {
      "type": "Feature",
      "geometry": {
        "type": "LineString",
        "coordinates": [
          [
            285,
            257
          ],
          [
            285,
            256
          ]
        ]
      },
      "properties": {
        "source": 646,
        "target": 659,
        "length_pixels": 2,
        "kind": "road_segment"
      }
    },
    {
      "type": "Feature",
      "geometry": {
        "type": "LineString",
        "coordinates": [
          [
            284,
            257
          ],
          [
            285,
            256
          ]
        ]
      },
      "properties": {
        "source": 646,
        "target": 658,
        "length_pixels": 2,
        "kind": "road_segment"
      }
    },
    {
      "type": "Feature",
      "geometry": {
        "type": "LineString",
        "coordinates": [
          [
            286,
            256
          ],
          [
            285,
            256
          ]
        ]
      },
      "properties": {
        "source": 646,
        "target": 647,
        "length_pixels": 2,
        "kind": "road_segment"
      }
    },
    {
      "type": "Feature",
      "geometry": {
        "type": "LineString",
        "coordinates": [
          [
            285,
            256
          ],
          [
            286,
            257
          ]
        ]
      },
      "properties": {
        "source": 646,
        "target": 660,
        "length_pixels": 2,
        "kind": "road_segment"
      }
    },
    {
      "type": "Feature",
      "geometry": {
        "type": "LineString",
        "coordinates": [
          [
            285,
            257
          ],
          [
            286,
            256
          ]
        ]
      },
      "properties": {
        "source": 647,
        "target": 659,
        "length_pixels": 2,
        "kind": "road_segment"
      }
    },
    {
      "type": "Feature",
      "geometry": {
        "type": "LineString",
        "coordinates": [
          [
            287,
            256
          ],
          [
            286,
            256
          ]
        ]
      },
      "properties": {
        "source": 647,
        "target": 648,
        "length_pixels": 2,
        "kind": "road_segment"
      }
    },
    {
      "type": "Feature",
      "geometry": {
        "type": "LineString",
        "coordinates": [
          [
            286,
            256
          ],
          [
            286,
            257
          ]
        ]
      },
      "properties": {
        "source": 647,
        "target": 660,
        "length_pixels": 2,
        "kind": "road_segment"
      }
    },
    {
      "type": "Feature",
      "geometry": {
        "type": "LineString",
        "coordinates": [
          [
            286,
            256
          ],
          [
            287,
            257
          ]
        ]
      },
      "properties": {
        "source": 647,
        "target": 661,
        "length_pixels": 2,
        "kind": "road_segment"
      }
    },
    {
      "type": "Feature",
      "geometry": {
        "type": "LineString",
        "coordinates": [
          [
            288,
            256
          ],
          [
            287,
            256
          ]
        ]
      },
      "properties": {
        "source": 648,
        "target": 649,
        "length_pixels": 2,
        "kind": "road_segment"
      }
    },
    {
      "type": "Feature",
      "geometry": {
        "type": "LineString",
        "coordinates": [
          [
            287,
            256
          ],
          [
            286,
            257
          ]
        ]
      },
      "properties": {
        "source": 648,
        "target": 660,
        "length_pixels": 2,
        "kind": "road_segment"
      }
    },
    {
      "type": "Feature",
      "geometry": {
        "type": "LineString",
        "coordinates": [
          [
            287,
            256
          ],
          [
            287,
            257
          ]
        ]
      },
      "properties": {
        "source": 648,
        "target": 661,
        "length_pixels": 2,
        "kind": "road_segment"
      }
    },
    {
      "type": "Feature",
      "geometry": {
        "type": "LineString",
        "coordinates": [
          [
            287,
            256
          ],
          [
            288,
            257
          ]
        ]
      },
      "properties": {
        "source": 648,
        "target": 662,
        "length_pixels": 2,
        "kind": "road_segment"
      }
    },
    {
      "type": "Feature",
      "geometry": {
        "type": "LineString",
        "coordinates": [
          [
            288,
            256
          ],
          [
            289,
            256
          ]
        ]
      },
      "properties": {
        "source": 649,
        "target": 650,
        "length_pixels": 2,
        "kind": "road_segment"
      }
    },
    {
      "type": "Feature",
      "geometry": {
        "type": "LineString",
        "coordinates": [
          [
            288,
            256
          ],
          [
            287,
            257
          ]
        ]
      },
      "properties": {
        "source": 649,
        "target": 661,
        "length_pixels": 2,
        "kind": "road_segment"
      }
    },
    {
      "type": "Feature",
      "geometry": {
        "type": "LineString",
        "coordinates": [
          [
            288,
            256
          ],
          [
            288,
            257
          ]
        ]
      },
      "properties": {
        "source": 649,
        "target": 662,
        "length_pixels": 2,
        "kind": "road_segment"
      }
    },
    {
      "type": "Feature",
      "geometry": {
        "type": "LineString",
        "coordinates": [
          [
            288,
            256
          ],
          [
            289,
            257
          ]
        ]
      },
      "properties": {
        "source": 649,
        "target": 663,
        "length_pixels": 2,
        "kind": "road_segment"
      }
    },
    {
      "type": "Feature",
      "geometry": {
        "type": "LineString",
        "coordinates": [
          [
            289,
            257
          ],
          [
            289,
            256
          ]
        ]
      },
      "properties": {
        "source": 650,
        "target": 663,
        "length_pixels": 2,
        "kind": "road_segment"
      }
    },
    {
      "type": "Feature",
      "geometry": {
        "type": "LineString",
        "coordinates": [
          [
            288,
            257
          ],
          [
            289,
            256
          ]
        ]
      },
      "properties": {
        "source": 650,
        "target": 662,
        "length_pixels": 2,
        "kind": "road_segment"
      }
    },
    {
      "type": "Feature",
      "geometry": {
        "type": "LineString",
        "coordinates": [
          [
            290,
            256
          ],
          [
            289,
            256
          ]
        ]
      },
      "properties": {
        "source": 650,
        "target": 651,
        "length_pixels": 2,
        "kind": "road_segment"
      }
    },
    {
      "type": "Feature",
      "geometry": {
        "type": "LineString",
        "coordinates": [
          [
            299,
            257
          ],
          [
            298,
            257
          ],
          [
            297,
            257
          ],
          [
            296,
            257
          ],
          [
            295,
            257
          ],
          [
            294,
            257
          ],
          [
            293,
            257
          ],
          [
            292,
            257
          ],
          [
            291,
            257
          ],
          [
            290,
            256
          ]
        ]
      },
      "properties": {
        "source": 651,
        "target": 664,
        "length_pixels": 10,
        "kind": "road_segment"
      }
    },
    {
      "type": "Feature",
      "geometry": {
        "type": "LineString",
        "coordinates": [
          [
            289,
            257
          ],
          [
            290,
            256
          ]
        ]
      },
      "properties": {
        "source": 651,
        "target": 663,
        "length_pixels": 2,
        "kind": "road_segment"
      }
    },
    {
      "type": "Feature",
      "geometry": {
        "type": "LineString",
        "coordinates": [
          [
            131,
            260
          ],
          [
            132,
            259
          ],
          [
            132,
            258
          ],
          [
            133,
            257
          ]
        ]
      },
      "properties": {
        "source": 652,
        "target": 682,
        "length_pixels": 4,
        "kind": "road_segment"
      }
    },
    {
      "type": "Feature",
      "geometry": {
        "type": "LineString",
        "coordinates": [
          [
            280,
            257
          ],
          [
            279,
            257
          ]
        ]
      },
      "properties": {
        "source": 653,
        "target": 654,
        "length_pixels": 2,
        "kind": "road_segment"
      }
    },
    {
      "type": "Feature",
      "geometry": {
        "type": "LineString",
        "coordinates": [
          [
            280,
            257
          ],
          [
            281,
            257
          ]
        ]
      },
      "properties": {
        "source": 654,
        "target": 655,
        "length_pixels": 2,
        "kind": "road_segment"
      }
    },
    {
      "type": "Feature",
      "geometry": {
        "type": "LineString",
        "coordinates": [
          [
            282,
            257
          ],
          [
            281,
            257
          ]
        ]
      },
      "properties": {
        "source": 655,
        "target": 656,
        "length_pixels": 2,
        "kind": "road_segment"
      }
    },
    {
      "type": "Feature",
      "geometry": {
        "type": "LineString",
        "coordinates": [
          [
            283,
            257
          ],
          [
            282,
            257
          ]
        ]
      },
      "properties": {
        "source": 656,
        "target": 657,
        "length_pixels": 2,
        "kind": "road_segment"
      }
    },
    {
      "type": "Feature",
      "geometry": {
        "type": "LineString",
        "coordinates": [
          [
            284,
            257
          ],
          [
            283,
            257
          ]
        ]
      },
      "properties": {
        "source": 657,
        "target": 658,
        "length_pixels": 2,
        "kind": "road_segment"
      }
    },
    {
      "type": "Feature",
      "geometry": {
        "type": "LineString",
        "coordinates": [
          [
            285,
            257
          ],
          [
            284,
            257
          ]
        ]
      },
      "properties": {
        "source": 658,
        "target": 659,
        "length_pixels": 2,
        "kind": "road_segment"
      }
    },
    {
      "type": "Feature",
      "geometry": {
        "type": "LineString",
        "coordinates": [
          [
            285,
            257
          ],
          [
            286,
            257
          ]
        ]
      },
      "properties": {
        "source": 659,
        "target": 660,
        "length_pixels": 2,
        "kind": "road_segment"
      }
    },
    {
      "type": "Feature",
      "geometry": {
        "type": "LineString",
        "coordinates": [
          [
            287,
            257
          ],
          [
            286,
            257
          ]
        ]
      },
      "properties": {
        "source": 660,
        "target": 661,
        "length_pixels": 2,
        "kind": "road_segment"
      }
    },
    {
      "type": "Feature",
      "geometry": {
        "type": "LineString",
        "coordinates": [
          [
            288,
            257
          ],
          [
            287,
            257
          ]
        ]
      },
      "properties": {
        "source": 661,
        "target": 662,
        "length_pixels": 2,
        "kind": "road_segment"
      }
    },
    {
      "type": "Feature",
      "geometry": {
        "type": "LineString",
        "coordinates": [
          [
            289,
            257
          ],
          [
            288,
            257
          ]
        ]
      },
      "properties": {
        "source": 662,
        "target": 663,
        "length_pixels": 2,
        "kind": "road_segment"
      }
    },
    {
      "type": "Feature",
      "geometry": {
        "type": "LineString",
        "coordinates": [
          [
            299,
            257
          ],
          [
            300,
            257
          ]
        ]
      },
      "properties": {
        "source": 664,
        "target": 665,
        "length_pixels": 2,
        "kind": "road_segment"
      }
    },
    {
      "type": "Feature",
      "geometry": {
        "type": "LineString",
        "coordinates": [
          [
            299,
            257
          ],
          [
            300,
            258
          ]
        ]
      },
      "properties": {
        "source": 664,
        "target": 667,
        "length_pixels": 2,
        "kind": "road_segment"
      }
    },
    {
      "type": "Feature",
      "geometry": {
        "type": "LineString",
        "coordinates": [
          [
            300,
            258
          ],
          [
            300,
            257
          ]
        ]
      },
      "properties": {
        "source": 665,
        "target": 667,
        "length_pixels": 2,
        "kind": "road_segment"
      }
    },
    {
      "type": "Feature",
      "geometry": {
        "type": "LineString",
        "coordinates": [
          [
            301,
            257
          ],
          [
            300,
            257
          ]
        ]
      },
      "properties": {
        "source": 665,
        "target": 666,
        "length_pixels": 2,
        "kind": "road_segment"
      }
    },
    {
      "type": "Feature",
      "geometry": {
        "type": "LineString",
        "coordinates": [
          [
            330,
            259
          ],
          [
            329,
            258
          ],
          [
            328,
            258
          ],
          [
            327,
            258
          ],
          [
            326,
            258
          ],
          [
            325,
            258
          ],
          [
            324,
            258
          ],
          [
            323,
            258
          ],
          [
            322,
            258
          ],
          [
            321,
            258
          ],
          [
            320,
            258
          ],
          [
            319,
            258
          ],
          [
            318,
            258
          ],
          [
            317,
            258
          ],
          [
            316,
            258
          ],
          [
            315,
            258
          ],
          [
            314,
            258
          ],
          [
            313,
            258
          ],
          [
            312,
            258
          ],
          [
            311,
            257
          ],
          [
            310,
            257
          ],
          [
            309,
            257
          ],
          [
            308,
            257
          ],
          [
            307,
            257
          ],
          [
            306,
            257
          ],
          [
            305,
            257
          ],
          [
            304,
            257
          ],
          [
            303,
            257
          ],
          [
            302,
            257
          ],
          [
            301,
            257
          ]
        ]
      },
      "properties": {
        "source": 666,
        "target": 670,
        "length_pixels": 30,
        "kind": "road_segment"
      }
    },
    {
      "type": "Feature",
      "geometry": {
        "type": "LineString",
        "coordinates": [
          [
            300,
            258
          ],
          [
            301,
            257
          ]
        ]
      },
      "properties": {
        "source": 666,
        "target": 667,
        "length_pixels": 2,
        "kind": "road_segment"
      }
    },
    {
      "type": "Feature",
      "geometry": {
        "type": "LineString",
        "coordinates": [
          [
            330,
            259
          ],
          [
            331,
            258
          ]
        ]
      },
      "properties": {
        "source": 668,
        "target": 670,
        "length_pixels": 2,
        "kind": "road_segment"
      }
    },
    {
      "type": "Feature",
      "geometry": {
        "type": "LineString",
        "coordinates": [
          [
            332,
            258
          ],
          [
            331,
            258
          ]
        ]
      },
      "properties": {
        "source": 668,
        "target": 669,
        "length_pixels": 2,
        "kind": "road_segment"
      }
    },
    {
      "type": "Feature",
      "geometry": {
        "type": "LineString",
        "coordinates": [
          [
            331,
            258
          ],
          [
            331,
            259
          ]
        ]
      },
      "properties": {
        "source": 668,
        "target": 671,
        "length_pixels": 2,
        "kind": "road_segment"
      }
    },
    {
      "type": "Feature",
      "geometry": {
        "type": "LineString",
        "coordinates": [
          [
            332,
            258
          ],
          [
            331,
            259
          ]
        ]
      },
      "properties": {
        "source": 669,
        "target": 671,
        "length_pixels": 2,
        "kind": "road_segment"
      }
    },
    {
      "type": "Feature",
      "geometry": {
        "type": "LineString",
        "coordinates": [
          [
            332,
            258
          ],
          [
            333,
            259
          ],
          [
            334,
            259
          ],
          [
            335,
            259
          ],
          [
            336,
            259
          ],
          [
            337,
            259
          ]
        ]
      },
      "properties": {
        "source": 669,
        "target": 672,
        "length_pixels": 6,
        "kind": "road_segment"
      }
    },
    {
      "type": "Feature",
      "geometry": {
        "type": "LineString",
        "coordinates": [
          [
            330,
            259
          ],
          [
            331,
            259
          ]
        ]
      },
      "properties": {
        "source": 670,
        "target": 671,
        "length_pixels": 2,
        "kind": "road_segment"
      }
    },
    {
      "type": "Feature",
      "geometry": {
        "type": "LineString",
        "coordinates": [
          [
            338,
            260
          ],
          [
            337,
            259
          ]
        ]
      },
      "properties": {
        "source": 672,
        "target": 683,
        "length_pixels": 2,
        "kind": "road_segment"
      }
    },
    {
      "type": "Feature",
      "geometry": {
        "type": "LineString",
        "coordinates": [
          [
            338,
            259
          ],
          [
            337,
            259
          ]
        ]
      },
      "properties": {
        "source": 672,
        "target": 673,
        "length_pixels": 2,
        "kind": "road_segment"
      }
    },
    {
      "type": "Feature",
      "geometry": {
        "type": "LineString",
        "coordinates": [
          [
            339,
            259
          ],
          [
            338,
            259
          ]
        ]
      },
      "properties": {
        "source": 673,
        "target": 674,
        "length_pixels": 2,
        "kind": "road_segment"
      }
    },
    {
      "type": "Feature",
      "geometry": {
        "type": "LineString",
        "coordinates": [
          [
            338,
            260
          ],
          [
            338,
            259
          ]
        ]
      },
      "properties": {
        "source": 673,
        "target": 683,
        "length_pixels": 2,
        "kind": "road_segment"
      }
    },
    {
      "type": "Feature",
      "geometry": {
        "type": "LineString",
        "coordinates": [
          [
            339,
            259
          ],
          [
            338,
            260
          ]
        ]
      },
      "properties": {
        "source": 674,
        "target": 683,
        "length_pixels": 2,
        "kind": "road_segment"
      }
    },
    {
      "type": "Feature",
      "geometry": {
        "type": "LineString",
        "coordinates": [
          [
            339,
            259
          ],
          [
            340,
            260
          ],
          [
            341,
            259
          ]
        ]
      },
      "properties": {
        "source": 674,
        "target": 675,
        "length_pixels": 3,
        "kind": "road_segment"
      }
    },
    {
      "type": "Feature",
      "geometry": {
        "type": "LineString",
        "coordinates": [
          [
            342,
            259
          ],
          [
            341,
            259
          ]
        ]
      },
      "properties": {
        "source": 675,
        "target": 676,
        "length_pixels": 2,
        "kind": "road_segment"
      }
    },
    {
      "type": "Feature",
      "geometry": {
        "type": "LineString",
        "coordinates": [
          [
            341,
            259
          ],
          [
            342,
            260
          ]
        ]
      },
      "properties": {
        "source": 675,
        "target": 684,
        "length_pixels": 2,
        "kind": "road_segment"
      }
    },
    {
      "type": "Feature",
      "geometry": {
        "type": "LineString",
        "coordinates": [
          [
            343,
            259
          ],
          [
            342,
            259
          ]
        ]
      },
      "properties": {
        "source": 676,
        "target": 677,
        "length_pixels": 2,
        "kind": "road_segment"
      }
    },
    {
      "type": "Feature",
      "geometry": {
        "type": "LineString",
        "coordinates": [
          [
            343,
            260
          ],
          [
            342,
            259
          ]
        ]
      },
      "properties": {
        "source": 676,
        "target": 685,
        "length_pixels": 2,
        "kind": "road_segment"
      }
    },
    {
      "type": "Feature",
      "geometry": {
        "type": "LineString",
        "coordinates": [
          [
            342,
            259
          ],
          [
            342,
            260
          ]
        ]
      },
      "properties": {
        "source": 676,
        "target": 684,
        "length_pixels": 2,
        "kind": "road_segment"
      }
    },
    {
      "type": "Feature",
      "geometry": {
        "type": "LineString",
        "coordinates": [
          [
            344,
            259
          ],
          [
            343,
            259
          ]
        ]
      },
      "properties": {
        "source": 677,
        "target": 678,
        "length_pixels": 2,
        "kind": "road_segment"
      }
    },
    {
      "type": "Feature",
      "geometry": {
        "type": "LineString",
        "coordinates": [
          [
            343,
            259
          ],
          [
            342,
            260
          ]
        ]
      },
      "properties": {
        "source": 677,
        "target": 684,
        "length_pixels": 2,
        "kind": "road_segment"
      }
    },
    {
      "type": "Feature",
      "geometry": {
        "type": "LineString",
        "coordinates": [
          [
            343,
            259
          ],
          [
            343,
            260
          ]
        ]
      },
      "properties": {
        "source": 677,
        "target": 685,
        "length_pixels": 2,
        "kind": "road_segment"
      }
    },
    {
      "type": "Feature",
      "geometry": {
        "type": "LineString",
        "coordinates": [
          [
            343,
            259
          ],
          [
            344,
            260
          ]
        ]
      },
      "properties": {
        "source": 677,
        "target": 686,
        "length_pixels": 2,
        "kind": "road_segment"
      }
    },
    {
      "type": "Feature",
      "geometry": {
        "type": "LineString",
        "coordinates": [
          [
            345,
            260
          ],
          [
            344,
            259
          ]
        ]
      },
      "properties": {
        "source": 678,
        "target": 687,
        "length_pixels": 2,
        "kind": "road_segment"
      }
    },
    {
      "type": "Feature",
      "geometry": {
        "type": "LineString",
        "coordinates": [
          [
            345,
            259
          ],
          [
            344,
            259
          ]
        ]
      },
      "properties": {
        "source": 678,
        "target": 679,
        "length_pixels": 2,
        "kind": "road_segment"
      }
    },
    {
      "type": "Feature",
      "geometry": {
        "type": "LineString",
        "coordinates": [
          [
            344,
            259
          ],
          [
            343,
            260
          ]
        ]
      },
      "properties": {
        "source": 678,
        "target": 685,
        "length_pixels": 2,
        "kind": "road_segment"
      }
    },
    {
      "type": "Feature",
      "geometry": {
        "type": "LineString",
        "coordinates": [
          [
            344,
            259
          ],
          [
            344,
            260
          ]
        ]
      },
      "properties": {
        "source": 678,
        "target": 686,
        "length_pixels": 2,
        "kind": "road_segment"
      }
    },
    {
      "type": "Feature",
      "geometry": {
        "type": "LineString",
        "coordinates": [
          [
            345,
            260
          ],
          [
            345,
            259
          ]
        ]
      },
      "properties": {
        "source": 679,
        "target": 687,
        "length_pixels": 2,
        "kind": "road_segment"
      }
    },
    {
      "type": "Feature",
      "geometry": {
        "type": "LineString",
        "coordinates": [
          [
            345,
            259
          ],
          [
            344,
            260
          ]
        ]
      },
      "properties": {
        "source": 679,
        "target": 686,
        "length_pixels": 2,
        "kind": "road_segment"
      }
    },
    {
      "type": "Feature",
      "geometry": {
        "type": "LineString",
        "coordinates": [
          [
            345,
            259
          ],
          [
            346,
            260
          ]
        ]
      },
      "properties": {
        "source": 679,
        "target": 688,
        "length_pixels": 2,
        "kind": "road_segment"
      }
    },
    {
      "type": "Feature",
      "geometry": {
        "type": "LineString",
        "coordinates": [
          [
            363,
            259
          ],
          [
            362,
            259
          ]
        ]
      },
      "properties": {
        "source": 680,
        "target": 681,
        "length_pixels": 2,
        "kind": "road_segment"
      }
    },
    {
      "type": "Feature",
      "geometry": {
        "type": "LineString",
        "coordinates": [
          [
            131,
            260
          ],
          [
            131,
            261
          ]
        ]
      },
      "properties": {
        "source": 682,
        "target": 690,
        "length_pixels": 2,
        "kind": "road_segment"
      }
    },
    {
      "type": "Feature",
      "geometry": {
        "type": "LineString",
        "coordinates": [
          [
            131,
            260
          ],
          [
            132,
            261
          ]
        ]
      },
      "properties": {
        "source": 682,
        "target": 691,
        "length_pixels": 2,
        "kind": "road_segment"
      }
    },
    {
      "type": "Feature",
      "geometry": {
        "type": "LineString",
        "coordinates": [
          [
            343,
            260
          ],
          [
            342,
            260
          ]
        ]
      },
      "properties": {
        "source": 684,
        "target": 685,
        "length_pixels": 2,
        "kind": "road_segment"
      }
    },
    {
      "type": "Feature",
      "geometry": {
        "type": "LineString",
        "coordinates": [
          [
            344,
            260
          ],
          [
            343,
            260
          ]
        ]
      },
      "properties": {
        "source": 685,
        "target": 686,
        "length_pixels": 2,
        "kind": "road_segment"
      }
    },
    {
      "type": "Feature",
      "geometry": {
        "type": "LineString",
        "coordinates": [
          [
            345,
            260
          ],
          [
            344,
            260
          ]
        ]
      },
      "properties": {
        "source": 686,
        "target": 687,
        "length_pixels": 2,
        "kind": "road_segment"
      }
    },
    {
      "type": "Feature",
      "geometry": {
        "type": "LineString",
        "coordinates": [
          [
            345,
            260
          ],
          [
            346,
            260
          ]
        ]
      },
      "properties": {
        "source": 687,
        "target": 688,
        "length_pixels": 2,
        "kind": "road_segment"
      }
    },
    {
      "type": "Feature",
      "geometry": {
        "type": "LineString",
        "coordinates": [
          [
            360,
            260
          ],
          [
            359,
            260
          ],
          [
            358,
            260
          ],
          [
            357,
            260
          ],
          [
            356,
            260
          ],
          [
            355,
            260
          ],
          [
            354,
            260
          ],
          [
            353,
            260
          ],
          [
            352,
            260
          ],
          [
            351,
            260
          ],
          [
            350,
            260
          ],
          [
            349,
            260
          ],
          [
            348,
            260
          ],
          [
            347,
            260
          ],
          [
            346,
            260
          ]
        ]
      },
      "properties": {
        "source": 688,
        "target": 689,
        "length_pixels": 15,
        "kind": "road_segment"
      }
    },
    {
      "type": "Feature",
      "geometry": {
        "type": "LineString",
        "coordinates": [
          [
            132,
            261
          ],
          [
            131,
            261
          ]
        ]
      },
      "properties": {
        "source": 690,
        "target": 691,
        "length_pixels": 2,
        "kind": "road_segment"
      }
    },
    {
      "type": "Feature",
      "geometry": {
        "type": "LineString",
        "coordinates": [
          [
            131,
            261
          ],
          [
            131,
            262
          ]
        ]
      },
      "properties": {
        "source": 690,
        "target": 693,
        "length_pixels": 2,
        "kind": "road_segment"
      }
    },
    {
      "type": "Feature",
      "geometry": {
        "type": "LineString",
        "coordinates": [
          [
            132,
            261
          ],
          [
            131,
            262
          ]
        ]
      },
      "properties": {
        "source": 691,
        "target": 693,
        "length_pixels": 2,
        "kind": "road_segment"
      }
    },
    {
      "type": "Feature",
      "geometry": {
        "type": "LineString",
        "coordinates": [
          [
            198,
            261
          ],
          [
            197,
            262
          ]
        ]
      },
      "properties": {
        "source": 692,
        "target": 694,
        "length_pixels": 2,
        "kind": "road_segment"
      }
    },
    {
      "type": "Feature",
      "geometry": {
        "type": "LineString",
        "coordinates": [
          [
            122,
            272
          ],
          [
            123,
            271
          ],
          [
            124,
            270
          ],
          [
            125,
            269
          ],
          [
            126,
            268
          ],
          [
            127,
            267
          ],
          [
            128,
            266
          ],
          [
            129,
            265
          ],
          [
            130,
            264
          ],
          [
            130,
            263
          ],
          [
            131,
            262
          ]
        ]
      },
      "properties": {
        "source": 693,
        "target": 708,
        "length_pixels": 11,
        "kind": "road_segment"
      }
    },
    {
      "type": "Feature",
      "geometry": {
        "type": "LineString",
        "coordinates": [
          [
            198,
            263
          ],
          [
            197,
            262
          ]
        ]
      },
      "properties": {
        "source": 694,
        "target": 697,
        "length_pixels": 2,
        "kind": "road_segment"
      }
    },
    {
      "type": "Feature",
      "geometry": {
        "type": "LineString",
        "coordinates": [
          [
            197,
            263
          ],
          [
            197,
            262
          ]
        ]
      },
      "properties": {
        "source": 694,
        "target": 696,
        "length_pixels": 2,
        "kind": "road_segment"
      }
    },
    {
      "type": "Feature",
      "geometry": {
        "type": "LineString",
        "coordinates": [
          [
            361,
            262
          ],
          [
            361,
            263
          ]
        ]
      },
      "properties": {
        "source": 695,
        "target": 698,
        "length_pixels": 2,
        "kind": "road_segment"
      }
    },
    {
      "type": "Feature",
      "geometry": {
        "type": "LineString",
        "coordinates": [
          [
            198,
            263
          ],
          [
            197,
            263
          ]
        ]
      },
      "properties": {
        "source": 696,
        "target": 697,
        "length_pixels": 2,
        "kind": "road_segment"
      }
    },
    {
      "type": "Feature",
      "geometry": {
        "type": "LineString",
        "coordinates": [
          [
            198,
            264
          ],
          [
            197,
            263
          ]
        ]
      },
      "properties": {
        "source": 696,
        "target": 700,
        "length_pixels": 2,
        "kind": "road_segment"
      }
    },
    {
      "type": "Feature",
      "geometry": {
        "type": "LineString",
        "coordinates": [
          [
            198,
            263
          ],
          [
            198,
            264
          ]
        ]
      },
      "properties": {
        "source": 697,
        "target": 700,
        "length_pixels": 2,
        "kind": "road_segment"
      }
    },
    {
      "type": "Feature",
      "geometry": {
        "type": "LineString",
        "coordinates": [
          [
            200,
            267
          ],
          [
            199,
            266
          ],
          [
            199,
            265
          ],
          [
            198,
            264
          ]
        ]
      },
      "properties": {
        "source": 700,
        "target": 701,
        "length_pixels": 4,
        "kind": "road_segment"
      }
    },
    {
      "type": "Feature",
      "geometry": {
        "type": "LineString",
        "coordinates": [
          [
            200,
            267
          ],
          [
            199,
            268
          ]
        ]
      },
      "properties": {
        "source": 701,
        "target": 702,
        "length_pixels": 2,
        "kind": "road_segment"
      }
    },
    {
      "type": "Feature",
      "geometry": {
        "type": "LineString",
        "coordinates": [
          [
            200,
            267
          ],
          [
            200,
            268
          ]
        ]
      },
      "properties": {
        "source": 701,
        "target": 703,
        "length_pixels": 2,
        "kind": "road_segment"
      }
    },
    {
      "type": "Feature",
      "geometry": {
        "type": "LineString",
        "coordinates": [
          [
            200,
            268
          ],
          [
            199,
            268
          ]
        ]
      },
      "properties": {
        "source": 702,
        "target": 703,
        "length_pixels": 2,
        "kind": "road_segment"
      }
    },
    {
      "type": "Feature",
      "geometry": {
        "type": "LineString",
        "coordinates": [
          [
            199,
            268
          ],
          [
            199,
            269
          ]
        ]
      },
      "properties": {
        "source": 702,
        "target": 704,
        "length_pixels": 2,
        "kind": "road_segment"
      }
    },
    {
      "type": "Feature",
      "geometry": {
        "type": "LineString",
        "coordinates": [
          [
            199,
            268
          ],
          [
            200,
            269
          ]
        ]
      },
      "properties": {
        "source": 702,
        "target": 705,
        "length_pixels": 2,
        "kind": "road_segment"
      }
    },
    {
      "type": "Feature",
      "geometry": {
        "type": "LineString",
        "coordinates": [
          [
            200,
            268
          ],
          [
            199,
            269
          ]
        ]
      },
      "properties": {
        "source": 703,
        "target": 704,
        "length_pixels": 2,
        "kind": "road_segment"
      }
    },
    {
      "type": "Feature",
      "geometry": {
        "type": "LineString",
        "coordinates": [
          [
            200,
            268
          ],
          [
            200,
            269
          ]
        ]
      },
      "properties": {
        "source": 703,
        "target": 705,
        "length_pixels": 2,
        "kind": "road_segment"
      }
    },
    {
      "type": "Feature",
      "geometry": {
        "type": "LineString",
        "coordinates": [
          [
            199,
            270
          ],
          [
            199,
            269
          ]
        ]
      },
      "properties": {
        "source": 704,
        "target": 706,
        "length_pixels": 2,
        "kind": "road_segment"
      }
    },
    {
      "type": "Feature",
      "geometry": {
        "type": "LineString",
        "coordinates": [
          [
            200,
            269
          ],
          [
            199,
            269
          ]
        ]
      },
      "properties": {
        "source": 704,
        "target": 705,
        "length_pixels": 2,
        "kind": "road_segment"
      }
    },
    {
      "type": "Feature",
      "geometry": {
        "type": "LineString",
        "coordinates": [
          [
            199,
            270
          ],
          [
            200,
            269
          ]
        ]
      },
      "properties": {
        "source": 705,
        "target": 706,
        "length_pixels": 2,
        "kind": "road_segment"
      }
    },
    {
      "type": "Feature",
      "geometry": {
        "type": "LineString",
        "coordinates": [
          [
            199,
            270
          ],
          [
            200,
            271
          ],
          [
            200,
            272
          ],
          [
            200,
            273
          ],
          [
            200,
            274
          ],
          [
            200,
            275
          ],
          [
            200,
            276
          ],
          [
            200,
            277
          ]
        ]
      },
      "properties": {
        "source": 706,
        "target": 712,
        "length_pixels": 8,
        "kind": "road_segment"
      }
    },
    {
      "type": "Feature",
      "geometry": {
        "type": "LineString",
        "coordinates": [
          [
            122,
            273
          ],
          [
            122,
            272
          ]
        ]
      },
      "properties": {
        "source": 708,
        "target": 710,
        "length_pixels": 2,
        "kind": "road_segment"
      }
    },
    {
      "type": "Feature",
      "geometry": {
        "type": "LineString",
        "coordinates": [
          [
            121,
            273
          ],
          [
            122,
            272
          ]
        ]
      },
      "properties": {
        "source": 708,
        "target": 709,
        "length_pixels": 2,
        "kind": "road_segment"
      }
    },
    {
      "type": "Feature",
      "geometry": {
        "type": "LineString",
        "coordinates": [
          [
            122,
            273
          ],
          [
            121,
            273
          ]
        ]
      },
      "properties": {
        "source": 709,
        "target": 710,
        "length_pixels": 2,
        "kind": "road_segment"
      }
    },
    {
      "type": "Feature",
      "geometry": {
        "type": "LineString",
        "coordinates": [
          [
            121,
            273
          ],
          [
            121,
            274
          ]
        ]
      },
      "properties": {
        "source": 709,
        "target": 711,
        "length_pixels": 2,
        "kind": "road_segment"
      }
    },
    {
      "type": "Feature",
      "geometry": {
        "type": "LineString",
        "coordinates": [
          [
            122,
            273
          ],
          [
            121,
            274
          ]
        ]
      },
      "properties": {
        "source": 710,
        "target": 711,
        "length_pixels": 2,
        "kind": "road_segment"
      }
    },
    {
      "type": "Feature",
      "geometry": {
        "type": "LineString",
        "coordinates": [
          [
            113,
            282
          ],
          [
            114,
            281
          ],
          [
            115,
            280
          ],
          [
            116,
            279
          ],
          [
            117,
            278
          ],
          [
            118,
            277
          ],
          [
            119,
            276
          ],
          [
            120,
            275
          ],
          [
            121,
            274
          ]
        ]
      },
      "properties": {
        "source": 711,
        "target": 722,
        "length_pixels": 9,
        "kind": "road_segment"
      }
    },
    {
      "type": "Feature",
      "geometry": {
        "type": "LineString",
        "coordinates": [
          [
            200,
            278
          ],
          [
            200,
            277
          ]
        ]
      },
      "properties": {
        "source": 712,
        "target": 713,
        "length_pixels": 2,
        "kind": "road_segment"
      }
    },
    {
      "type": "Feature",
      "geometry": {
        "type": "LineString",
        "coordinates": [
          [
            200,
            277
          ],
          [
            201,
            278
          ]
        ]
      },
      "properties": {
        "source": 712,
        "target": 714,
        "length_pixels": 2,
        "kind": "road_segment"
      }
    },
    {
      "type": "Feature",
      "geometry": {
        "type": "LineString",
        "coordinates": [
          [
            201,
            279
          ],
          [
            200,
            278
          ]
        ]
      },
      "properties": {
        "source": 713,
        "target": 716,
        "length_pixels": 2,
        "kind": "road_segment"
      }
    },
    {
      "type": "Feature",
      "geometry": {
        "type": "LineString",
        "coordinates": [
          [
            200,
            278
          ],
          [
            201,
            278
          ]
        ]
      },
      "properties": {
        "source": 713,
        "target": 714,
        "length_pixels": 2,
        "kind": "road_segment"
      }
    },
    {
      "type": "Feature",
      "geometry": {
        "type": "LineString",
        "coordinates": [
          [
            200,
            278
          ],
          [
            200,
            279
          ]
        ]
      },
      "properties": {
        "source": 713,
        "target": 715,
        "length_pixels": 2,
        "kind": "road_segment"
      }
    },
    {
      "type": "Feature",
      "geometry": {
        "type": "LineString",
        "coordinates": [
          [
            201,
            279
          ],
          [
            201,
            278
          ]
        ]
      },
      "properties": {
        "source": 714,
        "target": 716,
        "length_pixels": 2,
        "kind": "road_segment"
      }
    },
    {
      "type": "Feature",
      "geometry": {
        "type": "LineString",
        "coordinates": [
          [
            200,
            279
          ],
          [
            201,
            278
          ]
        ]
      },
      "properties": {
        "source": 714,
        "target": 715,
        "length_pixels": 2,
        "kind": "road_segment"
      }
    },
    {
      "type": "Feature",
      "geometry": {
        "type": "LineString",
        "coordinates": [
          [
            201,
            279
          ],
          [
            200,
            279
          ]
        ]
      },
      "properties": {
        "source": 715,
        "target": 716,
        "length_pixels": 2,
        "kind": "road_segment"
      }
    },
    {
      "type": "Feature",
      "geometry": {
        "type": "LineString",
        "coordinates": [
          [
            200,
            279
          ],
          [
            200,
            280
          ]
        ]
      },
      "properties": {
        "source": 715,
        "target": 717,
        "length_pixels": 2,
        "kind": "road_segment"
      }
    },
    {
      "type": "Feature",
      "geometry": {
        "type": "LineString",
        "coordinates": [
          [
            200,
            279
          ],
          [
            201,
            280
          ]
        ]
      },
      "properties": {
        "source": 715,
        "target": 718,
        "length_pixels": 2,
        "kind": "road_segment"
      }
    },
    {
      "type": "Feature",
      "geometry": {
        "type": "LineString",
        "coordinates": [
          [
            201,
            279
          ],
          [
            200,
            280
          ]
        ]
      },
      "properties": {
        "source": 716,
        "target": 717,
        "length_pixels": 2,
        "kind": "road_segment"
      }
    },
    {
      "type": "Feature",
      "geometry": {
        "type": "LineString",
        "coordinates": [
          [
            201,
            279
          ],
          [
            201,
            280
          ]
        ]
      },
      "properties": {
        "source": 716,
        "target": 718,
        "length_pixels": 2,
        "kind": "road_segment"
      }
    },
    {
      "type": "Feature",
      "geometry": {
        "type": "LineString",
        "coordinates": [
          [
            200,
            281
          ],
          [
            200,
            280
          ]
        ]
      },
      "properties": {
        "source": 717,
        "target": 720,
        "length_pixels": 2,
        "kind": "road_segment"
      }
    },
    {
      "type": "Feature",
      "geometry": {
        "type": "LineString",
        "coordinates": [
          [
            201,
            280
          ],
          [
            200,
            280
          ]
        ]
      },
      "properties": {
        "source": 717,
        "target": 718,
        "length_pixels": 2,
        "kind": "road_segment"
      }
    },
    {
      "type": "Feature",
      "geometry": {
        "type": "LineString",
        "coordinates": [
          [
            201,
            281
          ],
          [
            200,
            280
          ]
        ]
      },
      "properties": {
        "source": 717,
        "target": 721,
        "length_pixels": 2,
        "kind": "road_segment"
      }
    },
    {
      "type": "Feature",
      "geometry": {
        "type": "LineString",
        "coordinates": [
          [
            200,
            281
          ],
          [
            201,
            280
          ]
        ]
      },
      "properties": {
        "source": 718,
        "target": 720,
        "length_pixels": 2,
        "kind": "road_segment"
      }
    },
    {
      "type": "Feature",
      "geometry": {
        "type": "LineString",
        "coordinates": [
          [
            201,
            280
          ],
          [
            201,
            281
          ]
        ]
      },
      "properties": {
        "source": 718,
        "target": 721,
        "length_pixels": 2,
        "kind": "road_segment"
      }
    },
    {
      "type": "Feature",
      "geometry": {
        "type": "LineString",
        "coordinates": [
          [
            200,
            281
          ],
          [
            201,
            281
          ]
        ]
      },
      "properties": {
        "source": 720,
        "target": 721,
        "length_pixels": 2,
        "kind": "road_segment"
      }
    },
    {
      "type": "Feature",
      "geometry": {
        "type": "LineString",
        "coordinates": [
          [
            200,
            281
          ],
          [
            201,
            282
          ]
        ]
      },
      "properties": {
        "source": 720,
        "target": 723,
        "length_pixels": 2,
        "kind": "road_segment"
      }
    },
    {
      "type": "Feature",
      "geometry": {
        "type": "LineString",
        "coordinates": [
          [
            201,
            282
          ],
          [
            201,
            281
          ]
        ]
      },
      "properties": {
        "source": 721,
        "target": 723,
        "length_pixels": 2,
        "kind": "road_segment"
      }
    },
    {
      "type": "Feature",
      "geometry": {
        "type": "LineString",
        "coordinates": [
          [
            113,
            282
          ],
          [
            112,
            283
          ]
        ]
      },
      "properties": {
        "source": 722,
        "target": 724,
        "length_pixels": 2,
        "kind": "road_segment"
      }
    },
    {
      "type": "Feature",
      "geometry": {
        "type": "LineString",
        "coordinates": [
          [
            113,
            282
          ],
          [
            113,
            283
          ]
        ]
      },
      "properties": {
        "source": 722,
        "target": 725,
        "length_pixels": 2,
        "kind": "road_segment"
      }
    },
    {
      "type": "Feature",
      "geometry": {
        "type": "LineString",
        "coordinates": [
          [
            201,
            282
          ],
          [
            201,
            283
          ],
          [
            201,
            284
          ],
          [
            201,
            285
          ],
          [
            201,
            286
          ],
          [
            201,
            287
          ],
          [
            201,
            288
          ],
          [
            201,
            289
          ],
          [
            201,
            290
          ],
          [
            201,
            291
          ],
          [
            201,
            292
          ],
          [
            201,
            293
          ],
          [
            201,
            294
          ]
        ]
      },
      "properties": {
        "source": 723,
        "target": 734,
        "length_pixels": 13,
        "kind": "road_segment"
      }
    },
    {
      "type": "Feature",
      "geometry": {
        "type": "LineString",
        "coordinates": [
          [
            112,
            284
          ],
          [
            112,
            283
          ]
        ]
      },
      "properties": {
        "source": 724,
        "target": 727,
        "length_pixels": 2,
        "kind": "road_segment"
      }
    },
    {
      "type": "Feature",
      "geometry": {
        "type": "LineString",
        "coordinates": [
          [
            111,
            284
          ],
          [
            112,
            283
          ]
        ]
      },
      "properties": {
        "source": 724,
        "target": 726,
        "length_pixels": 2,
        "kind": "road_segment"
      }
    },
    {
      "type": "Feature",
      "geometry": {
        "type": "LineString",
        "coordinates": [
          [
            113,
            283
          ],
          [
            112,
            283
          ]
        ]
      },
      "properties": {
        "source": 724,
        "target": 725,
        "length_pixels": 2,
        "kind": "road_segment"
      }
    },
    {
      "type": "Feature",
      "geometry": {
        "type": "LineString",
        "coordinates": [
          [
            112,
            284
          ],
          [
            113,
            283
          ]
        ]
      },
      "properties": {
        "source": 725,
        "target": 727,
        "length_pixels": 2,
        "kind": "road_segment"
      }
    },
    {
      "type": "Feature",
      "geometry": {
        "type": "LineString",
        "coordinates": [
          [
            112,
            284
          ],
          [
            111,
            284
          ]
        ]
      },
      "properties": {
        "source": 726,
        "target": 727,
        "length_pixels": 2,
        "kind": "road_segment"
      }
    },
    {
      "type": "Feature",
      "geometry": {
        "type": "LineString",
        "coordinates": [
          [
            111,
            284
          ],
          [
            110,
            285
          ]
        ]
      },
      "properties": {
        "source": 726,
        "target": 729,
        "length_pixels": 2,
        "kind": "road_segment"
      }
    },
    {
      "type": "Feature",
      "geometry": {
        "type": "LineString",
        "coordinates": [
          [
            111,
            284
          ],
          [
            111,
            285
          ]
        ]
      },
      "properties": {
        "source": 726,
        "target": 730,
        "length_pixels": 2,
        "kind": "road_segment"
      }
    },
    {
      "type": "Feature",
      "geometry": {
        "type": "LineString",
        "coordinates": [
          [
            112,
            284
          ],
          [
            111,
            285
          ]
        ]
      },
      "properties": {
        "source": 727,
        "target": 730,
        "length_pixels": 2,
        "kind": "road_segment"
      }
    },
    {
      "type": "Feature",
      "geometry": {
        "type": "LineString",
        "coordinates": [
          [
            110,
            286
          ],
          [
            110,
            285
          ]
        ]
      },
      "properties": {
        "source": 729,
        "target": 732,
        "length_pixels": 2,
        "kind": "road_segment"
      }
    },
    {
      "type": "Feature",
      "geometry": {
        "type": "LineString",
        "coordinates": [
          [
            109,
            286
          ],
          [
            110,
            285
          ]
        ]
      },
      "properties": {
        "source": 729,
        "target": 731,
        "length_pixels": 2,
        "kind": "road_segment"
      }
    },
    {
      "type": "Feature",
      "geometry": {
        "type": "LineString",
        "coordinates": [
          [
            111,
            285
          ],
          [
            110,
            285
          ]
        ]
      },
      "properties": {
        "source": 729,
        "target": 730,
        "length_pixels": 2,
        "kind": "road_segment"
      }
    },
    {
      "type": "Feature",
      "geometry": {
        "type": "LineString",
        "coordinates": [
          [
            110,
            286
          ],
          [
            111,
            285
          ]
        ]
      },
      "properties": {
        "source": 730,
        "target": 732,
        "length_pixels": 2,
        "kind": "road_segment"
      }
    },
    {
      "type": "Feature",
      "geometry": {
        "type": "LineString",
        "coordinates": [
          [
            110,
            286
          ],
          [
            109,
            286
          ]
        ]
      },
      "properties": {
        "source": 731,
        "target": 732,
        "length_pixels": 2,
        "kind": "road_segment"
      }
    },
    {
      "type": "Feature",
      "geometry": {
        "type": "LineString",
        "coordinates": [
          [
            109,
            286
          ],
          [
            109,
            287
          ]
        ]
      },
      "properties": {
        "source": 731,
        "target": 733,
        "length_pixels": 2,
        "kind": "road_segment"
      }
    },
    {
      "type": "Feature",
      "geometry": {
        "type": "LineString",
        "coordinates": [
          [
            110,
            286
          ],
          [
            109,
            287
          ]
        ]
      },
      "properties": {
        "source": 732,
        "target": 733,
        "length_pixels": 2,
        "kind": "road_segment"
      }
    },
    {
      "type": "Feature",
      "geometry": {
        "type": "LineString",
        "coordinates": [
          [
            99,
            297
          ],
          [
            100,
            296
          ],
          [
            101,
            295
          ],
          [
            102,
            294
          ],
          [
            103,
            293
          ],
          [
            104,
            292
          ],
          [
            105,
            291
          ],
          [
            106,
            290
          ],
          [
            107,
            289
          ],
          [
            108,
            288
          ],
          [
            109,
            287
          ]
        ]
      },
      "properties": {
        "source": 733,
        "target": 738,
        "length_pixels": 11,
        "kind": "road_segment"
      }
    },
    {
      "type": "Feature",
      "geometry": {
        "type": "LineString",
        "coordinates": [
          [
            201,
            294
          ],
          [
            201,
            295
          ]
        ]
      },
      "properties": {
        "source": 734,
        "target": 735,
        "length_pixels": 2,
        "kind": "road_segment"
      }
    },
    {
      "type": "Feature",
      "geometry": {
        "type": "LineString",
        "coordinates": [
          [
            201,
            294
          ],
          [
            202,
            295
          ]
        ]
      },
      "properties": {
        "source": 734,
        "target": 736,
        "length_pixels": 2,
        "kind": "road_segment"
      }
    },
    {
      "type": "Feature",
      "geometry": {
        "type": "LineString",
        "coordinates": [
          [
            201,
            296
          ],
          [
            201,
            295
          ]
        ]
      },
      "properties": {
        "source": 735,
        "target": 737,
        "length_pixels": 2,
        "kind": "road_segment"
      }
    },
    {
      "type": "Feature",
      "geometry": {
        "type": "LineString",
        "coordinates": [
          [
            202,
            295
          ],
          [
            201,
            295
          ]
        ]
      },
      "properties": {
        "source": 735,
        "target": 736,
        "length_pixels": 2,
        "kind": "road_segment"
      }
    },
    {
      "type": "Feature",
      "geometry": {
        "type": "LineString",
        "coordinates": [
          [
            201,
            296
          ],
          [
            202,
            295
          ]
        ]
      },
      "properties": {
        "source": 736,
        "target": 737,
        "length_pixels": 2,
        "kind": "road_segment"
      }
    },
    {
      "type": "Feature",
      "geometry": {
        "type": "LineString",
        "coordinates": [
          [
            201,
            296
          ],
          [
            201,
            297
          ],
          [
            201,
            298
          ],
          [
            201,
            299
          ],
          [
            201,
            300
          ],
          [
            201,
            301
          ],
          [
            201,
            302
          ],
          [
            201,
            303
          ],
          [
            202,
            304
          ],
          [
            201,
            305
          ],
          [
            202,
            306
          ]
        ]
      },
      "properties": {
        "source": 737,
        "target": 742,
        "length_pixels": 11,
        "kind": "road_segment"
      }
    },
    {
      "type": "Feature",
      "geometry": {
        "type": "LineString",
        "coordinates": [
          [
            98,
            298
          ],
          [
            99,
            297
          ]
        ]
      },
      "properties": {
        "source": 738,
        "target": 739,
        "length_pixels": 2,
        "kind": "road_segment"
      }
    },
    {
      "type": "Feature",
      "geometry": {
        "type": "LineString",
        "coordinates": [
          [
            99,
            297
          ],
          [
            99,
            298
          ]
        ]
      },
      "properties": {
        "source": 738,
        "target": 740,
        "length_pixels": 2,
        "kind": "road_segment"
      }
    },
    {
      "type": "Feature",
      "geometry": {
        "type": "LineString",
        "coordinates": [
          [
            98,
            298
          ],
          [
            99,
            298
          ]
        ]
      },
      "properties": {
        "source": 739,
        "target": 740,
        "length_pixels": 2,
        "kind": "road_segment"
      }
    },
    {
      "type": "Feature",
      "geometry": {
        "type": "LineString",
        "coordinates": [
          [
            98,
            298
          ],
          [
            98,
            299
          ]
        ]
      },
      "properties": {
        "source": 739,
        "target": 741,
        "length_pixels": 2,
        "kind": "road_segment"
      }
    },
    {
      "type": "Feature",
      "geometry": {
        "type": "LineString",
        "coordinates": [
          [
            98,
            299
          ],
          [
            99,
            298
          ]
        ]
      },
      "properties": {
        "source": 740,
        "target": 741,
        "length_pixels": 2,
        "kind": "road_segment"
      }
    },
    {
      "type": "Feature",
      "geometry": {
        "type": "LineString",
        "coordinates": [
          [
            88,
            309
          ],
          [
            89,
            308
          ],
          [
            90,
            307
          ],
          [
            91,
            306
          ],
          [
            92,
            305
          ],
          [
            93,
            304
          ],
          [
            94,
            303
          ],
          [
            95,
            302
          ],
          [
            96,
            301
          ],
          [
            97,
            300
          ],
          [
            98,
            299
          ]
        ]
      },
      "properties": {
        "source": 741,
        "target": 746,
        "length_pixels": 11,
        "kind": "road_segment"
      }
    },
    {
      "type": "Feature",
      "geometry": {
        "type": "LineString",
        "coordinates": [
          [
            202,
            307
          ],
          [
            202,
            306
          ]
        ]
      },
      "properties": {
        "source": 742,
        "target": 743,
        "length_pixels": 2,
        "kind": "road_segment"
      }
    },
    {
      "type": "Feature",
      "geometry": {
        "type": "LineString",
        "coordinates": [
          [
            203,
            307
          ],
          [
            202,
            306
          ]
        ]
      },
      "properties": {
        "source": 742,
        "target": 744,
        "length_pixels": 2,
        "kind": "road_segment"
      }
    },
    {
      "type": "Feature",
      "geometry": {
        "type": "LineString",
        "coordinates": [
          [
            202,
            307
          ],
          [
            203,
            307
          ]
        ]
      },
      "properties": {
        "source": 743,
        "target": 744,
        "length_pixels": 2,
        "kind": "road_segment"
      }
    },
    {
      "type": "Feature",
      "geometry": {
        "type": "LineString",
        "coordinates": [
          [
            202,
            307
          ],
          [
            202,
            308
          ]
        ]
      },
      "properties": {
        "source": 743,
        "target": 745,
        "length_pixels": 2,
        "kind": "road_segment"
      }
    },
    {
      "type": "Feature",
      "geometry": {
        "type": "LineString",
        "coordinates": [
          [
            202,
            308
          ],
          [
            203,
            307
          ]
        ]
      },
      "properties": {
        "source": 744,
        "target": 745,
        "length_pixels": 2,
        "kind": "road_segment"
      }
    },
    {
      "type": "Feature",
      "geometry": {
        "type": "LineString",
        "coordinates": [
          [
            202,
            308
          ],
          [
            202,
            309
          ],
          [
            202,
            310
          ],
          [
            202,
            311
          ],
          [
            202,
            312
          ],
          [
            202,
            313
          ],
          [
            202,
            314
          ],
          [
            202,
            315
          ],
          [
            202,
            316
          ],
          [
            202,
            317
          ],
          [
            202,
            318
          ],
          [
            202,
            319
          ],
          [
            202,
            320
          ],
          [
            202,
            321
          ],
          [
            202,
            322
          ],
          [
            203,
            323
          ],
          [
            203,
            324
          ],
          [
            203,
            325
          ],
          [
            203,
            326
          ]
        ]
      },
      "properties": {
        "source": 745,
        "target": 770,
        "length_pixels": 19,
        "kind": "road_segment"
      }
    },
    {
      "type": "Feature",
      "geometry": {
        "type": "LineString",
        "coordinates": [
          [
            88,
            309
          ],
          [
            87,
            310
          ]
        ]
      },
      "properties": {
        "source": 746,
        "target": 748,
        "length_pixels": 2,
        "kind": "road_segment"
      }
    },
    {
      "type": "Feature",
      "geometry": {
        "type": "LineString",
        "coordinates": [
          [
            88,
            309
          ],
          [
            88,
            310
          ]
        ]
      },
      "properties": {
        "source": 746,
        "target": 749,
        "length_pixels": 2,
        "kind": "road_segment"
      }
    },
    {
      "type": "Feature",
      "geometry": {
        "type": "LineString",
        "coordinates": [
          [
            87,
            311
          ],
          [
            87,
            310
          ]
        ]
      },
      "properties": {
        "source": 748,
        "target": 751,
        "length_pixels": 2,
        "kind": "road_segment"
      }
    },
    {
      "type": "Feature",
      "geometry": {
        "type": "LineString",
        "coordinates": [
          [
            86,
            311
          ],
          [
            87,
            310
          ]
        ]
      },
      "properties": {
        "source": 748,
        "target": 750,
        "length_pixels": 2,
        "kind": "road_segment"
      }
    },
    {
      "type": "Feature",
      "geometry": {
        "type": "LineString",
        "coordinates": [
          [
            88,
            310
          ],
          [
            87,
            310
          ]
        ]
      },
      "properties": {
        "source": 748,
        "target": 749,
        "length_pixels": 2,
        "kind": "road_segment"
      }
    },
    {
      "type": "Feature",
      "geometry": {
        "type": "LineString",
        "coordinates": [
          [
            87,
            311
          ],
          [
            88,
            310
          ]
        ]
      },
      "properties": {
        "source": 749,
        "target": 751,
        "length_pixels": 2,
        "kind": "road_segment"
      }
    },
    {
      "type": "Feature",
      "geometry": {
        "type": "LineString",
        "coordinates": [
          [
            86,
            312
          ],
          [
            86,
            311
          ]
        ]
      },
      "properties": {
        "source": 750,
        "target": 752,
        "length_pixels": 2,
        "kind": "road_segment"
      }
    },
    {
      "type": "Feature",
      "geometry": {
        "type": "LineString",
        "coordinates": [
          [
            87,
            311
          ],
          [
            86,
            311
          ]
        ]
      },
      "properties": {
        "source": 750,
        "target": 751,
        "length_pixels": 2,
        "kind": "road_segment"
      }
    },
    {
      "type": "Feature",
      "geometry": {
        "type": "LineString",
        "coordinates": [
          [
            86,
            312
          ],
          [
            87,
            311
          ]
        ]
      },
      "properties": {
        "source": 751,
        "target": 752,
        "length_pixels": 2,
        "kind": "road_segment"
      }
    },
    {
      "type": "Feature",
      "geometry": {
        "type": "LineString",
        "coordinates": [
          [
            86,
            312
          ],
          [
            85,
            313
          ],
          [
            84,
            314
          ],
          [
            83,
            315
          ],
          [
            82,
            316
          ],
          [
            81,
            317
          ],
          [
            80,
            318
          ]
        ]
      },
      "properties": {
        "source": 752,
        "target": 755,
        "length_pixels": 7,
        "kind": "road_segment"
      }
    },
    {
      "type": "Feature",
      "geometry": {
        "type": "LineString",
        "coordinates": [
          [
            79,
            319
          ],
          [
            80,
            318
          ]
        ]
      },
      "properties": {
        "source": 755,
        "target": 757,
        "length_pixels": 2,
        "kind": "road_segment"
      }
    },
    {
      "type": "Feature",
      "geometry": {
        "type": "LineString",
        "coordinates": [
          [
            80,
            318
          ],
          [
            80,
            319
          ]
        ]
      },
      "properties": {
        "source": 755,
        "target": 758,
        "length_pixels": 2,
        "kind": "road_segment"
      }
    },
    {
      "type": "Feature",
      "geometry": {
        "type": "LineString",
        "coordinates": [
          [
            79,
            319
          ],
          [
            80,
            319
          ]
        ]
      },
      "properties": {
        "source": 757,
        "target": 758,
        "length_pixels": 2,
        "kind": "road_segment"
      }
    },
    {
      "type": "Feature",
      "geometry": {
        "type": "LineString",
        "coordinates": [
          [
            79,
            319
          ],
          [
            78,
            320
          ]
        ]
      },
      "properties": {
        "source": 757,
        "target": 759,
        "length_pixels": 2,
        "kind": "road_segment"
      }
    },
    {
      "type": "Feature",
      "geometry": {
        "type": "LineString",
        "coordinates": [
          [
            79,
            319
          ],
          [
            79,
            320
          ]
        ]
      },
      "properties": {
        "source": 757,
        "target": 760,
        "length_pixels": 2,
        "kind": "road_segment"
      }
    },
    {
      "type": "Feature",
      "geometry": {
        "type": "LineString",
        "coordinates": [
          [
            79,
            320
          ],
          [
            80,
            319
          ]
        ]
      },
      "properties": {
        "source": 758,
        "target": 760,
        "length_pixels": 2,
        "kind": "road_segment"
      }
    },
    {
      "type": "Feature",
      "geometry": {
        "type": "LineString",
        "coordinates": [
          [
            78,
            321
          ],
          [
            78,
            320
          ]
        ]
      },
      "properties": {
        "source": 759,
        "target": 763,
        "length_pixels": 2,
        "kind": "road_segment"
      }
    },
    {
      "type": "Feature",
      "geometry": {
        "type": "LineString",
        "coordinates": [
          [
            77,
            321
          ],
          [
            78,
            320
          ]
        ]
      },
      "properties": {
        "source": 759,
        "target": 762,
        "length_pixels": 2,
        "kind": "road_segment"
      }
    },
    {
      "type": "Feature",
      "geometry": {
        "type": "LineString",
        "coordinates": [
          [
            79,
            320
          ],
          [
            78,
            320
          ]
        ]
      },
      "properties": {
        "source": 759,
        "target": 760,
        "length_pixels": 2,
        "kind": "road_segment"
      }
    },
    {
      "type": "Feature",
      "geometry": {
        "type": "LineString",
        "coordinates": [
          [
            78,
            321
          ],
          [
            79,
            320
          ]
        ]
      },
      "properties": {
        "source": 760,
        "target": 763,
        "length_pixels": 2,
        "kind": "road_segment"
      }
    },
    {
      "type": "Feature",
      "geometry": {
        "type": "LineString",
        "coordinates": [
          [
            78,
            321
          ],
          [
            77,
            321
          ]
        ]
      },
      "properties": {
        "source": 762,
        "target": 763,
        "length_pixels": 2,
        "kind": "road_segment"
      }
    },
    {
      "type": "Feature",
      "geometry": {
        "type": "LineString",
        "coordinates": [
          [
            77,
            321
          ],
          [
            76,
            322
          ]
        ]
      },
      "properties": {
        "source": 762,
        "target": 764,
        "length_pixels": 2,
        "kind": "road_segment"
      }
    },
    {
      "type": "Feature",
      "geometry": {
        "type": "LineString",
        "coordinates": [
          [
            77,
            321
          ],
          [
            77,
            322
          ]
        ]
      },
      "properties": {
        "source": 762,
        "target": 765,
        "length_pixels": 2,
        "kind": "road_segment"
      }
    },
    {
      "type": "Feature",
      "geometry": {
        "type": "LineString",
        "coordinates": [
          [
            78,
            321
          ],
          [
            77,
            322
          ]
        ]
      },
      "properties": {
        "source": 763,
        "target": 765,
        "length_pixels": 2,
        "kind": "road_segment"
      }
    },
    {
      "type": "Feature",
      "geometry": {
        "type": "LineString",
        "coordinates": [
          [
            76,
            323
          ],
          [
            76,
            322
          ]
        ]
      },
      "properties": {
        "source": 764,
        "target": 767,
        "length_pixels": 2,
        "kind": "road_segment"
      }
    },
    {
      "type": "Feature",
      "geometry": {
        "type": "LineString",
        "coordinates": [
          [
            75,
            323
          ],
          [
            76,
            322
          ]
        ]
      },
      "properties": {
        "source": 764,
        "target": 766,
        "length_pixels": 2,
        "kind": "road_segment"
      }
    },
    {
      "type": "Feature",
      "geometry": {
        "type": "LineString",
        "coordinates": [
          [
            77,
            322
          ],
          [
            76,
            322
          ]
        ]
      },
      "properties": {
        "source": 764,
        "target": 765,
        "length_pixels": 2,
        "kind": "road_segment"
      }
    },
    {
      "type": "Feature",
      "geometry": {
        "type": "LineString",
        "coordinates": [
          [
            76,
            323
          ],
          [
            77,
            322
          ]
        ]
      },
      "properties": {
        "source": 765,
        "target": 767,
        "length_pixels": 2,
        "kind": "road_segment"
      }
    },
    {
      "type": "Feature",
      "geometry": {
        "type": "LineString",
        "coordinates": [
          [
            76,
            323
          ],
          [
            75,
            323
          ]
        ]
      },
      "properties": {
        "source": 766,
        "target": 767,
        "length_pixels": 2,
        "kind": "road_segment"
      }
    },
    {
      "type": "Feature",
      "geometry": {
        "type": "LineString",
        "coordinates": [
          [
            75,
            323
          ],
          [
            75,
            324
          ]
        ]
      },
      "properties": {
        "source": 766,
        "target": 769,
        "length_pixels": 2,
        "kind": "road_segment"
      }
    },
    {
      "type": "Feature",
      "geometry": {
        "type": "LineString",
        "coordinates": [
          [
            76,
            323
          ],
          [
            75,
            324
          ]
        ]
      },
      "properties": {
        "source": 767,
        "target": 769,
        "length_pixels": 2,
        "kind": "road_segment"
      }
    },
    {
      "type": "Feature",
      "geometry": {
        "type": "LineString",
        "coordinates": [
          [
            61,
            340
          ],
          [
            61,
            339
          ],
          [
            62,
            338
          ],
          [
            63,
            337
          ],
          [
            64,
            336
          ],
          [
            65,
            335
          ],
          [
            66,
            334
          ],
          [
            66,
            333
          ],
          [
            67,
            332
          ],
          [
            68,
            331
          ],
          [
            69,
            330
          ],
          [
            70,
            329
          ],
          [
            71,
            328
          ],
          [
            72,
            327
          ],
          [
            73,
            326
          ],
          [
            74,
            325
          ],
          [
            75,
            324
          ]
        ]
      },
      "properties": {
        "source": 769,
        "target": 790,
        "length_pixels": 17,
        "kind": "road_segment"
      }
    },
    {
      "type": "Feature",
      "geometry": {
        "type": "LineString",
        "coordinates": [
          [
            204,
            327
          ],
          [
            203,
            326
          ]
        ]
      },
      "properties": {
        "source": 770,
        "target": 773,
        "length_pixels": 2,
        "kind": "road_segment"
      }
    },
    {
      "type": "Feature",
      "geometry": {
        "type": "LineString",
        "coordinates": [
          [
            203,
            327
          ],
          [
            203,
            326
          ]
        ]
      },
      "properties": {
        "source": 770,
        "target": 772,
        "length_pixels": 2,
        "kind": "road_segment"
      }
    },
    {
      "type": "Feature",
      "geometry": {
        "type": "LineString",
        "coordinates": [
          [
            204,
            327
          ],
          [
            203,
            327
          ]
        ]
      },
      "properties": {
        "source": 772,
        "target": 773,
        "length_pixels": 2,
        "kind": "road_segment"
      }
    },
    {
      "type": "Feature",
      "geometry": {
        "type": "LineString",
        "coordinates": [
          [
            203,
            327
          ],
          [
            203,
            328
          ]
        ]
      },
      "properties": {
        "source": 772,
        "target": 774,
        "length_pixels": 2,
        "kind": "road_segment"
      }
    },
    {
      "type": "Feature",
      "geometry": {
        "type": "LineString",
        "coordinates": [
          [
            203,
            327
          ],
          [
            204,
            328
          ]
        ]
      },
      "properties": {
        "source": 772,
        "target": 775,
        "length_pixels": 2,
        "kind": "road_segment"
      }
    },
    {
      "type": "Feature",
      "geometry": {
        "type": "LineString",
        "coordinates": [
          [
            204,
            327
          ],
          [
            203,
            328
          ]
        ]
      },
      "properties": {
        "source": 773,
        "target": 774,
        "length_pixels": 2,
        "kind": "road_segment"
      }
    },
    {
      "type": "Feature",
      "geometry": {
        "type": "LineString",
        "coordinates": [
          [
            204,
            327
          ],
          [
            204,
            328
          ]
        ]
      },
      "properties": {
        "source": 773,
        "target": 775,
        "length_pixels": 2,
        "kind": "road_segment"
      }
    },
    {
      "type": "Feature",
      "geometry": {
        "type": "LineString",
        "coordinates": [
          [
            204,
            328
          ],
          [
            203,
            328
          ]
        ]
      },
      "properties": {
        "source": 774,
        "target": 775,
        "length_pixels": 2,
        "kind": "road_segment"
      }
    },
    {
      "type": "Feature",
      "geometry": {
        "type": "LineString",
        "coordinates": [
          [
            203,
            328
          ],
          [
            203,
            329
          ]
        ]
      },
      "properties": {
        "source": 774,
        "target": 776,
        "length_pixels": 2,
        "kind": "road_segment"
      }
    },
    {
      "type": "Feature",
      "geometry": {
        "type": "LineString",
        "coordinates": [
          [
            203,
            328
          ],
          [
            204,
            329
          ]
        ]
      },
      "properties": {
        "source": 774,
        "target": 777,
        "length_pixels": 2,
        "kind": "road_segment"
      }
    },
    {
      "type": "Feature",
      "geometry": {
        "type": "LineString",
        "coordinates": [
          [
            204,
            328
          ],
          [
            203,
            329
          ]
        ]
      },
      "properties": {
        "source": 775,
        "target": 776,
        "length_pixels": 2,
        "kind": "road_segment"
      }
    },
    {
      "type": "Feature",
      "geometry": {
        "type": "LineString",
        "coordinates": [
          [
            204,
            328
          ],
          [
            204,
            329
          ]
        ]
      },
      "properties": {
        "source": 775,
        "target": 777,
        "length_pixels": 2,
        "kind": "road_segment"
      }
    },
    {
      "type": "Feature",
      "geometry": {
        "type": "LineString",
        "coordinates": [
          [
            204,
            330
          ],
          [
            203,
            329
          ]
        ]
      },
      "properties": {
        "source": 776,
        "target": 779,
        "length_pixels": 2,
        "kind": "road_segment"
      }
    },
    {
      "type": "Feature",
      "geometry": {
        "type": "LineString",
        "coordinates": [
          [
            203,
            330
          ],
          [
            203,
            329
          ]
        ]
      },
      "properties": {
        "source": 776,
        "target": 778,
        "length_pixels": 2,
        "kind": "road_segment"
      }
    },
    {
      "type": "Feature",
      "geometry": {
        "type": "LineString",
        "coordinates": [
          [
            204,
            329
          ],
          [
            203,
            329
          ]
        ]
      },
      "properties": {
        "source": 776,
        "target": 777,
        "length_pixels": 2,
        "kind": "road_segment"
      }
    },
    {
      "type": "Feature",
      "geometry": {
        "type": "LineString",
        "coordinates": [
          [
            204,
            330
          ],
          [
            204,
            329
          ]
        ]
      },
      "properties": {
        "source": 777,
        "target": 779,
        "length_pixels": 2,
        "kind": "road_segment"
      }
    },
    {
      "type": "Feature",
      "geometry": {
        "type": "LineString",
        "coordinates": [
          [
            203,
            330
          ],
          [
            204,
            329
          ]
        ]
      },
      "properties": {
        "source": 777,
        "target": 778,
        "length_pixels": 2,
        "kind": "road_segment"
      }
    },
    {
      "type": "Feature",
      "geometry": {
        "type": "LineString",
        "coordinates": [
          [
            204,
            330
          ],
          [
            203,
            330
          ]
        ]
      },
      "properties": {
        "source": 778,
        "target": 779,
        "length_pixels": 2,
        "kind": "road_segment"
      }
    },
    {
      "type": "Feature",
      "geometry": {
        "type": "LineString",
        "coordinates": [
          [
            203,
            330
          ],
          [
            204,
            331
          ]
        ]
      },
      "properties": {
        "source": 778,
        "target": 780,
        "length_pixels": 2,
        "kind": "road_segment"
      }
    },
    {
      "type": "Feature",
      "geometry": {
        "type": "LineString",
        "coordinates": [
          [
            204,
            330
          ],
          [
            204,
            331
          ]
        ]
      },
      "properties": {
        "source": 779,
        "target": 780,
        "length_pixels": 2,
        "kind": "road_segment"
      }
    },
    {
      "type": "Feature",
      "geometry": {
        "type": "LineString",
        "coordinates": [
          [
            204,
            332
          ],
          [
            204,
            331
          ]
        ]
      },
      "properties": {
        "source": 780,
        "target": 781,
        "length_pixels": 2,
        "kind": "road_segment"
      }
    },
    {
      "type": "Feature",
      "geometry": {
        "type": "LineString",
        "coordinates": [
          [
            204,
            331
          ],
          [
            205,
            332
          ]
        ]
      },
      "properties": {
        "source": 780,
        "target": 782,
        "length_pixels": 2,
        "kind": "road_segment"
      }
    },
    {
      "type": "Feature",
      "geometry": {
        "type": "LineString",
        "coordinates": [
          [
            204,
            332
          ],
          [
            205,
            332
          ]
        ]
      },
      "properties": {
        "source": 781,
        "target": 782,
        "length_pixels": 2,
        "kind": "road_segment"
      }
    },
    {
      "type": "Feature",
      "geometry": {
        "type": "LineString",
        "coordinates": [
          [
            204,
            332
          ],
          [
            204,
            333
          ]
        ]
      },
      "properties": {
        "source": 781,
        "target": 783,
        "length_pixels": 2,
        "kind": "road_segment"
      }
    },
    {
      "type": "Feature",
      "geometry": {
        "type": "LineString",
        "coordinates": [
          [
            204,
            332
          ],
          [
            205,
            333
          ]
        ]
      },
      "properties": {
        "source": 781,
        "target": 784,
        "length_pixels": 2,
        "kind": "road_segment"
      }
    },
    {
      "type": "Feature",
      "geometry": {
        "type": "LineString",
        "coordinates": [
          [
            205,
            333
          ],
          [
            205,
            332
          ]
        ]
      },
      "properties": {
        "source": 782,
        "target": 784,
        "length_pixels": 2,
        "kind": "road_segment"
      }
    },
    {
      "type": "Feature",
      "geometry": {
        "type": "LineString",
        "coordinates": [
          [
            204,
            333
          ],
          [
            205,
            332
          ]
        ]
      },
      "properties": {
        "source": 782,
        "target": 783,
        "length_pixels": 2,
        "kind": "road_segment"
      }
    },
    {
      "type": "Feature",
      "geometry": {
        "type": "LineString",
        "coordinates": [
          [
            205,
            333
          ],
          [
            204,
            333
          ]
        ]
      },
      "properties": {
        "source": 783,
        "target": 784,
        "length_pixels": 2,
        "kind": "road_segment"
      }
    },
    {
      "type": "Feature",
      "geometry": {
        "type": "LineString",
        "coordinates": [
          [
            204,
            333
          ],
          [
            204,
            334
          ]
        ]
      },
      "properties": {
        "source": 783,
        "target": 785,
        "length_pixels": 2,
        "kind": "road_segment"
      }
    },
    {
      "type": "Feature",
      "geometry": {
        "type": "LineString",
        "coordinates": [
          [
            204,
            333
          ],
          [
            205,
            334
          ]
        ]
      },
      "properties": {
        "source": 783,
        "target": 786,
        "length_pixels": 2,
        "kind": "road_segment"
      }
    },
    {
      "type": "Feature",
      "geometry": {
        "type": "LineString",
        "coordinates": [
          [
            205,
            333
          ],
          [
            204,
            334
          ]
        ]
      },
      "properties": {
        "source": 784,
        "target": 785,
        "length_pixels": 2,
        "kind": "road_segment"
      }
    },
    {
      "type": "Feature",
      "geometry": {
        "type": "LineString",
        "coordinates": [
          [
            205,
            333
          ],
          [
            205,
            334
          ]
        ]
      },
      "properties": {
        "source": 784,
        "target": 786,
        "length_pixels": 2,
        "kind": "road_segment"
      }
    },
    {
      "type": "Feature",
      "geometry": {
        "type": "LineString",
        "coordinates": [
          [
            204,
            335
          ],
          [
            204,
            334
          ]
        ]
      },
      "properties": {
        "source": 785,
        "target": 787,
        "length_pixels": 2,
        "kind": "road_segment"
      }
    },
    {
      "type": "Feature",
      "geometry": {
        "type": "LineString",
        "coordinates": [
          [
            205,
            334
          ],
          [
            204,
            334
          ]
        ]
      },
      "properties": {
        "source": 785,
        "target": 786,
        "length_pixels": 2,
        "kind": "road_segment"
      }
    },
    {
      "type": "Feature",
      "geometry": {
        "type": "LineString",
        "coordinates": [
          [
            205,
            335
          ],
          [
            204,
            334
          ]
        ]
      },
      "properties": {
        "source": 785,
        "target": 788,
        "length_pixels": 2,
        "kind": "road_segment"
      }
    },
    {
      "type": "Feature",
      "geometry": {
        "type": "LineString",
        "coordinates": [
          [
            204,
            335
          ],
          [
            205,
            334
          ]
        ]
      },
      "properties": {
        "source": 786,
        "target": 787,
        "length_pixels": 2,
        "kind": "road_segment"
      }
    },
    {
      "type": "Feature",
      "geometry": {
        "type": "LineString",
        "coordinates": [
          [
            205,
            334
          ],
          [
            205,
            335
          ]
        ]
      },
      "properties": {
        "source": 786,
        "target": 788,
        "length_pixels": 2,
        "kind": "road_segment"
      }
    },
    {
      "type": "Feature",
      "geometry": {
        "type": "LineString",
        "coordinates": [
          [
            204,
            335
          ],
          [
            205,
            335
          ]
        ]
      },
      "properties": {
        "source": 787,
        "target": 788,
        "length_pixels": 2,
        "kind": "road_segment"
      }
    },
    {
      "type": "Feature",
      "geometry": {
        "type": "LineString",
        "coordinates": [
          [
            204,
            335
          ],
          [
            204,
            336
          ]
        ]
      },
      "properties": {
        "source": 787,
        "target": 789,
        "length_pixels": 2,
        "kind": "road_segment"
      }
    },
    {
      "type": "Feature",
      "geometry": {
        "type": "LineString",
        "coordinates": [
          [
            204,
            336
          ],
          [
            205,
            335
          ]
        ]
      },
      "properties": {
        "source": 788,
        "target": 789,
        "length_pixels": 2,
        "kind": "road_segment"
      }
    },
    {
      "type": "Feature",
      "geometry": {
        "type": "LineString",
        "coordinates": [
          [
            205,
            347
          ],
          [
            204,
            346
          ],
          [
            204,
            345
          ],
          [
            204,
            344
          ],
          [
            204,
            343
          ],
          [
            204,
            342
          ],
          [
            204,
            341
          ],
          [
            204,
            340
          ],
          [
            204,
            339
          ],
          [
            204,
            338
          ],
          [
            204,
            337
          ],
          [
            204,
            336
          ]
        ]
      },
      "properties": {
        "source": 789,
        "target": 795,
        "length_pixels": 12,
        "kind": "road_segment"
      }
    },
    {
      "type": "Feature",
      "geometry": {
        "type": "LineString",
        "coordinates": [
          [
            59,
            341
          ],
          [
            58,
            342
          ]
        ]
      },
      "properties": {
        "source": 791,
        "target": 792,
        "length_pixels": 2,
        "kind": "road_segment"
      }
    },
    {
      "type": "Feature",
      "geometry": {
        "type": "LineString",
        "coordinates": [
          [
            205,
            347
          ],
          [
            204,
            348
          ]
        ]
      },
      "properties": {
        "source": 795,
        "target": 796,
        "length_pixels": 2,
        "kind": "road_segment"
      }
    },
    {
      "type": "Feature",
      "geometry": {
        "type": "LineString",
        "coordinates": [
          [
            205,
            347
          ],
          [
            205,
            348
          ]
        ]
      },
      "properties": {
        "source": 795,
        "target": 797,
        "length_pixels": 2,
        "kind": "road_segment"
      }
    },
    {
      "type": "Feature",
      "geometry": {
        "type": "LineString",
        "coordinates": [
          [
            204,
            349
          ],
          [
            204,
            348
          ]
        ]
      },
      "properties": {
        "source": 796,
        "target": 798,
        "length_pixels": 2,
        "kind": "road_segment"
      }
    },
    {
      "type": "Feature",
      "geometry": {
        "type": "LineString",
        "coordinates": [
          [
            205,
            348
          ],
          [
            204,
            348
          ]
        ]
      },
      "properties": {
        "source": 796,
        "target": 797,
        "length_pixels": 2,
        "kind": "road_segment"
      }
    },
    {
      "type": "Feature",
      "geometry": {
        "type": "LineString",
        "coordinates": [
          [
            204,
            348
          ],
          [
            205,
            349
          ]
        ]
      },
      "properties": {
        "source": 796,
        "target": 799,
        "length_pixels": 2,
        "kind": "road_segment"
      }
    },
    {
      "type": "Feature",
      "geometry": {
        "type": "LineString",
        "coordinates": [
          [
            204,
            349
          ],
          [
            205,
            348
          ]
        ]
      },
      "properties": {
        "source": 797,
        "target": 798,
        "length_pixels": 2,
        "kind": "road_segment"
      }
    },
    {
      "type": "Feature",
      "geometry": {
        "type": "LineString",
        "coordinates": [
          [
            205,
            348
          ],
          [
            205,
            349
          ]
        ]
      },
      "properties": {
        "source": 797,
        "target": 799,
        "length_pixels": 2,
        "kind": "road_segment"
      }
    },
    {
      "type": "Feature",
      "geometry": {
        "type": "LineString",
        "coordinates": [
          [
            205,
            350
          ],
          [
            204,
            349
          ]
        ]
      },
      "properties": {
        "source": 798,
        "target": 801,
        "length_pixels": 2,
        "kind": "road_segment"
      }
    },
    {
      "type": "Feature",
      "geometry": {
        "type": "LineString",
        "coordinates": [
          [
            204,
            349
          ],
          [
            205,
            349
          ]
        ]
      },
      "properties": {
        "source": 798,
        "target": 799,
        "length_pixels": 2,
        "kind": "road_segment"
      }
    },
    {
      "type": "Feature",
      "geometry": {
        "type": "LineString",
        "coordinates": [
          [
            204,
            349
          ],
          [
            204,
            350
          ]
        ]
      },
      "properties": {
        "source": 798,
        "target": 800,
        "length_pixels": 2,
        "kind": "road_segment"
      }
    },
    {
      "type": "Feature",
      "geometry": {
        "type": "LineString",
        "coordinates": [
          [
            205,
            350
          ],
          [
            205,
            349
          ]
        ]
      },
      "properties": {
        "source": 799,
        "target": 801,
        "length_pixels": 2,
        "kind": "road_segment"
      }
    },
    {
      "type": "Feature",
      "geometry": {
        "type": "LineString",
        "coordinates": [
          [
            204,
            350
          ],
          [
            205,
            349
          ]
        ]
      },
      "properties": {
        "source": 799,
        "target": 800,
        "length_pixels": 2,
        "kind": "road_segment"
      }
    },
    {
      "type": "Feature",
      "geometry": {
        "type": "LineString",
        "coordinates": [
          [
            204,
            351
          ],
          [
            204,
            350
          ]
        ]
      },
      "properties": {
        "source": 800,
        "target": 802,
        "length_pixels": 2,
        "kind": "road_segment"
      }
    },
    {
      "type": "Feature",
      "geometry": {
        "type": "LineString",
        "coordinates": [
          [
            205,
            350
          ],
          [
            204,
            350
          ]
        ]
      },
      "properties": {
        "source": 800,
        "target": 801,
        "length_pixels": 2,
        "kind": "road_segment"
      }
    },
    {
      "type": "Feature",
      "geometry": {
        "type": "LineString",
        "coordinates": [
          [
            204,
            350
          ],
          [
            205,
            351
          ]
        ]
      },
      "properties": {
        "source": 800,
        "target": 803,
        "length_pixels": 2,
        "kind": "road_segment"
      }
    },
    {
      "type": "Feature",
      "geometry": {
        "type": "LineString",
        "coordinates": [
          [
            204,
            351
          ],
          [
            205,
            350
          ]
        ]
      },
      "properties": {
        "source": 801,
        "target": 802,
        "length_pixels": 2,
        "kind": "road_segment"
      }
    },
    {
      "type": "Feature",
      "geometry": {
        "type": "LineString",
        "coordinates": [
          [
            205,
            350
          ],
          [
            205,
            351
          ]
        ]
      },
      "properties": {
        "source": 801,
        "target": 803,
        "length_pixels": 2,
        "kind": "road_segment"
      }
    },
    {
      "type": "Feature",
      "geometry": {
        "type": "LineString",
        "coordinates": [
          [
            204,
            351
          ],
          [
            205,
            351
          ]
        ]
      },
      "properties": {
        "source": 802,
        "target": 803,
        "length_pixels": 2,
        "kind": "road_segment"
      }
    },
    {
      "type": "Feature",
      "geometry": {
        "type": "LineString",
        "coordinates": [
          [
            204,
            351
          ],
          [
            204,
            352
          ]
        ]
      },
      "properties": {
        "source": 802,
        "target": 804,
        "length_pixels": 2,
        "kind": "road_segment"
      }
    },
    {
      "type": "Feature",
      "geometry": {
        "type": "LineString",
        "coordinates": [
          [
            204,
            351
          ],
          [
            205,
            352
          ]
        ]
      },
      "properties": {
        "source": 802,
        "target": 805,
        "length_pixels": 2,
        "kind": "road_segment"
      }
    },
    {
      "type": "Feature",
      "geometry": {
        "type": "LineString",
        "coordinates": [
          [
            204,
            352
          ],
          [
            205,
            351
          ]
        ]
      },
      "properties": {
        "source": 803,
        "target": 804,
        "length_pixels": 2,
        "kind": "road_segment"
      }
    },
    {
      "type": "Feature",
      "geometry": {
        "type": "LineString",
        "coordinates": [
          [
            205,
            351
          ],
          [
            205,
            352
          ]
        ]
      },
      "properties": {
        "source": 803,
        "target": 805,
        "length_pixels": 2,
        "kind": "road_segment"
      }
    },
    {
      "type": "Feature",
      "geometry": {
        "type": "LineString",
        "coordinates": [
          [
            204,
            352
          ],
          [
            205,
            352
          ]
        ]
      },
      "properties": {
        "source": 804,
        "target": 805,
        "length_pixels": 2,
        "kind": "road_segment"
      }
    },
    {
      "type": "Feature",
      "geometry": {
        "type": "LineString",
        "coordinates": [
          [
            204,
            352
          ],
          [
            204,
            353
          ]
        ]
      },
      "properties": {
        "source": 804,
        "target": 806,
        "length_pixels": 2,
        "kind": "road_segment"
      }
    },
    {
      "type": "Feature",
      "geometry": {
        "type": "LineString",
        "coordinates": [
          [
            204,
            352
          ],
          [
            205,
            353
          ]
        ]
      },
      "properties": {
        "source": 804,
        "target": 807,
        "length_pixels": 2,
        "kind": "road_segment"
      }
    },
    {
      "type": "Feature",
      "geometry": {
        "type": "LineString",
        "coordinates": [
          [
            205,
            353
          ],
          [
            205,
            352
          ]
        ]
      },
      "properties": {
        "source": 805,
        "target": 807,
        "length_pixels": 2,
        "kind": "road_segment"
      }
    },
    {
      "type": "Feature",
      "geometry": {
        "type": "LineString",
        "coordinates": [
          [
            204,
            353
          ],
          [
            205,
            352
          ]
        ]
      },
      "properties": {
        "source": 805,
        "target": 806,
        "length_pixels": 2,
        "kind": "road_segment"
      }
    },
    {
      "type": "Feature",
      "geometry": {
        "type": "LineString",
        "coordinates": [
          [
            204,
            354
          ],
          [
            204,
            353
          ]
        ]
      },
      "properties": {
        "source": 806,
        "target": 808,
        "length_pixels": 2,
        "kind": "road_segment"
      }
    },
    {
      "type": "Feature",
      "geometry": {
        "type": "LineString",
        "coordinates": [
          [
            205,
            353
          ],
          [
            204,
            353
          ]
        ]
      },
      "properties": {
        "source": 806,
        "target": 807,
        "length_pixels": 2,
        "kind": "road_segment"
      }
    },
    {
      "type": "Feature",
      "geometry": {
        "type": "LineString",
        "coordinates": [
          [
            204,
            353
          ],
          [
            205,
            354
          ]
        ]
      },
      "properties": {
        "source": 806,
        "target": 809,
        "length_pixels": 2,
        "kind": "road_segment"
      }
    },
    {
      "type": "Feature",
      "geometry": {
        "type": "LineString",
        "coordinates": [
          [
            204,
            354
          ],
          [
            205,
            353
          ]
        ]
      },
      "properties": {
        "source": 807,
        "target": 808,
        "length_pixels": 2,
        "kind": "road_segment"
      }
    },
    {
      "type": "Feature",
      "geometry": {
        "type": "LineString",
        "coordinates": [
          [
            205,
            353
          ],
          [
            205,
            354
          ]
        ]
      },
      "properties": {
        "source": 807,
        "target": 809,
        "length_pixels": 2,
        "kind": "road_segment"
      }
    },
    {
      "type": "Feature",
      "geometry": {
        "type": "LineString",
        "coordinates": [
          [
            205,
            355
          ],
          [
            204,
            354
          ]
        ]
      },
      "properties": {
        "source": 808,
        "target": 811,
        "length_pixels": 2,
        "kind": "road_segment"
      }
    },
    {
      "type": "Feature",
      "geometry": {
        "type": "LineString",
        "coordinates": [
          [
            204,
            354
          ],
          [
            205,
            354
          ]
        ]
      },
      "properties": {
        "source": 808,
        "target": 809,
        "length_pixels": 2,
        "kind": "road_segment"
      }
    },
    {
      "type": "Feature",
      "geometry": {
        "type": "LineString",
        "coordinates": [
          [
            204,
            354
          ],
          [
            204,
            355
          ]
        ]
      },
      "properties": {
        "source": 808,
        "target": 810,
        "length_pixels": 2,
        "kind": "road_segment"
      }
    },
    {
      "type": "Feature",
      "geometry": {
        "type": "LineString",
        "coordinates": [
          [
            205,
            355
          ],
          [
            205,
            354
          ]
        ]
      },
      "properties": {
        "source": 809,
        "target": 811,
        "length_pixels": 2,
        "kind": "road_segment"
      }
    },
    {
      "type": "Feature",
      "geometry": {
        "type": "LineString",
        "coordinates": [
          [
            204,
            355
          ],
          [
            205,
            354
          ]
        ]
      },
      "properties": {
        "source": 809,
        "target": 810,
        "length_pixels": 2,
        "kind": "road_segment"
      }
    },
    {
      "type": "Feature",
      "geometry": {
        "type": "LineString",
        "coordinates": [
          [
            205,
            355
          ],
          [
            204,
            355
          ]
        ]
      },
      "properties": {
        "source": 810,
        "target": 811,
        "length_pixels": 2,
        "kind": "road_segment"
      }
    },
    {
      "type": "Feature",
      "geometry": {
        "type": "LineString",
        "coordinates": [
          [
            204,
            355
          ],
          [
            204,
            356
          ]
        ]
      },
      "properties": {
        "source": 810,
        "target": 812,
        "length_pixels": 2,
        "kind": "road_segment"
      }
    },
    {
      "type": "Feature",
      "geometry": {
        "type": "LineString",
        "coordinates": [
          [
            205,
            355
          ],
          [
            204,
            356
          ]
        ]
      },
      "properties": {
        "source": 811,
        "target": 812,
        "length_pixels": 2,
        "kind": "road_segment"
      }
    },
    {
      "type": "Feature",
      "geometry": {
        "type": "LineString",
        "coordinates": [
          [
            205,
            358
          ],
          [
            205,
            357
          ],
          [
            204,
            356
          ]
        ]
      },
      "properties": {
        "source": 812,
        "target": 813,
        "length_pixels": 3,
        "kind": "road_segment"
      }
    },
    {
      "type": "Feature",
      "geometry": {
        "type": "LineString",
        "coordinates": [
          [
            205,
            358
          ],
          [
            204,
            359
          ]
        ]
      },
      "properties": {
        "source": 813,
        "target": 814,
        "length_pixels": 2,
        "kind": "road_segment"
      }
    },
    {
      "type": "Feature",
      "geometry": {
        "type": "LineString",
        "coordinates": [
          [
            205,
            358
          ],
          [
            205,
            359
          ]
        ]
      },
      "properties": {
        "source": 813,
        "target": 815,
        "length_pixels": 2,
        "kind": "road_segment"
      }
    },
    {
      "type": "Feature",
      "geometry": {
        "type": "LineString",
        "coordinates": [
          [
            205,
            359
          ],
          [
            205,
            360
          ],
          [
            204,
            359
          ]
        ]
      },
      "properties": {
        "source": 814,
        "target": 815,
        "length_pixels": 3,
        "kind": "road_segment"
      }
    },
    {
      "type": "Feature",
      "geometry": {
        "type": "LineString",
        "coordinates": [
          [
            202,
            362
          ],
          [
            203,
            361
          ]
        ]
      },
      "properties": {
        "source": 816,
        "target": 817,
        "length_pixels": 2,
        "kind": "road_segment"
      }
    },
    {
      "type": "Feature",
      "geometry": {
        "type": "LineString",
        "coordinates": [
          [
            207,
            362
          ],
          [
            208,
            363
          ]
        ]
      },
      "properties": {
        "source": 818,
        "target": 819,
        "length_pixels": 2,
        "kind": "road_segment"
      }
    }
  ]
}